PROJETO;TITULO;MUNICIPIO;ENCARREGADO;PSTP;OBS;RESUMO;STATUS;CONCRETO;PST EXEC;CAVR;LV;RESUMO LV;Nº PES;DT DESL;DESLIG;% POSTES;% CAVAS;CLIENT.;PLANO;CRITERIO;AVANÇO;CART;V. PROJETO;SUPERVISOR;AR;PV. INÍCIO;PV. FIM;DT. SEPARAÇÃO;RESERVA;ENERGIZAÇÃO;SACADO;PRÉ FECHAMENTO;AS BUILT;DIAS;DEVOLUÇAO;DIAS.1;BOOK;DIAS.2;VISITA PRÉVIA;REFERÊNCIA;LAT;LONG;COORDENADAS;LINK PROJETO;PG'S;LATITUDE;LONGITUDE;COORD;Carteira;PROJETO_FATO;STATUS_AUDITORIA;MOTIVO_DESCARTE
B-1201683;ER-SEIN-POV-SANTO ANTONIO-SANTO ANTONIO;JAGUARARI;OSMAR;94;ELO 0,5H 536778;LV + ENERGZ + BT;;57;20;48 FURADAS;;N3/4;LV-6538 EN 24717   BT 24724;;É POSSIVEL;;;9;PLANO 7;GOVERNO;100%;jan./1;R$ 802.766,79;ADRIANO;;02/02/2026;27/02/2026;03/02/2026;;;;TRUE;;Nao concluida;FALSE;Nao concluida;;Nao concluida;;B971287;-10,027566;-40,051352;-10,027566, -40,051352;https://drive.google.com/file/d/1ypo2v-XF7HyvPiCu55oHvcALYKtBnRxg/view;E936903 – E936995;;;SENHOR DO BONFIM;2026-02-01;1201683;Consolidado;N/A
B-1203968;RR-CIND-FAZ-JOAO GOMES-RURAL;CAMPO FORMOSO;ADAO;91;ENERGIZADA;LV+ ENERGZ;Energizada;90;0;91;;;24167 EN;;;;;;PLANO 7;QLP;100%;fev./1;R$ 663.368,59;EDLECIO;;02/02/2026;27/02/2026;;;28/02/2026;TRUE;TRUE;;23;FALSE;23;TRUE;OK;FALSE;;-10,1347086;-40,4111479;-10,1347086, -40,4111479;https://drive.google.com/file/d/1KSc6z13NMyr7n5wp1d1gb9M5gAB4qBLi/view?usp=drive_link;E936669 – E936737;;;SENHOR DO BONFIM;2026-02-01;1203968;Consolidado;N/A
B-0983966;ER-CCOL-POV ARARAS-RURAL;CAMPO FORMOSO;;87;COLOCAR COMO AVANÇO;LV + ENERGZ;Paralisada;0;;;;N3/4;;;É POSSIVEL;;;8;PLANO 14;QLP;100%;jan./1;R$ 405.345,63;EDLECIO;;23/02/2026;31/03/2026;;;;;TRUE;;Nao concluida;FALSE;Nao concluida;;Nao concluida;;B139343;-10,143847;-40,5343069;-10,143847, -40,5343069;https://drive.google.com/file/d/11KlXf3ohk262ltz0mSsMGoXngFhBwc47/view;E936817 – E936895;;;SENHOR DO BONFIM;2026-02-01;0983966;Consolidado;N/A
B-1043420;MP-CCOL-POV. VARZINHA RURAL;ITIUBA;GESONI;79;FALTA CABO 4 2202040;LV + ENERGZ;;77;76;53 FURADAS (26 DETONADAS);;N3/4;LV-5724  EN 24223;;É POSSIVEL;;;7;PLANO 14;INSTITUCIONAL;50%;jan./1;R$ 802.121,47;GABRIEL;;23/02/2026;31/03/2026;02/02/2026;;;TRUE;TRUE;;Nao concluida;FALSE;Nao concluida;;Nao concluida;;D249046;-10,9296104;-39,7060011;-10,9296104, -39,7060011;https://drive.google.com/file/d/1iVWNsZQ0Vj0cs6UliI2EDHEfyZb44H_g/view?usp=drive_link;E936738 – E936816;;;SENHOR DO BONFIM;2026-02-01;1043420;Consolidado;N/A
B-1213374;RI-SEIN-RUA-PINDOBACU-CENTRO;PINDOBAÇU;REGINALDO;61;FALTA  2212022 3x35 XLPE, 2202040 CABO 4;DESL + BT + ENERGZ;;57;62;61;;;20353(D) 23147 EN     23149 BT;27/02/2026;PENDENTE ANALISE //  (1 SUBS E 2 POSTE);;;0;PLANO 7;GOVERNO;100%;jan./1;R$ 448.030,10;ADRIANO;;02/02/2026;20/02/2026;;;;TRUE;TRUE;;Nao concluida;FALSE;Nao concluida;;Nao concluida;;Q037089;-10,6682725;-40,3236711;-10,6682725, -40,3236711;https://drive.google.com/file/d/1Utd2yOlswUx804w_pQErmAIBoci3PLBW/view;E936609 – E936668;;;SENHOR DO BONFIM;2026-02-01;1213374;Consolidado;N/A
B-0984471;MP-CCOL-POV ARARAS-RURAL;CAMPO FORMOSO;ADAO;51;FALTA ELO 0,5H 536778;LV + ENERGZ;;51;2;39 FURADAS;;N3/4;LV-6619    24172 EN;;É POSSIVEL;;;6;PLANO 14;AIC AUDITORIA;100%;jan./1;R$ 248.561,08;EDLECIO;;02/02/2026;27/02/2026;;;;TRUE;TRUE;;Nao concluida;FALSE;Nao concluida;FALSE;Nao concluida;;B139231;-10,1154277;-40,4850514;-10,1154277, -40,4850514;https://drive.google.com/file/d/1yFKO37daW2DuXEErbro-rEfuw7VKp6kj/view;E936559 – E936608;;;SENHOR DO BONFIM;2026-02-01;0984471;Consolidado;N/A
B-1213480;IP-SEIN-RUA-ITAPICURU-RURAL;PINDOBAÇU;REGINALDO;39;FALTA 3431760 LAÇO 35, CABO 2230076 3X35(35),536779 - ELO  1H,CONECT ESTRIBO 2403000;DESL + LV + BT + ENERGZ;;42;34;39;;1 N1;2813 EN LV-6517 / 18242 (D) 24730 BT;19/02/2026;DESATIVAR VÃO;;;0;PLANO 7;GOVERNO;100%;jan./1;R$ 314.397,05;ADRIANO;;16/02/2026;27/02/2026;04/02/2026;;;FALSE;TRUE;;Nao concluida;FALSE;Nao concluida;;Nao concluida;;Q056995;-10,7993508;-40,380492;-10,7993508, -40,380492;https://drive.google.com/file/d/1_rT7MYpbbS2UoT4wakh3zwp-KwuKqbLt/view?usp=drive_link;E936521 – E936558;;;SENHOR DO BONFIM;2026-02-01;1213480;Consolidado;N/A
B-0603860;MP-CCOL-POV. MANDI COMPL-RURAL;ANDORINHA;ALDAIR;38;FALTA TRAFO 4 2-10 211304, FALTA ELO 0,5H 536778, CONECT ESTRIBO 2403000;LV + ENERGZ + BT;;40;41;40;;;2891 EN       2892 BT;;;;;5;PLANO 14;AIC AUDITORIA;100%;jan./1;R$ 145.038,21;GABRIEL;;02/02/2026;18/02/2026;;;;TRUE;TRUE;;Nao concluida;FALSE;Nao concluida;;Nao concluida;;D040108;-10,2372809;-39,7605516;-10,2372809, -39,7605516;https://drive.google.com/file/d/17avaG8zEW6an6JTBzSPHMhWlnw158saO/view;E936484 – E936520;;;SENHOR DO BONFIM;2026-02-01;0603860;Consolidado;N/A
B-1157179;IT GRUA AG CANDIDO FONSECA RURAL;SENHOR DO BONFIM;;36;Paralisada;DESL + LV;Paralisada;3;22;;;;;;MELHORAMENTO;;;1;PLANO 7;GRUPO A;100%;jan./1;R$ 455.995,37;;;;;;;;;TRUE;;Nao concluida;FALSE;Nao concluida;;Nao concluida;;;;;;https://drive.google.com/file/d/1nZP2Q6clxLAi_G9FpR2MdqvbdUJSXpbr/view;E936449 – E936483;;;SENHOR DO BONFIM;2026-02-01;1157179;Consolidado;N/A
B-0570402;MP-CIND-FAZ MULAMBA-TANQUINHO-RURAL;JAGUARARI;JEFFERSON;35;FALTA CABO 4 2202040, 3430547 ALÇA 25, ELO 0,5H 536778;LV + ENERGZ;;35;31;35;;1 N1-3;22452 LV EN 24314;;É POSSIVEL;;;1;PLANO 14;GOVERNO;100%;fev./1;R$ 137.134,64;ADRIANO;;16/02/2026;27/02/2026;16/02/2026;;;;TRUE;;Nao concluida;FALSE;Nao concluida;;Nao concluida;;D686168;-10,0598907;-40,2563495;-10,0598907, -40,2563495;https://drive.google.com/file/d/1XwD7J2s9T0MUwQmz_r-J5Q82iHlVpkPJ/view;E939107 -  E939142;;;SENHOR DO BONFIM;2026-02-01;0570402;Consolidado;N/A
B-1193455;RR-CIND-POV-TOCAS-RURAL;MONTE SANTO;ALDAIR;33;FALTA CABO 4 2202040, Adicionar 2 poste 11600 AN1;LV + ENERGZ;;35;14;26 FURADAS;;N3;22178 LV   24283 EN;;NÃO E POSSIVEL;;;5;PLANO 14;QLP;100%;fev./1;R$ 341.230,88;GABRIEL;;16/02/2026;27/02/2026;16/02/2026;;;;TRUE;;Nao concluida;FALSE;Nao concluida;FALSE;Nao concluida;;D020576;-10,4476125;-39,5672436;-10,4476125, -39,5672436;https://drive.google.com/file/d/1-GHqX6N1FHBYQW6Mql1Qg7O-SRNvNzMF/view;E939143 -  E939175;;;SENHOR DO BONFIM;2026-02-01;1193455;Consolidado;N/A
B-1223889;ER-CIND-POV-LAGOA DAS MO AS- PONTO NOVO;QUEIMADAS;ANAILTON;33;FALTA TRAFO 2-10 211304, FALTA ELO 0,5H 536778, 3430547 ALÇA 25 , CONECT ESTRIBO 2403000;LV + ENERGZ;;32;29;33;;1 N1-3;2886 EN LV-5584;;É POSSIVEL;;;2;PLANO 7;QLP;100%;jan./1;R$ 301.753,13;GABRIEL;;02/02/2026;27/02/2026;;;;TRUE;TRUE;;Nao concluida;FALSE;Nao concluida;;Nao concluida;;D918621;-10,9948355;-39,5379872;-10,9948355, -39,5379872;https://drive.google.com/file/d/1QagrSAAiJWunSk947lAJ6e3ElyJ3AtEn/view?usp=drive_link;E936384 – E936416;;;SENHOR DO BONFIM;2026-02-01;1223889;Consolidado;N/A
B-1213741;RR-SEIN-RUA-PINDOBACU-CENTRO;PINDOBAÇU;JOSE ROBERTO;33;ENERGIZADA;DESL + LV + BT + ENERGZ;Energizada;35;0;33;;N1 C/ TRF;23153 EN / LV-5674 14752(D) LV-20421 23157 BT;13/02/2026;SUBS CABO;;;0;PLANO 7;GOVERNO;100%;jan./1;R$ 239.084,55;ADRIANO;;02/02/2026;20/02/2026;24/02/2026;;19/02/2026;TRUE;TRUE;TRUE;OK;TRUE;OK;TRUE;OK;;Q036262;-10,6216199;-40,2905741;-10,6216199, -40,2905741;https://drive.google.com/file/d/1OUrliukqqrj_sKOeh_P-TgwvPeYk6S3J/view;E936417 – E936448;;;SENHOR DO BONFIM;2026-02-01;1213741;Consolidado;N/A
B-1214280;ER-CIND-POV-ALECRIM PEDRAS ALTAS-RURAL;QUEIMADAS;MARCELO;31;FALTA CABO 4 2202040, 3430547 ALÇA 25, ELO 0,5H 536778;LV + ENERGZ;;30;0;0;;N3/4;LV-1169 EN 24226;;É POSSIVEL;;;1;PLANO 7;QLP;50%;jan./1;R$ 211.050,93;GABRIEL;;16/02/2026;31/03/2026;;;;TRUE;TRUE;;Nao concluida;FALSE;Nao concluida;;Nao concluida;;D085909;-11,1013139;-39,8757613;-11,1013139, -39,8757613;https://drive.google.com/file/d/1NK9tsMR-2pkOtRS7SOoKtYo5jmg8xiYa/view;E936353 – E936383;;;SENHOR DO BONFIM;2026-02-01;1214280;Consolidado;N/A
B-1193733;MP-CIND-POV-VARZEA-RURAL;CAMPO FORMOSO;ISRAEL;29;FALTA CABO 4 2202040, 3430547 ALÇA 25;LV + ENERGZ;;29;0;16 FURADAS(2 DETONADAS);;SUB PST N4-3;22083 LV EN 24308;;É POSSIVEL;;;2;PLANO 14;QLP;100%;fev./1;R$ 234.605,22;EDLECIO;;16/02/2026;27/02/2026;09/02/2026;;;;TRUE;;Nao concluida;FALSE;Nao concluida;;Nao concluida;;D176735;-10,2004073;-40,3397152;-10,2004073, -40,3397152;https://drive.google.com/file/d/1rwrdEiCFEP4vHfYWJMi4CQBA42nNjUEW/view;E939176 -  E939205;;;SENHOR DO BONFIM;2026-02-01;1193733;Consolidado;N/A
B-1022962;RR-CCOL-FAZ-BOA VISTA-RURAL;QUEIMADAS;;28;;DESL;Paralisada;19;;;;;LV-1138     24256 EN;;N3 P/ N4;;;0;PLANO 14;INSTITUCIONAL;100%;jan./1;R$ 115.177,33;GABRIEL;;02/02/2026;27/02/2026;;;;TRUE;TRUE;;Nao concluida;FALSE;Nao concluida;;Nao concluida;;D755470;-11,1366409;-39,7243466;-11,1366409, -39,7243466;https://drive.google.com/file/d/1iYz87MMRvru0zsqQrykoZ7K8AJ4IPix8/view;E936270 – E936296;;;SENHOR DO BONFIM;2026-02-01;1022962;Consolidado;N/A
B-1067126;IS-COEL-PR -COMERCIO-ANDORINHA;ANDORINHA;ALDAIR;27;ENERGIZADA;DESL + LV;Energizada;18;0;27;;;;08/02/2026;SUBS 9 PSTP E 9 VAOS MT;;;0;PLANO 8;JUDICIAL;100%;jan./1;R$ 351.525,00;GABRIEL;;02/02/2026;22/02/2026;24/02/2026;;14/02/2026;TRUE;TRUE;TRUE;OK;TRUE;OK;TRUE;OK;;Q109712;-10,5021538;-39,4067176;-10,5021538, -39,4067176;https://drive.google.com/file/d/1zL042QxT5snV06b_oVubU9G6zFUdXZ4G/view;E936243 – E936269;;;SENHOR DO BONFIM;2026-02-01;1067126;Consolidado;N/A
B-1221916;UB-CIND-RUA-DO MORRINHO-CENTRO;JAGUARARI;JEFFERSON;26;ENERGIZADA;DESL + LV;Energizada;25;0;26;;;;;;;;;PLANO 7;QLP;100%;fev./1;R$ 165.426,67;ADRIANO;;02/02/2026;20/02/2026;02/02/2026;;07/02/2026;TRUE;TRUE;TRUE;OK;TRUE;OK;TRUE;OK;FALSE;;-9,8904815;-39,9658245;-9,8904815, -39,9658245;https://drive.google.com/file/d/1n_xffADCT16pqNHvte3HZBQd3Rc1Hrom/view;E939254 -  E939272;;;SENHOR DO BONFIM;2026-02-01;1221916;Consolidado;N/A
B-1202248;RR-CIND-FAZ-CALDEIRÃO COBERTO-RURAL;NORDESTINA;ANAILTON;23;FALTA ELO 0,5H 536778, 3430547 ALÇA 25;LV + ENERGZ;;23;3;23;;1 N4-3;22372 LV       24289 EN;;É POSSIVEL;;;2;PLANO 14;QLP;100%;fev./1;R$ 169.109,47;GABRIEL;;23/02/2026;27/02/2026;16/02/2026;;;;TRUE;;Nao concluida;FALSE;Nao concluida;;Nao concluida;;B344153;-10,8812609;-39,4129843;-10,8812609, -39,4129843;https://drive.google.com/file/d/1RDSayDf0L0uEGVXke8ZpF0OMRFzu7b9s/view;E939230 -  E939253;;;SENHOR DO BONFIM;2026-02-01;1202248;Consolidado;N/A
B-1131090;MP-CCOL-POV.FOVEIRA-RURAL;MONTE SANTO;MARCELO;23;FALTA ELO 0,5H 536778, 3430547 ALÇA 25, CONECT ESTRIBO 2403000;LV + ENERGZ;;20;22;23;;1 N4-3;22397 LV  24298 EN;;É POSSIVEL;;;7;PLANO 14;INSTITUCIONAL;100%;fev./1;R$ 226.735,22;GABRIEL;;16/02/2026;27/02/2026;16/02/2026;;;;TRUE;;Nao concluida;FALSE;Nao concluida;;Nao concluida;;D366131;-10,3581384;-39,353502;-10,3581384, -39,353502;https://drive.google.com/file/d/1HNbpFNOl89ROnj9-HG9cd6ak8Z778wer/view;E939206 -  E939229;;;SENHOR DO BONFIM;2026-02-01;1131090;Consolidado;N/A
B-1152989;MP-CIND-FAZ-RIACHO FUNDO-RURAL;MONTE SANTO;MARCELO;20;FALTA ELO 0,5H 536778, FALTA CABO 4 2202040, 3430547 ALÇA 25;LV + ENERGZ;;18;0;1;;N3/4;22438 LV  24298 EN;;É POSSIVEL;;;2;PLANO 14;AIC AUDITORIA;50%;fev./1;R$ 212.049,17;GABRIEL;;16/02/2026;27/02/2026;16/02/2026;;;;TRUE;;Nao concluida;FALSE;Nao concluida;;Nao concluida;;D575044;-10,3779791;-39,2275343;-10,3779791, -39,2275343;https://drive.google.com/file/d/1NkC7jgPMGj5FLxrOHtp0Z0v0sL74y0CP/view;E959940 - E959959;;;SENHOR DO BONFIM;2026-02-01;1152989;Consolidado;N/A
B-1187904;ER-CIND-POV-VARZEA QUEIMADA-3;FILADÉLFIA;REGINALDO;19;FALTA CABO 4 2202040, 3430547 ALÇA 25, ELO 0,5H 536778, CONECT ESTRIBO 2403000;LV + ENERGZ;;10;18;19;;N3/4;22458 LV  24315 EN;;É POSSIVEL;;;3;PLANO 14;QLP;100%;fev./1;R$ 162.733,98;ADRIANO;;23/02/2026;27/02/2026;17/02/2026;;;;TRUE;;Nao concluida;FALSE;Nao concluida;;Nao concluida;;D406736;-10,7862048;-40,1412658;-10,7862048, -40,1412658;https://drive.google.com/file/d/1rgx9pjVyYe46mIjz6dZ2ILtjVUtJuKZm/view;E959960 - E959977;;;SENHOR DO BONFIM;2026-02-01;1187904;Consolidado;N/A
B-1167474;RR-CIND-FAZ-CAMPINAS-CAMPINHOS;CAMPO FORMOSO;JOSE ROBERTO;17;Mudar desligamento - Passar BT;DESL + LV;;18;;0;;4 PSTP;18464 (D);24/02/2026;ADF EM 7 VAO E SUB 2 PST;;;1;PLANO 7;QLP;100%;fev./1;R$ 189.770,94;EDLECIO;;23/02/2026;27/02/2026;17/02/2026;;;;;;Nao concluida;FALSE;Nao concluida;;Nao concluida;;Q061738;-10,5358836;-40,431366;-10,5358836, -40,431366;https://drive.google.com/file/d/18oVi-DfmD6yB6glOozlZxRy4vekT_I0a/view?usp=drive_link;E959978 - E959995;;;SENHOR DO BONFIM;2026-02-01;1167474;Consolidado;N/A
B-1069756;MP-CCOL-POV-ARARAS-RURAL;CAMPO FORMOSO;ADAO;15;"FALTA CABO 4 2202040; Realizar 1 Poda";LV + ENERGZ;;15;;PENDENTE FURAR;;1 N4-3;22318 LV  24708 EN;;NÃO E POSSIVEL;;;2;PLANO 14;SUBSÍDIO DE DEFESA;100%;fev./1;R$ 123.275,29;EDLECIO;;16/02/2026;27/02/2026;16/02/2026;;;;TRUE;;Nao concluida;FALSE;Nao concluida;FALSE;Nao concluida;;B139659;-9,9794725;-40,4737873;-9,9794725, -40,4737873;https://drive.google.com/file/d/1lKoZ9hXiXWtVUPJtOMn8mJHpthkfu0R6/view?usp=drive_link;E959996 - E960010;;;SENHOR DO BONFIM;2026-02-01;1069756;Consolidado;N/A
B-1242603;ER-CIND-POV-MATINHA-RURAL;ITIUBA;ANAILTON;14;ENERGIZADA;LV + ENERGZ;Energizada;14;0;14;;;1451 EN LV-5569;;;;#VALUE!;1;PLANO 14;REPUTACIONAL;100%;jan./1;R$ 70.498,88;GABRIEL;;02/02/2026;13/02/2026;12/01/2026;;07/02/2026;TRUE;TRUE;TRUE;OK;TRUE;OK;TRUE;OK;;Q093542;-10,6510182;-39,8157491;-10,6510182, -39,8157491;https://drive.google.com/file/d/1k-8OJ2oSQ7CGQLWvAN5QdgOl8p4gJWlp/view;E960011 - E960025;;;SENHOR DO BONFIM;2026-02-01;1242603;Consolidado;N/A
B-0734547;MP-CCOL-POV ATALHO 44444 - RURAL;CAMPO FORMOSO;ISRAEL;14;FALTA TRAFO 2 2-10 211304, FALTA ELO 0,5H 536778, CONECT ESTRIBO 2403000;LV + ENERGZ;;13;;0;;N1-3;5346 EN LV-6480;;NÃO E POSSIVEL;;;3;PLANO 14;REPUTACIONAL;100%;jan./1;R$ 69.829,38;EDLECIO;;16/02/2026;27/02/2026;;;;TRUE;TRUE;;Nao concluida;FALSE;Nao concluida;;Nao concluida;;Q025022;-10,1273956;-40,732631;-10,1273956, -40,732631;https://drive.google.com/file/d/18UJcbZbswKDWyPqqCjc-0SFHTwe3YsNK/view;E875570 – E875583;;;SENHOR DO BONFIM;2026-02-01;0734547;Consolidado;N/A
B-1151663;AC - CIND FAZ LAGINHA - RURAL;CANSANÇÃO;ANAILTON;13;FALTA TRAFO 1 2-10 211304, FALTA ELO 0,5H 536778, CONECT ESTRIBO 2403000;LV + ENERGZ;;13;12;12 FURADAS (8 DETONADAS);;1 N4-3;20320 EN  // 21888 LV;;É POSSIVEL;;;1;PLANO 7;RECLAMAÇÃO;100%;fev./1;R$ 150.213,08;GABRIEL;;16/02/2026;27/02/2026;02/02/2026;;;;TRUE;;Nao concluida;FALSE;Nao concluida;;Nao concluida;;D353699;-10,6493745;-39,4713057;-10,6493745, -39,4713057;https://drive.google.com/file/d/1NP88ud6-o_lCx7-f529poCzFniA5kP0y/view;E960026 - E960039;;;SENHOR DO BONFIM;2026-02-01;1151663;Consolidado;N/A
B-1211865;UB-CIND-RUA-DO CONTORNO-URBANA;FILADÉLFIA;REGINALDO;12;CONECT ESTRIBO 2403000, 536781 - ELO  3H FALTA;DESL + LV + ENERGZ;;12;10;12;;1 N4-3;18805 DESL 1 25/02 / 18844 DESL 2 26/02/ 20313 EN  // 21863 LV;25/02/2026;SUB 3 PST BT E 3 VAO BT;;;1;PLANO 7;QLP;100%;fev./1;R$ 127.045,72;ADRIANO;;23/02/2026;27/02/2026;17/02/2026;;;;TRUE;;Nao concluida;FALSE;Nao concluida;;Nao concluida;;Q054990;-10,7233948;-40,1238703;-10,7233948, -40,1238703;https://drive.google.com/file/d/1fKKTHr7zmkGUR_rRv03vi7BqDLyMTHlj/view;E960040 - E960051;;;SENHOR DO BONFIM;2026-02-01;1211865;Consolidado;N/A
B-1084618;LD CIND FAZ SANTA RITA RURAL;CAMPO FORMOSO;;11;;DESL + LV;Cancelada;0;0;;;SUB PST N1-3;;;RELOC TRAFO;;;1;PLANO 7;QLP;100%;fev./1;R$ 56.320,08;EDLECIO;;23/02/2026;27/02/2026;;;;;TRUE;;Nao concluida;FALSE;Nao concluida;;Nao concluida;;D568744;-10,5205239;-40,4334179;-10,5205239, -40,4334179;https://drive.google.com/file/d/16rqNbd9Rmz3ILUYnfMcNw28rRbMmcug4/view;E960064 - E960074;;;SENHOR DO BONFIM;2026-02-01;1084618;Descartado;Status Excluído (STATUS)
B-1228884;ER-CIND-POV-CARRAPATO 10000-RURAL;ITIUBA;;11;;LV + ENERGZ;Cancelada;0;0;;;1 N1-3;;;NÃO E POSSIVEL;;;1;PLANO 7;QLP;100%;fev./1;R$ 98.955,17;GABRIEL;;16/02/2026;20/02/2026;;;;;TRUE;;Nao concluida;FALSE;Nao concluida;;Nao concluida;;D003951;-10,7088911;-40,0005639;-10,7088911, -40,0005639;https://drive.google.com/file/d/1iFTbWZQUBju6QnYdS9iSKsfYRlOa8U-4/view;E960075 - E960087;;;SENHOR DO BONFIM;2026-02-01;1228884;Descartado;Status Excluído (STATUS)
B-1214688;ER-CIND-POV-BAIXAO-RURAL;CAMPO FORMOSO;ISRAEL;11;ENERGIZADA;LV + ENERGZ+ BT;Energizada;9;0;11;;N3/4;20301 BT / 20306 EN  // 22097  LV;;É POSSIVEL;;;2;PLANO 7;QLP;100%;fev./1;R$ 82.213,77;EDLECIO;;16/02/2026;20/02/2026;09/02/2026;;19/02/2026;TRUE;TRUE;TRUE;OK;TRUE;OK;TRUE;OK;;D220968;-10,4960847;-40,5590754;-10,4960847, -40,5590754;https://drive.google.com/file/d/1tDt36s4o1AjcyEiCPgKBw7o65hg5PqA1/view;E960052 - E960063;;;SENHOR DO BONFIM;2026-02-01;1214688;Consolidado;N/A
B-1212991;ER-CIND-FAZ-INGAS-RURAL;PINDOBAÇU;;11;;DESL;Cancelada;0;0;;;;;;SUB 1 PSTP;;;1;PLANO 7;QLP;100%;fev./1;R$ 56.320,08;ADRIANO;;23/02/2026;27/02/2026;;;;;TRUE;;Nao concluida;FALSE;Nao concluida;;Nao concluida;;Q037064;-10,7074447;-40,3481493;-10,7074447, -40,3481493;https://drive.google.com/file/d/1DnGZznXOe5TTdomGmQCAPf69qZEVXucP/view;E960088 - E960099;;;SENHOR DO BONFIM;2026-02-01;1212991;Descartado;Status Excluído (STATUS)
B-1227353;UB-CIND-RUA-DA LINHA-CENTRO;PINDOBAÇU;EDSON;10;ENERGIZADA;BT;Energizada;10;0;10;;;20291 BT;;;;;2;PLANO 7;QLP;100%;fev./1;R$ 57.648,84;ADRIANO;;16/02/2026;20/02/2026;10/02/2026;;13/02/2026;TRUE;TRUE;TRUE;OK;TRUE;OK;TRUE;OK;;D700793;-10,7386008;-40,3653318;-10,7386008, -40,3653318;https://drive.google.com/file/d/1fE37TEn7LTroZrLQ_ZOHLnmWE5TLiUQL/view;E960100 - E960109;;;SENHOR DO BONFIM;2026-02-01;1227353;Consolidado;N/A
B-1227539;UB-CIND-AV-JOSE CORGOSINHO CF-CENTRO;ANDORINHA;ALDAIR;9;FALTA TRAFO 3-75 211446, ELO 5H 536783, 3X70 2230084, LAÇO 50 3431560, ALÇA 50 3430545;DESL + LV;;9;0;3 DETONADAS;;1 CH;LV-20433 DESL 18972;26/02/2026;PENDENTE ANALISE // ADF EM 10 VAOS;;;1;PLANO 7;GOVERNO;100%;fev./1;R$ 136.460,34;GABRIEL;;23/02/2026;27/02/2026;02/02/2026;;;;TRUE;;Nao concluida;FALSE;Nao concluida;;Nao concluida;;Q090993;-10,3481841;-39,837421;-10,3481841, -39,837421;https://drive.google.com/file/d/1mMTZHBWWP6ifq6NVBJWxSpd7hz7Orbnq/view;E960119 - E960128;;;SENHOR DO BONFIM;2026-02-01;1227539;Consolidado;N/A
B-1202352;AC-CIND-REG.FV POV-ABREU DO PACAUI-RURAL;CAMPO FORMOSO;;8;DEPENDE DE B-1202349(MÊS 4);LV + ENERGZ;Paralisada;0;;;;N3;;;É POSSIVEL;;;2;PLANO 7;QLP;100%;fev./1;R$ 74.873,29;EDLECIO;;;;;;;;;;Nao concluida;FALSE;Nao concluida;;Nao concluida;;;;;;https://drive.google.com/file/d/1F7J-k9-YdAx-2HhKYPvCgQ_C6iDa8TZR/view;E960129 - E960140;;;SENHOR DO BONFIM;2026-02-01;1202352;Consolidado;N/A
B-1163365;ER-CIND-POV-ASSENT OURICURI-TORTO;ITIUBA;GESONI;8;ENERGIZADA;BT;Energizada;9;0;8;;;20287 BT;;;;;1;PLANO 14;INSTITUCIONAL;100%;fev./1;R$ 82.059,10;GABRIEL;;09/02/2026;13/02/2026;09/02/2026;;19/02/2026;TRUE;TRUE;TRUE;OK;TRUE;OK;TRUE;OK;;E609308;-10,7657576;-39,9183235;-10,7657576 , -39,9183235;https://drive.google.com/file/d/1Lx_imHFtSFLRFXNQeFDne3yJCB3X9X5B/view;E960141 - E960149;;;SENHOR DO BONFIM;2026-02-01;1163365;Consolidado;N/A
B-1220217;ER-CIND-POV-PASSAGEM VELHA 14-RURAL;SENHOR DO BONFIM;JOILSON;6;ENERGIZADA;BT;Energizada;6;0;6;;;;;;;;2;PLANO 7;INSTITUCIONAL;100%;fev./1;R$ 31.227,54;ADRIANO;;02/02/2026;13/02/2026;04/02/2026;;04/02/2026;TRUE;TRUE;TRUE;OK;TRUE;OK;TRUE;OK;;E524673;-10,51257675;-40,16281708;-10,51257675,-40,16281708;https://drive.google.com/file/d/15m4WocAEXJEMF4dYIlvVMkFgbTAMTRty/view;E960150 - E960155;;;SENHOR DO BONFIM;2026-02-01;1220217;Consolidado;N/A
B-1231272;ER-CIND-FAZ-MORRO REDONDO-RURAL M REDOND;ANDORINHA;;5;;DESL;Paralisada;5;0;;;;14749(D);;SUBS TRF;;;1;PLANO 7;OBRAS ÁGEIS;100%;fev./1;R$ 35.107,74;GABRIEL;;12/02/2026;20/02/2026;02/02/2026;;;TRUE;TRUE;;Nao concluida;FALSE;Nao concluida;;Nao concluida;;D237071;-10,4644564;-39,8919356;-10,4644564, -39,8919356;https://drive.google.com/file/d/1ohRT7YL_jhrPLTce_SB6oHPu0Fhnb4-2/view?usp=drive_link;E960156 - E960160;;;SENHOR DO BONFIM;2026-02-01;1231272;Consolidado;N/A
B-1211882;LD-CCOL-POV. ROMULO CAMPOS-RURAL;ITIUBA;;5;;LV + ENERGZ;Cancelada;0;0;;;1 N1-3;;;NÃO E POSSIVEL;;;1;PLANO 7;QLP;100%;fev./1;R$ 56.320,08;GABRIEL;;16/02/2026;20/02/2026;;;;;TRUE;;Nao concluida;FALSE;Nao concluida;;Nao concluida;;Q089014;-10,6656649;-39,7442263;-10,6656649, -39,7442263;https://drive.google.com/file/d/1ZlShfdqHg53i_6yF_pkdkV7fC8rqInra/view;E960161 - E960165;;;SENHOR DO BONFIM;2026-02-01;1211882;Descartado;Status Excluído (STATUS)
B-1229382;RC-PREF-RUA-PONTE NOVA-CENTRO;QUEIMADAS;MARCELO;5;FALTA CABO 4 2202040, 3430547 ALÇA 25, ELO 0,5H 536778;DESL + LV;;0;4;5;;1 N4;22221 (D);28/02/2026;SUBS 2 VAOS MT;;;1;PLANO 8;QLP;100%;fev./1;R$ 56.320,08;GABRIEL;;23/02/2026;27/02/2026;02/02/2026;;;;TRUE;;Nao concluida;FALSE;Nao concluida;;Nao concluida;;Q104198;-10,966255;-39,6266983;-10,966255, -39,6266983;https://drive.google.com/file/d/1LCuK2VNEOWAEaBD78IbXkHPp9RxnLk5F/view;E960166 - E960170;;;SENHOR DO BONFIM;2026-02-01;1229382;Consolidado;N/A
B-1235222;UB-CIND-RUA-SALVADOR-NOVO PILAR;JAGUARARI;OSMAR;4;ENERGIZADA;BT;Energizada;0;0;4;;;19546 BT;;;;;1;PLANO 7;OBRAS ÁGEIS;100%;fev./1;R$ 26.255,62;ADRIANO;;03/02/2026;06/02/2026;03/02/2026;;12/02/2026;TRUE;TRUE;TRUE;OK;TRUE;OK;TRUE;OK;;E383460;-9,8867443;-39,9750279;-9,8867443, -39,9750279;https://drive.google.com/file/d/15I_KjRDGKtSZJxg5POltd4Vsl7Q1pFqM/view?usp=drive_link;E960171 - E960175;;;SENHOR DO BONFIM;2026-02-01;1235222;Consolidado;N/A
B-1238247;ER-CIND-FAZ-ITAPICURU-RURAL-ITAPICURU;PINDOBAÇU;VITOR;4;ENERGIZADA;BT;Energizada;4;0;4;;;20280 BT;;;;;1;PLANO 7;OBRAS ÁGEIS;100%;fev./1;R$ 20.120,43;ADRIANO;;16/02/2026;20/02/2026;10/02/2026;;10/02/2026;TRUE;TRUE;TRUE;OK;TRUE;OK;TRUE;OK;;D920705;-10,7603437;-40,3735219;-10,7603437, -40,3735219;https://drive.google.com/file/d/1wLyG-E0eKtrD--9koEfA8nV7i9vI1ML-/view;E960176 - E960180;;;SENHOR DO BONFIM;2026-02-01;1238247;Consolidado;N/A
B-1218933;ER-CIND-POV-TAPERA-RURAL;MONTE SANTO;ANAILTON;3;ENERGIZADA;DESL;Energizada;3;0;3;;;18365 (D)     25370 BT;20/02/2026;1 PSPT BT;;;1;PLANO 7;OBRAS ÁGEIS;100%;fev./1;R$ 17.019,62;GABRIEL;;16/02/2026;20/02/2026;16/02/2026;;21/02/2026;TRUE;TRUE;TRUE;OK;TRUE;OK;TRUE;OK;;A269213;-10,4765066;-39,3455336;-10,4765066, -39,3455336;https://drive.google.com/file/d/15--7xfkm0ARDRypmDEonZN4SBy1I4MqI/view;E960193 - E960195;;;SENHOR DO BONFIM;2026-02-01;1218933;Consolidado;N/A
B-1227102;UB-CIND-RUA-ALTO DAS POPULARES 80-NORDES;NORDESTINA;ANAILTON;3;ENERGIZADA;BT;Energizada;1;0;3;;;19530 BT;;;;;0;PLANO 7;OBRAS ÁGEIS;100%;fev./1;R$ 20.406,94;GABRIEL;;16/02/2026;20/02/2026;02/02/2026;;10/02/2026;TRUE;TRUE;TRUE;OK;TRUE;OK;TRUE;OK;;Q101743;-10,8300414;-39,4323508;-10,8300414, -39,4323508;https://drive.google.com/file/d/14eE8IL6rnR8HN6jAoXzkuCLR6BVSiQiq/view;E960199 - E960201;;;SENHOR DO BONFIM;2026-02-01;1227102;Consolidado;N/A
B-1153560;RC-CIND-CJN-CALUNGA-RURAL;MONTE SANTO;ANTONIO;3;ENERGIZADA;DESL + LV;Energizada;3;0;0;;2 PSTP;DESL 19007   //  21868 LV;27/02/2026;SUBS 2 VAOS MT;;;0;PLANO 8;INSTITUCIONAL;100%;fev./1;R$ 35.948,81;GABRIEL;;23/02/2026;27/02/2026;16/02/2026;;27/02/2026;TRUE;TRUE;TRUE;OK;TRUE;OK;TRUE;OK;;D366345;-10,3720924;-39,2941562;-10,3720924, -39,2941562;https://drive.google.com/file/d/15I_KjRDGKtSZJxg5POltd4Vsl7Q1pFqM/view;E960196 - E960199;;;SENHOR DO BONFIM;2026-02-01;1153560;Consolidado;N/A
B-1219020;UB-CIND-RUA-NOVA-ALTO DA COLINA;MONTE SANTO;MARCELO;3;FALTA 3431760 LAÇO 35;BT;;3;3;2 (1 PENDENTE COMPRESSOR);;;19497 BT;;;;;1;PLANO 7;OBRAS ÁGEIS;100%;fev./1;R$ 17.237,92;GABRIEL;;09/02/2026;13/02/2026;16/02/2026;;;;TRUE;;Nao concluida;FALSE;Nao concluida;;Nao concluida;;E592238;-10,4283828;-39,3250001;-10,4283828,-39,3250001;https://drive.google.com/file/d/1P1_YjzmTpcYPiO9N_n6c7bb3TdLg5Dd1/view;E960190 - E960192;;;SENHOR DO BONFIM;2026-02-01;1219020;Consolidado;N/A
B-1239666;ER-CIND-RUA- JOEL ALVES-CENTRO;ITIUBA;GESONI;3;FALTA 3431760 LAÇO 35;BT;;3;0;3;;;20897 BT;;;;;1;PLANO 7;OBRAS ÁGEIS;100%;fev./1;R$ 14.020,77;GABRIEL;;23/02/2026;27/02/2026;09/02/2026;;;FALSE;TRUE;FALSE;Nao concluida;FALSE;Nao concluida;FALSE;Nao concluida;FALSE;Q067141;-10,6836694;-39,8588552;-10,6836694, -39,8588552;https://drive.google.com/file/d/1rrszZusLpMF8hjVoQJJFEiHNeGSeG3xy/view?usp=drive_link;E960227 - E960229;;;SENHOR DO BONFIM;2026-02-01;1239666;Consolidado;N/A
B-1232017;ER-CIND-LOT-JOSE SEVERO HOMEM-RURAL;ITIUBA;GESONI;3;ENERGIZADA;BT;Energizada;1;0;3;;;19520 BT;;;;;1;PLANO 7;OBRAS ÁGEIS;100%;fev./1;R$ 15.669,90;GABRIEL;;09/02/2026;13/02/2026;09/02/2026;;14/02/2026;TRUE;TRUE;TRUE;OK;TRUE;OK;TRUE;OK;;D512590;-10,6642587;-39,75363;-10,6642587, -39,75363;https://drive.google.com/file/d/1sHwwP4l5ZoiEr1oDAVoSPcbCeEBuZJD-/view;E960187 - E960189;;;SENHOR DO BONFIM;2026-02-01;1232017;Consolidado;N/A
B-1119843;ER-CIND-FAZ-TANQUINHO-RURAL;CAMPO FORMOSO;ISRAEL;3;ENERGIZADA;LV + BT;Energizada;3;0;3;;3 N1;19535 BT  // 22175 LV;;É POSSIVEL;;;1;PLANO 14;RECLAMAÇÃO;100%;fev./1;R$ 19.575,55;EDLECIO;;16/02/2026;20/02/2026;09/02/2026;;19/02/2026;TRUE;TRUE;TRUE;OK;TRUE;OK;TRUE;OK;;D930606;-10,3143776;-40,8585843;-10,3143776, -40,8585843;https://drive.google.com/file/d/1FkkUevFGcHwmZ-_Mna43D0OMIlFOCUmJ/view;E960184 - E960186;;;SENHOR DO BONFIM;2026-02-01;1119843;Consolidado;N/A
B-1228653;ER-CIND-RUA-DA LINHA-CENTRO-FLAMENGO;JAGUARARI;JEFFERSON;3;ENERGIZADA;DESL + LV + BT + ENERGZ;Energizada;2;0;3;;;1527 BT 1537 EN / DESL 20329;25/02/2026;PENDENTE ANALISE// SUBS TRF E VAOS BT;;;1;PLANO 7;SOLICITAÇÃO ATENDIMENTO;100%;jan./1;R$ 103.250,38;ADRIANO;;16/02/2026;20/02/2026;25/02/2026;;25/02/2026;TRUE;TRUE;TRUE;OK;TRUE;OK;TRUE;OK;;Q048359;-10,0433385;-40,2269572;-10,0433385, -40,2269572;https://drive.google.com/file/d/1koCRpj2CZnQIsd9IYKN1OYg42zhNUzl_/view;E960181 - E960183;;;SENHOR DO BONFIM;2026-02-01;1228653;Consolidado;N/A
B-1238912;AC-CIND-FAZ JUNCO 520-RURAL;SENHOR DO BONFIM;JOILSON;3;ENERGIZADA;BT;Energizada;0;0;3;;;20899 BT;;;;;1;PLANO 7;OBRAS ÁGEIS;100%;fev./1;R$ 11.231,21;ADRIANO;;16/02/2026;20/02/2026;17/02/2026;;24/02/2026;TRUE;TRUE;TRUE;OK;TRUE;OK;TRUE;OK;FALSE;B008655;-10,4832639;-40,0136436;-10,4832639, -40,0136436;https://drive.google.com/file/d/1IdxLDQnisP5cO0D-IZeBSwZzBpDomTe-/view?usp=drive_link;E960221 - E960223;;;SENHOR DO BONFIM;2026-02-01;1238912;Consolidado;N/A
B-1239356;ER-CIND-FAZ-BARRO DE CIMA 450-RURAL;SENHOR DO BONFIM;JOILSON;3;ENERGIZADA;BT;Energizada;0;0;3;;;20900 BT;;;;;1;PLANO 7;OBRAS ÁGEIS;100%;fev./1;R$ 11.713,98;ADRIANO;;16/02/2026;20/02/2026;17/02/2026;;17/02/2026;TRUE;TRUE;TRUE;OK;TRUE;OK;TRUE;OK;FALSE;Q038380;-10,5086457;-40,1820484;-10,5086457, -40,1820484;https://drive.google.com/file/d/1aE58Y8bzUTsBlIeEmgqbgm3wSRzRa3NK/view?usp=drive_link;E960224 - E960226;;;SENHOR DO BONFIM;2026-02-01;1239356;Consolidado;N/A
B-1222322;AC-PREF-POV-RIACHO SECO-RURAL;ANDORINHA;ALDAIR;2;ENERGIZADA;DESL;Energizada;2;0;2;;;19572(D);12/02/2026;PENDENTE ANALISE;;;1;PLANO 7;GOVERNO;100%;dez./1;R$ 44.108,41;GABRIEL;;02/02/2026;06/02/2026;05/02/2026;;12/02/2026;TRUE;TRUE;TRUE;OK;TRUE;OK;TRUE;OK;;D574414;-10,2959073;-40,7210239;-10,2959073, -40,7210239;https://drive.google.com/file/d/1d4XLET9qUCGH5O3CHAL69rbSlbrpuMfx/view?usp=drive_link;E903477 – E903478;;;SENHOR DO BONFIM;2026-02-01;1222322;Consolidado;N/A
B-1132650;ER-CIND-FAZ-LAGOA FORMOSA-LAGOA FORMOSA;MONTE SANTO;ALDAIR;2;ENERGIZADA;LV + ENERGZ;Energizada;0;0;2;;N1 C/ TRF;18620 EN // 21882 LV;;NÃO E POSSIVEL;;;1;PLANO 14;RECLAMAÇÃO;100%;fev./1;R$ 27.457,10;GABRIEL;;16/02/2026;20/02/2026;02/02/2026;;28/02/2026;;TRUE;;23;FALSE;23;TRUE;OK;;P118763;-10,2373031;-39,5073349;-10,2373031, -39,5073349;https://drive.google.com/file/d/1LyAdQKoPV5cZYiDB6dCOE5G4_g1c3Swk/view;E960210 - E960211;;;SENHOR DO BONFIM;2026-02-01;1132650;Consolidado;N/A
B-1238878;ER-CIND-POV-HORIZONTE NOVO 999-RURAL;MONTE SANTO;ALDAIR;2;ENERGIZADA;BT;Energizada;0;0;2;;;20872 BT;;;;;1;PLANO 7;OBRAS ÁGEIS;100%;fev./1;R$ 17.263,72;GABRIEL;;23/02/2026;27/02/2026;16/02/2026;;11/02/2026;TRUE;TRUE;TRUE;OK;TRUE;OK;TRUE;OK;FALSE;B048899;-10,3444855;-39,7149467;-10,3444855, -39,7149467;https://drive.google.com/file/d/1Hq-LuMZY-rpyAKUOVYJf0WUpK_eM6awT/view?usp=drive_link;E960219 - E960220;;;SENHOR DO BONFIM;2026-02-01;1238878;Consolidado;N/A
B-1220731;UB-CIND-RUA-EDVALDO A D CARVALHO-CENTRO;CANSANÇÃO;ANAILTON;2;ENERGIZADA;BT;Energizada;2;0;2;;;18631 BT;;;;;1;PLANO 7;OBRAS ÁGEIS;100%;fev./1;R$ 13.620,25;GABRIEL;;16/02/2026;20/02/2026;02/02/2026;;25/02/2026;TRUE;TRUE;TRUE;OK;TRUE;OK;TRUE;OK;;D172248;-10,668861;-39,5047845;-10,668861, -39,5047845;https://drive.google.com/file/d/175LufnT7T9pMdxa0EhJIgPQ9o3UZN588/view;E960202 - E960203;;;SENHOR DO BONFIM;2026-02-01;1220731;Consolidado;N/A
B-1052311;ER-CIND-POV-SERROTE-RURAL;NORDESTINA;ANAILTON;2;ENERGIZADA;BT;Energizada;2;0;2;;;18636 BT;;;;;1;PLANO 14;SUBSÍDIO DE DEFESA;100%;fev./1;R$ 6.122,24;GABRIEL;;16/02/2026;20/02/2026;02/02/2026;;21/02/2026;TRUE;TRUE;TRUE;OK;TRUE;OK;TRUE;OK;;D224980;-10,8452114;-39,5146033;-10,8452114, -39,5146033;https://drive.google.com/file/d/1r7eGYPo3NCE1FaumAUxfeIhqJa2i6bQY/view;E960212 - E960213;;;SENHOR DO BONFIM;2026-02-01;1052311;Consolidado;N/A
B-1238843;ER-CCOL-ET-VELHA 4-RURAL;JAGUARARI;JEFFERSON;2;ENERGIZADA;BT;Energizada;0;0;2;;;18643 BT;;;;;1;PLANO 7;GOVERNO;100%;fev./1;R$ 15.975,59;ADRIANO;;03/02/2026;06/02/2026;03/02/2026;;14/02/2026;TRUE;TRUE;TRUE;OK;TRUE;OK;TRUE;OK;;E814768;-10,2767108;-40,1794177;-10,2767108, -40,1794177;https://drive.google.com/file/d/1ZnnwqWkJAwP8cRi0ocvDJsmY5DG11zAz/view;E960206 - E960207;;;SENHOR DO BONFIM;2026-02-01;1238843;Consolidado;N/A
B-1217394;ER-CIND-POV-SERRA DOS MORGADOS-RURAL;JAGUARARI;JEFFERSON;2;ENERGIZADA;LV + ENERGZ;Energizada;0;0;2;;1 N1 E N1 C/ TRF;18648 EN  //  21896 LV;;É POSSIVEL;;;1;PLANO 7;RECLAMAÇÃO;100%;fev./1;R$ 27.106,99;ADRIANO;;16/02/2026;20/02/2026;03/02/2026;;18/02/2026;TRUE;TRUE;TRUE;OK;TRUE;OK;TRUE;OK;;D698760;-10,2481589;-40,2386043;-10,2481589, -40,2386043;https://drive.google.com/file/d/1PA_aQMMfYTiBed0J1hS_Thx4w77xeQn6/view;E960208 - E960209;;;SENHOR DO BONFIM;2026-02-01;1217394;Consolidado;N/A
B-1209354;ER-CIND-RUA-FLAVIO SILVA 10-UMBURANAS;SENHOR DO BONFIM;JOILSON;2;ENERGIZADA;DESL;Energizada;0;0;2;;;14724(D)  // 21594 LV;12/02/2026;(20 VAOS DE ADF E 5 VAOS BT);;;1;PLANO 7;QLP;100%;jan./1;R$ 15.777,43;ADRIANO;;09/02/2026;12/02/2026;04/02/2026;;12/02/2026;TRUE;TRUE;TRUE;OK;TRUE;OK;TRUE;OK;;Q049888;-10,4589335;-40,1388655;-10,4589335, -40,1388655;https://drive.google.com/file/d/176vmqD-4dtx84CRC_w4PaEq-PdKBFWXJ/view;E937006 – E937007;;;SENHOR DO BONFIM;2026-02-01;1209354;Consolidado;N/A
B-1229071;ER-CIND-ET-VELHA CARRAPICHEL-RURAL;SENHOR DO BONFIM;JOILSON;2;ENERGIZADA;BT;Energizada;0;0;2;;;18123 BT;;;;;2;PLANO 14;QLP;100%;fev./1;R$ 13.023,01;ADRIANO;;02/02/2026;13/02/2026;04/02/2026;;10/02/2026;TRUE;TRUE;TRUE;OK;TRUE;OK;TRUE;OK;;Q043743;-10,3916105;-40,1605891;-10,3916105, -40,1605891;https://drive.google.com/file/d/169FwUzntD9Wh39Bk56SYNjqsCrJjUbio/view;E960214 - E960215;;;SENHOR DO BONFIM;2026-02-01;1229071;Consolidado;N/A
B-1224366;ER-CIND-POV-AGUADAS S N-RURAL;FILADÉLFIA;REGINALDO;2;ENERGIZADA;BT;Energizada;2;0;2;;;19493 BT;;;;;2;PLANO 14;QLP;100%;fev./1;R$ 14.278,51;ADRIANO;;16/02/2026;20/02/2026;17/02/2026;;17/02/2026;TRUE;TRUE;TRUE;OK;TRUE;OK;TRUE;OK;;Q039839;-10,681235;-40,1853344;-10,681235, -40,1853344;https://drive.google.com/file/d/1gkuWY6SDgJSX-N19HwAo9F_CXL1YvsUP/view;E960204 - E960205;;;SENHOR DO BONFIM;2026-02-01;1224366;Consolidado;N/A
B-1151586;AC-CIND-LOT-VILA PEIXE-VILA PEIXE;ANDORINHA;ALDAIR;1;ENERGIZADA;DESL + LV;Energizada;1;0;1;Pendente;;LV-150784  19456(D)  // 21850 LV;25/02/2026;PENDENTE ANALISE;;;0;PLANO 7;RECLAMAÇÃO;100%;dez./1;R$ 26.251,94;GABRIEL;;02/02/2026;06/02/2026;05/02/2026;;25/02/2026;TRUE;TRUE;TRUE;OK;TRUE;OK;TRUE;OK;;D130180;-10,3191272;-39,1863356;-10,3191272, -39,1863356;https://drive.google.com/file/d/1aF3wfEiV0Ka5ZLxYr_1gcyANVlnV3Y_9/view?usp=drive_link;E903442 – E903442;;;SENHOR DO BONFIM;2026-02-01;1151586;Consolidado;N/A
B-1237873;ER-CIND-FAZ-PAU D ARCO-RURAL-PEDRA VERME;MONTE SANTO;ALDAIR;1;ENERGIZADA;BT;Energizada;0;0;1;;;16651 BT;;;;;1;PLANO 7;OBRAS ÁGEIS;100%;fev./1;R$ 6.780,42;GABRIEL;;09/02/2026;13/02/2026;02/02/2026;;10/02/2026;TRUE;TRUE;TRUE;OK;TRUE;OK;TRUE;OK;;D147548;-10,4175785;-39,5493229;-10,4175785, -39,5493229;https://drive.google.com/file/d/16Jk-v6HM8638rCJkTLlSrrJ_-S8eVtdA/view;E960112;;;SENHOR DO BONFIM;2026-02-01;1237873;Consolidado;N/A
B-1224382;RC-CIND-RUA-FORTALEZA-CENTRO;ANDORINHA;ALDAIR;1;Falta chace faca 34kv 501036, Ver a possibilidade de fazer Revisao;DESL;;1;;0;;;;28/02/2026;SUBS PST;;;0;PLANO 8;REPUTACIONAL;100%;jan./1;R$ 19.178,33;GABRIEL;;23/02/2026;27/02/2026;;;;TRUE;TRUE;;Nao concluida;FALSE;Nao concluida;;Nao concluida;;Q093313;-10,3440237;-39,8314899;-10,3440237, -39,8314899;https://drive.google.com/file/d/1jxOGm6zBipEwb7xClJFj6lI0mjbttWiF/view;E936999;;;SENHOR DO BONFIM;2026-02-01;1224382;Consolidado;N/A
B-1233582;UB-CIND-RUA-GUILHERMINO S REIS-URBANA;NORDESTINA;ANAILTON;1;FALTA 3431760 LAÇO 35;BT;;1;1;0;;;27972 BT;;;;;1;PLANO 7;OBRAS ÁGEIS;100%;fev./1;R$ 6.408,59;GABRIEL;;16/02/2026;20/02/2026;02/02/2026;;;;TRUE;;Nao concluida;FALSE;Nao concluida;;Nao concluida;;Q101430;-10,8194333;-39,4258933;-10,8194333, -39,4258933;https://drive.google.com/file/d/13NNJnINwr-hi4I1kUGVuGBe3JRKmbqWJ/view;E960115;;;SENHOR DO BONFIM;2026-02-01;1233582;Consolidado;N/A
B-1218616;UB-CIND-RUA-VERA L ANDRADE-C DAGUA;NORDESTINA;ANAILTON;1;ENERGIZADA;BT;Energizada;1;0;1;;;16660 BT;;;;;1;PLANO 7;OBRAS ÁGEIS;100%;fev./1;R$ 6.038,93;GABRIEL;;16/02/2026;20/02/2026;02/02/2026;;14/02/2026;TRUE;TRUE;TRUE;OK;TRUE;OK;TRUE;OK;;E609025;-10,82515041;-39,4192863;-10,82515041,-39,4192863;https://drive.google.com/file/d/1sR7UYvHMGNWkeRa5f6sKziJQG4-zgrbH/view;E960114;;;SENHOR DO BONFIM;2026-02-01;1218616;Consolidado;N/A
B-1228614;UB-CIND-RUA-HELIO CARDOSO M-CENTRO;MONTE SANTO;MARCELO;1;FALTA 3431760 LAÇO 35;BT;;1;1;0;;;16726 BT;;;;;1;PLANO 7;OBRAS ÁGEIS;100%;fev./1;R$ 7.426,49;GABRIEL;;09/02/2026;13/02/2026;16/02/2026;;;;TRUE;;Nao concluida;FALSE;Nao concluida;;Nao concluida;;D007122;-10,4447127;-39,3295066;-10,4447127, -39,3295066;https://drive.google.com/file/d/14fCMK5Qc0YCvMJxR-t36VJm5bsZU7wlh/view;E960113;;;SENHOR DO BONFIM;2026-02-01;1228614;Consolidado;N/A
B-1241389;ER-CIND-FAZ-PEDRA-PEDRA;MONTE SANTO;MARCELO;1;FALTA 3430547 ALÇA 25;BT;;1;1;1;;;20838 BT;;;;;1;PLANO 7;OBRAS ÁGEIS;100%;fev./1;R$ 4.543,60;GABRIEL;;23/02/2026;27/02/2026;16/02/2026;;;FALSE;TRUE;FALSE;Nao concluida;FALSE;Nao concluida;FALSE;Nao concluida;FALSE;D140128;-10,4898294;-39,2916554;-10,4898294, -39,2916554;https://drive.google.com/file/d/1n6e3Yqh5XPNapYfDIosJ3B49YJFIhs-Y/view?usp=drive_link;E960231;;;SENHOR DO BONFIM;2026-02-01;1241389;Consolidado;N/A
B-1233451;AC-CIND-RUA-OSVALDO CAMPOS-CENTRO ITIUBA;ITIUBA;GESONI;1;ENERGIZADA;BT;Energizada;1;0;1;;;16689 BT;;;;;1;PLANO 7;OBRAS ÁGEIS;100%;fev./1;R$ 6.117,09;GABRIEL;;09/02/2026;13/02/2026;09/02/2026;;14/02/2026;TRUE;TRUE;TRUE;OK;TRUE;OK;TRUE;OK;;Q067476;-10,6853068;-39,8617353;-10,6853068, -39,8617353;https://drive.google.com/file/d/1RnIGJQxEdvdlnM3oggQ5KSl3rgmFD7-P/view;E960111;;;SENHOR DO BONFIM;2026-02-01;1233451;Consolidado;N/A
B-1228829;ER-CIND-POV-RURAL-BREJO GRANDE;CAMPO FORMOSO;ISRAEL;1;ENERGIZADA;BT;Energizada;0;0;1;;;16600 BT;;;;;0;PLANO 7;OBRAS ÁGEIS;100%;fev./1;R$ 5.558,69;EDLECIO;;03/02/2026;13/02/2026;03/02/2026;;07/02/2026;TRUE;TRUE;TRUE;OK;TRUE;OK;TRUE;OK;;D032740;-10,5290042;-40,4026605;-10,5290042, -40,4026605;https://drive.google.com/file/d/1VIXtkU9aG82andIvCCaNEM8e3OmBvzwR/view;E960110;;;SENHOR DO BONFIM;2026-02-01;1228829;Consolidado;N/A
B-1228487;ER-CIND-POV-QUICE-ENERGIA SOLAR;SENHOR DO BONFIM;JOILSON;1;ENERGIZADA;BT;Energizada;0;0;1;;;16684 BT;;;;;1;PLANO 7;GRUPO A;100%;fev./1;R$ 8.097,07;ADRIANO;;02/02/2026;13/02/2026;04/02/2026;;24/02/2026;TRUE;TRUE;TRUE;OK;TRUE;OK;TRUE;OK;;D659175;-10,5402603;-40,0287256;-10,5402603, -40,0287256;https://drive.google.com/file/d/1QDQSMGv6EUXOwomSNXt_dT0fUo2dIcgH/view;E960118;;;SENHOR DO BONFIM;2026-02-01;1228487;Consolidado;N/A
B-1241290;UB-CIND-RUA-ALTO RAINHA-ALTO DA COLINA;SENHOR DO BONFIM;JOILSON;1;ENERGIZADA;BT;Energizada;0;0;1;;;20803 BT;;;;;1;PLANO 7;OBRAS ÁGEIS;100%;fev./1;R$ 4.178,83;ADRIANO;;16/02/2026;20/02/2026;17/02/2026;;18/02/2026;TRUE;TRUE;TRUE;OK;TRUE;OK;TRUE;OK;FALSE;Q050645;-10,449225;-40,1815043;-10,449225, -40,1815043;https://drive.google.com/file/d/1BPIeYCErCApK8n6lwJk05rcKT2uvbxmt/view?usp=drive_link;E960230;;;SENHOR DO BONFIM;2026-02-01;1241290;Consolidado;N/A
B-1237631;AC-CIND-ET-VELHA CARRAPICHEL-RURAL;SENHOR DO BONFIM;JOILSON;1;ENERGIZADA;LV + ENERGZ;Energizada;0;0;1;;1 N1 C/TRF;20817 EN  // 22455 LV;;;;;1;PLANO 7;OBRAS ÁGEIS;100%;fev./1;R$ 28.460,33;ADRIANO;;16/02/2026;20/02/2026;17/02/2026;;19/02/2026;TRUE;TRUE;TRUE;OK;TRUE;OK;TRUE;OK;FALSE;B167368;-10,3931652;-40,1705598;-10,3931652, -40,1705598;https://drive.google.com/file/d/1sZBfoc8kjRz4mCoi0UX0vLDrueRqZJUn/view?usp=drive_link;E960218;;;SENHOR DO BONFIM;2026-02-01;1237631;Consolidado;N/A
B-1230915;UB-CIND-RUA-SONIA MARIA-LOT SONIA MARIA;QUEIMADAS;ANAILTON;1;ENERGIZADA;BT;Energizada;0;0;0;;;16667 BT;;;;;1;PLANO 7;OBRAS ÁGEIS;100%;fev./1;R$ 7.663,04;GABRIEL;;09/02/2026;13/02/2026;02/02/2026;;27/02/2026;TRUE;TRUE;TRUE;OK;TRUE;OK;TRUE;OK;;D123181;-10,9843702;-39,6206785;-10,9843702, -39,6206785;https://drive.google.com/file/d/1eXS64EqJeaBDBtry4E7-W-QKeGw9WMOy/view;E960117;;;SENHOR DO BONFIM;2026-02-01;1230915;Consolidado;N/A
B-1233495;AC-PREF-PR -LEONIDAS FREIRE 2-CENTRO;PONTO NOVO;REGINALDO;1;ENERGIZADA;DESL + LV;Energizada;0;0;1;;1 N1 C/ TRF;18494 (D)  // 21610 LV;27/02/2026;1 PSTP EM REDE NUA;;;1;PLANO 7;GOVERNO;100%;fev./1;R$ 39.456,98;ADRIANO;;23/02/2026;27/02/2026;17/02/2026;;27/02/2026;TRUE;TRUE;TRUE;OK;FALSE;OK;TRUE;OK;;Q054112;-10,8620149;-40,1334201;-10,8620149, -40,1334201;https://drive.google.com/file/d/119JQA9DmhQAe6dJgSXF1ArALI2Yk-PdJ/view;E960116;;;SENHOR DO BONFIM;2026-02-01;1233495;Consolidado;N/A
B-1156736;EQ - GRUA AG. BELA VISTA - RURAL;CAMPO FORMOSO;;0;DEPENDE DE 9102038829;LV + ENERGZ;Paralisada;0;0;;;RELIG;;;NÃO E POSSIVEL;;;0;PLANO 7;MMGD;100%;fev./1;R$ 89.560,07;EDLECIO;;;;;;;;;;Nao concluida;FALSE;Nao concluida;;Nao concluida;;;;;;https://drive.google.com/file/d/16sdX5zPfnnuBMBBm86O_x6JE501t67ir/view;;;;SENHOR DO BONFIM;2026-02-01;1156736;Consolidado;N/A
B-1221762;AC-CIND-AV-V OSVALDO CAMPOS-CENTRO;ITIUBA;GESONI;0;ENERGIZADA;DESL;Energizada;0;0;0;;;18404 (D);24/02/2026;SUBS TRF;;;1;PLANO 7;OBRAS ÁGEIS;100%;fev./1;R$ 21.160,33;GABRIEL;;23/02/2026;27/02/2026;09/02/2026;;25/02/2026;TRUE;TRUE;TRUE;OK;TRUE;OK;TRUE;OK;;Q067326;-10,6870918;-39,8628609;-10,6870918, -39,8628609;https://drive.google.com/file/d/1apUGiDZg542GMhBEDAugyiIYIYWGmWUp/view?usp=drive_link;;;;SENHOR DO BONFIM;2026-02-01;1221762;Consolidado;N/A
B-1225551;ER-CIND-POV-MANGABEIRA-RURAL;ITIUBA;GESONI;0;FALTA TRAFO 211235 3-75 34KV, 536780 - ELO 2H , CONECT ESTRIBO 2403000;LV + ENERGZ;;0;;0;;TRF;16650 EN  //  22077 LV;;NÃO E POSSIVEL;;;1;PLANO 7;OBRAS ÁGEIS;100%;fev./1;R$ 43.640,11;GABRIEL;;09/02/2026;13/02/2026;09/02/2026;;;;TRUE;;Nao concluida;FALSE;Nao concluida;;Nao concluida;;E636244;-10,853805;-39,785199;-10,853805, -39,785199;https://drive.google.com/file/d/1pHHwtGPbO4CAQyihfKV_OajU_ouh8s8r/view?usp=drive_link;;;;SENHOR DO BONFIM;2026-02-01;1225551;Consolidado;N/A
B-1218777;AC-CIND-FAZ-TEREZA 2-RURAL;CAMPO FORMOSO;ISRAEL;0;FALTA 210448 - TRAFO 3F 112,5KVA, 536783 - ELO  5H , CONECT ESTRIBO 2403000;DESL;;0;;0;;;18299 (D);20/02/2026;SUBS TRF;;;1;PLANO 7;OBRAS ÁGEIS;100%;fev./1;R$ 39.546,25;EDLECIO;;16/02/2026;20/02/2026;09/02/2026;;;;TRUE;;Nao concluida;FALSE;Nao concluida;;Nao concluida;;E157792;-10,450478;-40,677286;-10,450478, -40,677286;https://drive.google.com/file/d/1qo5oZmUJCBPFBUTD2D-ugtmAwwnoEE7W/view?usp=drive_link;;;;SENHOR DO BONFIM;2026-02-01;1218777;Consolidado;N/A
B-1234730;AC-CIND-RUA-DO LIMOEIRO-CENTRO-LIMOEIRO;CAMPO FORMOSO;;0;;DESL;Cancelada;0;0;;;;;;SUBS TRF;;;1;PLANO 7;OBRAS ÁGEIS;100%;fev./1;R$ 23.583,60;EDLECIO;;16/02/2026;19/02/2026;03/02/2026;;;TRUE;TRUE;;Nao concluida;FALSE;Nao concluida;;Nao concluida;;Z012263;-10,5431072;-40,3691013;-10,5431072, -40,3691013;https://drive.google.com/file/d/151AA1xmpuhPIS3bcyNUmG8sQx4eFbGB3/view?usp=drive_link;;;;SENHOR DO BONFIM;2026-02-01;1234730;Descartado;Status Excluído (STATUS)
B-1237560;ER-CIND-POV-GAMELEIRA-RURAL;CAMPO FORMOSO;;0;;LV + ENERGZ;Cancelada;0;;;;TRF;16641 EN;;NÃO E POSSIVEL;;;1;PLANO 7;OBRAS ÁGEIS;100%;fev./1;R$ 21.301,93;EDLECIO;;03/02/2026;06/02/2026;03/02/2026;;;TRUE;TRUE;;Nao concluida;FALSE;Nao concluida;;Nao concluida;;D271827;-10,5220107;-40,3294311;-10,5220107, -40,3294311;https://drive.google.com/file/d/15HfLgF-iS2lXcvPJw4qPpHPjbiTn3_oh/view?usp=drive_link;;;;SENHOR DO BONFIM;2026-02-01;1237560;Descartado;Status Excluído (STATUS)
B-1225834;AC-CIND-POV-CONCEICAO-RURAL;JAGUARARI;;0;;DESL + LV;Cancelada;0;;;;CH;14748(D)  //  22071 LV;;SUBS TRF;;;1;PLANO 7;OBRAS ÁGEIS;100%;fev./1;R$ 17.624,09;ADRIANO;;09/02/2026;13/02/2026;03/02/2026;;;TRUE;TRUE;;Nao concluida;FALSE;Nao concluida;;Nao concluida;;D197055;-10,0361268;-40,1562247;-10,0361268, -40,1562247;https://drive.google.com/file/d/1iatETkgdgTdpoIaH3lVO37MHploSJ5rJ/view?usp=drive_link;;;;SENHOR DO BONFIM;2026-02-01;1225834;Descartado;Status Excluído (STATUS)
B-1230777;AC-CIND-RUA-SAIDA P DIOGO 1-JACUNA;JAGUARARI;;0;;DESL;Cancelada;0;0;;;;;;SUBS TRF;;;1;PLANO 7;OBRAS ÁGEIS;100%;fev./1;R$ 27.374,27;ADRIANO;;;;03/02/2026;;;TRUE;TRUE;;Nao concluida;FALSE;Nao concluida;;Nao concluida;;Q047326;-10,2329782;-40,0987544;-10,2329782, -40,0987544;https://drive.google.com/file/d/1wW2rc4BIRhmoGUft5FouDWS8xVOJJ5EF/view?usp=drive_link;;;;SENHOR DO BONFIM;2026-02-01;1230777;Descartado;Status Excluído (STATUS)
B-1227020;ER-CIND-POV-ABOBORA 7-RURAL;JAGUARARI;;0;;LV + ENERGZ;Cancelada;0;;;;TRF;16625 EN;;É POSSIVEL;;;1;PLANO 7;OBRAS ÁGEIS;100%;fev./1;R$ 12.792,43;ADRIANO;;03/02/2026;06/02/2026;03/02/2026;;;TRUE;TRUE;;Nao concluida;FALSE;Nao concluida;;Nao concluida;;E357511;-9,874637;-40,032492;-9,874637, -40,032492;https://drive.google.com/file/d/10ItCWdXhM_YhPSUEFs_AzD1OwUl6JL9Z/view?usp=drive_link;;;;SENHOR DO BONFIM;2026-02-01;1227020;Descartado;Status Excluído (STATUS)
B-1164073;AC-CIND-FAZ-SITIO 1-ALECRIM;QUEIMADAS;MARCELO;0;;LV + ENERGZ;Paralisada;0;;0;;N3;16606 EN  //  22018 LV;;É POSSIVEL;;;1;PLANO 7;QLP;100%;fev./1;R$ 2.969,50;GABRIEL;;09/02/2026;13/02/2026;02/02/2026;;;;TRUE;;Nao concluida;FALSE;Nao concluida;;Nao concluida;;Q100028;-10,9976335;-39,8376467;-10,9976335, -39,8376467;https://drive.google.com/file/d/1G5w0bX8TmX8IUW8NMO-qld9CqXm0KU34/view;;;;SENHOR DO BONFIM;2026-02-01;1164073;Consolidado;N/A
B-1235886;ER-CIND-POV-MAMAO-RURAL - SENHOR;SENHOR DO BONFIM;JOILSON;0;ENERGIZADA;BT;Energizada;0;0;0;;;16645 BT;;;;;1;PLANO 7;QLP;100%;fev./1;R$ 2.627,67;ADRIANO;;02/02/2026;13/02/2026;04/02/2026;;10/02/2026;TRUE;TRUE;TRUE;OK;TRUE;OK;TRUE;OK;;Q044428;-10,3876749;-40,1964778;-10,3876749, -40,1964778;https://drive.google.com/file/d/1jWKIjZZUcGIJdg0yMtUg8HDdCesZxQ5h/view;;;;SENHOR DO BONFIM;2026-02-01;1235886;Consolidado;N/A
B-1232913;ER-CIND-FAZ-PILOES 202-C FORMOSO;CAMPO FORMOSO;JOSE ROBERTO;0;ENERGIZADA;BT;Energizada;0;0;0;;;16628 BT;;;;;1;PLANO 7;QLP;100%;fev./1;R$ 1.824,52;EDLECIO;;03/02/2026;13/02/2026;03/02/2026;;09/02/2026;TRUE;TRUE;TRUE;OK;TRUE;OK;TRUE;OK;;B929521;-10,48472384;-40,3680194;-10,48472384,-40,3680194;https://drive.google.com/file/d/11lvvOb-kKdzdeWFo93_L7qectVonBnzZ/view;;;;SENHOR DO BONFIM;2026-02-01;1232913;Consolidado;N/A
B-1127253;AC-CIND-FAZ-VARZEA DO CURRAL-RURAL;PONTO NOVO;REGINALDO;0;ENERGIZADA;DESL;Energizada;0;0;0;;;18334 (D);20/02/2026;SUB TRF;;;0;PLANO 7;RECLAMAÇÃO;100%;fev./1;R$ 21.505,60;ADRIANO;;16/02/2026;20/02/2026;17/02/2026;;21/02/2026;TRUE;TRUE;TRUE;OK;TRUE;OK;TRUE;OK;;D003025;-10,8457883;-40,1147171;-10,8457883, -40,1147171;https://drive.google.com/file/d/12CiKXTuMRHQZvsh-Kot7zy-zcd2GW8bS/view;;;;SENHOR DO BONFIM;2026-02-01;1127253;Consolidado;N/A
B-1155089;EQ-GRUA-AG CANDICO FONSECA-RURAL;SENHOR DO BONFIM;;0;DEPENDE DE 9102065620;LV + ENERGZ;Paralisada;0;0;;;RELIG;;;NÃO E POSSIVEL;;;0;PLANO 7;MMGD;100%;fev./1;R$ 93.817,53;;;;;;;;;;;Nao concluida;FALSE;Nao concluida;;Nao concluida;;;;;;https://drive.google.com/file/d/1ZuHCfaSHIwLmF5_-f_K3C4RIxzerz3qK/view;;;;SENHOR DO BONFIM;2026-02-01;1155089;Consolidado;N/A
