PROJETO;TITULO;MUNICIPIO;ENCARREGADO;STATUS;PSTP;CONCRETO;% POSTES;LV;RESUMO;RESUMO LV;Nº PES;DATA DESL;PES DESLIG;PLANO;CRITERIO;PST EXEC;CAVR;% CAVAS;CLIET.;AVANÇO;CART.;V. PROJETO;V. REAL;ENERGIZAÇÃO;SUPERVISOR;AR;PV. INÍCIO;PV. FIM;DT. SEPARAÇÃO;RESERVA;SACADO;PRÉ FECHAMENTO;SIMPLIFICADA;VISITA PRÉVIA;REFERÊNCIA;COORDENADAS;PG'S;LINK PROJETO;LATITUDE;LONGITUDE;COORD;Carteira;PROJETO_FATO;STATUS_AUDITORIA;MOTIVO_DESCARTE
B-1157055;IT-GRUA-RO BA 220-RURAL;SENHOR DO BONFIM;GESONI;Paralisada;86;;0%;;DESL + BT + LV;;;;;PLANO 7;REPUTACIONAL;;;0,0%;0;100%;out./1;R$ 1.679.249,18;;;;;01/10/2025;30/11/2025;;;FALSE;FALSE;FALSE;FALSE;Q050600;-10,4443124, -40,1854723;0;;;;SENHOR DO BONFIM;2025-10-01;1157055;Consolidado;N/A
B-1157179;IT GRUA AG CANDIDO FONSECA RURAL;SENHOR DO BONFIM;REGINALDO;Paralisada;63;;0%;;DESL + LV;;;;;PLANO 7;QLP;;;0,0%;0;50%;out./1;R$ 1.706.478,98;;;;;07/10/2025;30/11/2025;21/10/2025;;FALSE;FALSE;FALSE;FALSE;D912764;-10,4444659, -40,1858723;E875586 – E875649;;;;SENHOR DO BONFIM;2025-10-01;1157179;Consolidado;N/A
B-1134149;LD CIND POV SÃO JOÃO DOS CAMPOS RURAL;MONTE SANTO;JOSE;;49;;0%;;LV + ENERGZ;;125849 (EN);;;PLANO 14;AIC AUDITORIA;;28;57,1%;7;50%;out./1;R$ 500.132,76;;;;;13/10/2025;31/10/2025;13/10/2025;;TRUE;TRUE;;;D012482;-10,2518285, -39,466756;E875537 – E875585;;;;SENHOR DO BONFIM;2025-10-01;1134149;Consolidado;N/A
B-1214079;IT-GRUA-POV-CAATINGUINHA 4545-RURAL;SENHOR DO BONFIM;JOILSON;;15;;0%;;DESL + LV;5 POSTES;;;125888 127244 (ANEXAR PEX);PLANO 7;REPUTACIONAL;;6;40,0%;0;100%;out./1;R$ 63.731,32;;;;;16/10/2025;30/10/2025;14/10/2025 e 22/10/2025;;FALSE;FALSE;FALSE;FALSE;Q043225;-10,4235329, -40,1895399;0;https://drive.google.com/file/d/1bh8HQM6yOMLwUn-CLGZFYRmkXM71n8jv/view?usp=drive_link;;;SENHOR DO BONFIM;2025-10-01;1214079;Consolidado;N/A
B-1206073;ER-CIND-POV-RURAL-CACIMBINHA;CAMPO FORMOSO;ISRAEL;;8;;0%;;LV + ENERGZ;TRF;124657 (LV)      124861 (EN);;;PLANO 14;PRIORIDADE PLANO ANEEL;;;0,0%;1;100%;out./1;R$ 89.359,21;;;;;20/10/2025;25/10/2025;14/10/2025;;TRUE;TRUE;;;D010745;-9,9124989, -40,6843068;E875291 – E875298;https://drive.google.com/file/d/1fUb8klgF5nSnHVTy2-KASHhdBbEIKTw9/view?usp=drive_link;;;SENHOR DO BONFIM;2025-10-01;1206073;Consolidado;N/A
B-1171381;ER-CIND-POV-LAGE DOS NEGROS -L D NEGROS;CAMPO FORMOSO;ISRAEL;;7;;0%;;LV + ENERGZ;TRF;124663 (LV)      124878 (EN);;128911;PLANO 14;PRIORIDADE PLANO ANEEL;;;0,0%;1;100%;out./1;R$ 62.354,50;;;;;20/10/2025;25/10/2025;14/10/2025;;TRUE;TRUE;;;E528660;-10,1591055, -40,9337948;E875299 – E875305;https://drive.google.com/file/d/17d7bgA-151hAo1z4GU7CjbDq6y2gNKvL/view?usp=drive_link;;;SENHOR DO BONFIM;2025-10-01;1171381;Consolidado;N/A
B-1204503;ER-CIND-POV-VARGEM DO SAL 300-V DO SAL;CAMPO FORMOSO;ISRAEL;;5;;0%;;LV + ENERGZ;N1 C/ TRF;124748 (LV) 124696 (EN);;;PLANO 14;PRIORIDADE PLANO ANEEL;;;0,0%;1;100%;out./1;R$ 53.873,54;;;;;27/10/2025;31/10/2025;14/10/2025;;TRUE;TRUE;;;Q064027;-10,4179027, -40,6692667;E875306 – E875310;https://drive.google.com/file/d/1KOg7AzZW4dLkP8c6COkBal8zVAL_LxXB/view?usp=drive_link;;;SENHOR DO BONFIM;2025-10-01;1204503;Consolidado;N/A
B-1221342;UB-CIND-RUA-NICANOR AMMBAHY-CENTRO;NORDESTINA;JEFFERSON;Energizada;4;;0%;;;;;;;PLANO 7;PRIORIDADE PLANO ANEEL;;;0,0%;;100%;out./1;;;;;;27/10/2025;31/10/2025;14/10/2025;;FALSE;FALSE;FALSE;FALSE;;;;;;;SENHOR DO BONFIM;2025-10-01;1221342;Consolidado;N/A
B-1213002;ER-CIND-POV-PONTA DAGUA-RURAL;CAMPO FORMOSO;ISRAEL;;4;;0%;;BT;;121336 BT;;;PLANO 14;PRIORIDADE PLANO ANEEL;;;0,0%;1;100%;out./1;R$ 22.711,82;;;;;27/10/2025;31/10/2025;07/10/2025;;TRUE;TRUE;;;D724169;-10,4114853, -41,1624956;E875287 – E875290;https://drive.google.com/file/d/1KsxIb6H7s6QnTmeIBsuWeo6tyOwt6IK8/view?usp=drive_link;;;SENHOR DO BONFIM;2025-10-01;1213002;Consolidado;N/A
B-1209595;ER-CIND-RUA-DO CAMPO-CENTRO;CAMPO FORMOSO;ISRAEL;;3;;0%;;BT;;121346 BT;;;PLANO 14;PRIORIDADE PLANO ANEEL;;;0,0%;1;100%;out./1;R$ 13.794,15;;;;;27/10/2025;31/10/2025;07/10/2025;;TRUE;TRUE;;;R024920;-10,5954581, -40,930199;E875177 – E875179;https://drive.google.com/file/d/1ZK7k_sD48GWLN7LnzOAhgRGZAlHFvzJz/view?usp=drive_link;;;SENHOR DO BONFIM;2025-10-01;1209595;Consolidado;N/A
B-1176652;ER-CIND-POV-LAGES-RURAL;SENHOR DO BONFIM;JOILSON;Cancelada;2;;0%;;BT;;119949 BT;;;PLANO 7;PRIORIDADE PLANO ANEEL;;;0,0%;2;100%;out./1;R$ 10.091,52;;;;;06/10/2025;10/10/2025;01/10/2025;;TRUE;TRUE;FALSE;FALSE;Q042359;-10,5500873, -40,1574572;E875227 – E875228;https://drive.google.com/file/d/1sVX72kR2GyY6PreMQrr7Tklm6TorgjC_/view?usp=drive_link;;;SENHOR DO BONFIM;2025-10-01;1176652;Descartado;Status Excluído (STATUS)
B-1193954;AC-CIND-VI LIMOES 2-CENTRO;SENHOR DO BONFIM;REGINALDO;Energizada;2;;0%;;DESL + BT + LV;N1 C/ TRF;123287 (BT) 125892(LV);;127249;PLANO 7;QLP;;2;100,0%;1;100%;out./1;R$ 37.400,82;;;;;20/10/2025;25/10/2025;22/10/2025;;;TRUE;FALSE;FALSE;D050846;-10,4953163, -40,1635735;E875225 – E875226;https://drive.google.com/file/d/1WQopJNOV-ltWEpNb9Szb4BQfgq6oVQbC/view?usp=drive_link;;;SENHOR DO BONFIM;2025-10-01;1193954;Consolidado;N/A
B-1221730;RR-EMBA-RUA-DA LARANJEIRA-CENTRO;JAGUARARI;ALDAIR;;2;;0%;;;;;;;PLANO 7;PRIORIDADE PLANO ANEEL;;;0,0%;;100%;out./1;;;;;;07/10/2025;30/10/2025;27/10/2025;;FALSE;FALSE;FALSE;FALSE;;;;;;;SENHOR DO BONFIM;2025-10-01;1221730;Consolidado;N/A
B-1149067;IT-CCOL-ROD-LOMANTO JUNIOR-LOMANTO JUNIO;SENHOR DO BONFIM;JOILSON;Cancelada;1;;0%;;LV;CE1 N3;;;;PLANO 7;REPUTACIONAL;;;0,0%;0;100%;out./1;R$ 12.073,78;;;;;20/10/2025;25/10/2025;;;FALSE;FALSE;FALSE;FALSE;D570917;-10,4775199, -40,1679471;E875229 – E875229;https://drive.google.com/file/d/1jRVrRoU5MbL1B_2A2xh9ujHTMyfYp7MZ/view?usp=drive_link;;;SENHOR DO BONFIM;2025-10-01;1149067;Descartado;Status Excluído (STATUS)
B-1153516;ER-CIND-POV-VILA DOS PAUZINHOS-RURAL;CAMPO FORMOSO;ISRAEL;Energizada;1;;0%;;LV + ENERGZ;N1 C/ TRF;124667 (LV) 124662 (EN);;123380;PLANO 7;PRIORIDADE PLANO ANEEL;;;0,0%;1;100%;out./1;R$ 20.977,40;;;;;20/10/2025;25/10/2025;14/10/2025;;TRUE;TRUE;;;B139251;-10,1299905, -40,4956858;E875183 – E875183;https://drive.google.com/file/d/1N3-0WC53zF0v9IS7bdq0-kPNI7Sd0k_y/view?usp=drive_link;;;SENHOR DO BONFIM;2025-10-01;1153516;Consolidado;N/A
B-1168806;ER-CIND-POV-PATOS 3-URBANO;CAMPO FORMOSO;ISRAEL;;1;;0%;;LV + ENERGZ;N1 C/ TRF;124783 (LV) 124647 (EN);;;PLANO 7;PRIORIDADE PLANO ANEEL;;;0,0%;1;100%;out./1;R$ 24.982,67;;;;;27/10/2025;31/10/2025;14/10/2025;;TRUE;TRUE;;;Q024911;-10,1845895, -40,8966678;E875184 – E875184;https://drive.google.com/file/d/1FUMDq-bUdK8-BLdnwQeSZEVh0g0Cgm-w/view?usp=drive_link;;;SENHOR DO BONFIM;2025-10-01;1168806;Consolidado;N/A
B-1156651;ER-CIND-POV-BREJO CAATINGA-RURAL;CAMPO FORMOSO;ISRAEL;;1;;0%;;LV + ENERGZ;N1 C/ TRF;124773 (LV) 124652 (EN);;;PLANO 7;PRIORIDADE PLANO ANEEL;;;0,0%;0;100%;out./1;R$ 27.197,79;;;;;27/10/2025;31/10/2025;14/10/2025;;TRUE;TRUE;;;D931025;-10,4265503, -40,8651062;E875185 – E875185;https://drive.google.com/file/d/1MGM9EwydAcMCbDyjyaG2pf9mkqQncAn8/view?usp=drive_link;;;SENHOR DO BONFIM;2025-10-01;1156651;Consolidado;N/A
B-1204838;IS-COEL-RUA-CANDIDO FONSECA-MERCADO;SENHOR DO BONFIM;REGINALDO;Energizada;6;2;33,33333333%;;DESL + LV;1 N4;;29/10/2025;129486 (PRECISA DE ACORDO) E 129488;PLANO 8;JUDICIAL;;6;100,0%;0;100%;out./1;R$ 51.246,25;;;;;20/10/2025;25/10/2025;20/10/2025;;;FALSE;FALSE;FALSE;Q042100;-10,5040859, -40,1605723;E875342 – E875347;https://drive.google.com/file/d/12nH3eqxoumRtkHUruc6jly0B9TONZ7GF/view?usp=drive_link;;;SENHOR DO BONFIM;2025-10-01;1204838;Consolidado;N/A
B-1196099;UB-CIND-RUA-SENHOR DO BONFIM-QUICE;SENHOR DO BONFIM;REGINALDO;Energizada;3;1;33,33333333%;;LV + ENERGZ;N1 C/ TRF;123513(LV)      124318 (EN);;;PLANO 7;RECLAMAÇÃO;;DETONAR;100,0%;1;100%;out./1;R$ 41.276,99;;;;;20/10/2025;25/10/2025;08/10/2025;;TRUE;TRUE;FALSE;FALSE;Q051202;-10,5386756, -40,0339182;E875212 – E875214;https://drive.google.com/file/d/1G1lUW6BXNjPncqxWdbIThPJIYYKB3yoZ/view?usp=drive_link;;;SENHOR DO BONFIM;2025-10-01;1196099;Consolidado;N/A
B-1205879;ER-CIND-FAZ-CAJAZEIRA 28-RURAL-QUICE;SENHOR DO BONFIM;REGINALDO;Energizada;3;1;33,33333333%;;LV + ENERGZ;N1 C/ TRF;123515(LV) 124327 (EN);;;PLANO 14;PRIORIDADE PLANO ANEEL;;3;100,0%;1;100%;out./1;R$ 28.064,87;;;;;20/10/2025;25/10/2025;08/10/2025;;TRUE;TRUE;FALSE;FALSE;Q049875;-10,5235394, -40,0633237;E875209 – E875211;https://drive.google.com/file/d/123Gas0XiyMZSDZ0T1EqbeWHMKnda6Ysm/view?usp=drive_link;;;SENHOR DO BONFIM;2025-10-01;1205879;Consolidado;N/A
B-1200619;RR-CIND-POV-LAGEDO RASO-TIQUARA-RURAL;CAMPO FORMOSO;ISRAEL;Energizada;32;11;34,375%;;LV + ENERGZ;N3/4;124729 (LV)      124830 (EN);;;PLANO 14;PRIORIDADE PLANO ANEEL;;;0,0%;4;100%;out./1;R$ 239.450,57;;;;;20/10/2025;31/10/2025;20/10/2025;;;TRUE;;;E477077;-10,419528, -40,521278;E875118 – E875149;;;;SENHOR DO BONFIM;2025-10-01;1200619;Consolidado;N/A
B-1105670;MP-CIND-ROD-MINA BARRINHA-RURAL;JAGUARARI;WAGNER;Energizada;44;18;40,90909091%;;LV + ENERGZ + BT;N1-3;125137 (LV)  125807 BT    136792 (EN);;;PLANO 14;JUDICIAL;;;0,0%;14;100%;out./1;R$ 341.404,74;;;;;13/10/2025;31/10/2025;20/10/2025;;;TRUE;;;Q066744;-9,8806754, -39,9304034;E875493 – E875536;;;;SENHOR DO BONFIM;2025-10-01;1105670;Consolidado;N/A
B-1166494;LD - CIND POV ALECRIM - RURAL;QUEIMADAS;MARCELO;Energizada;34;16;47,05882353%;;LV + ENERGZ;N3/4;125748 (EN);;;PLANO 7;QLP;;;0,0%;3;100%;out./1;R$ 360.650,29;;;;;13/10/2025;30/10/2025;13/10/2025;;TRUE;TRUE;FALSE;FALSE;D573527;-11,0539141, -39,824471;E875459 – E875492;;;;SENHOR DO BONFIM;2025-10-01;1166494;Consolidado;N/A
B-1165645;ER-CIND.POV.DE FUMAÇA-RURAL;PINDOBAÇU;EDVALDO;Energizada;2;1;50%;;DESL;;;;121453;PLANO 7;GOVERNO;;2;100,0%;0;100%;out./1;R$ 38.265,67;;;;;07/10/2025;10/10/2025;07/10/2025;;;TRUE;;;Q037082;-10,670842, -40,3261249;E875168 – E875169;https://drive.google.com/file/d/1B7jHLNNnD0OQ7sYMVKpD8gQYCgoeoEY6/view?usp=drive_link;;;SENHOR DO BONFIM;2025-10-01;1165645;Consolidado;N/A
B-1173892;ER-CIND-AV-SONHOS 172-RURAL;CAMPO FORMOSO;ISRAEL;Energizada;2;1;50%;;LV + ENERGZ;N1 C/ TRF;124639 (LV)     124725 (EN);;;PLANO 7;PRIORIDADE PLANO ANEEL;;2;100,0%;0;100%;out./1;R$ 32.874,89;;;;;13/10/2025;18/10/2025;07/10/2025;;TRUE;TRUE;;;D520413;-10,4847831, -40,3449138;E875175 – E875176;https://drive.google.com/file/d/1nfA1FpifLSeivWcSGWCgTtgFE9IdU4Gs/view?usp=drive_link;;;SENHOR DO BONFIM;2025-10-01;1173892;Consolidado;N/A
B-0670141;MP-CIND-FAZ. ATANAZIO-RURAL;MONTE SANTO;OSMAR;Energizada;24;13;54,16666667%;;LV + ENERGZ;N1-3;125839 (EN);;;PLANO 14;PRIORIDADE PLANO ANEEL;;;0,0%;1;100%;out./1;R$ 91.671,67;;;;;20/10/2025;30/10/2025;13/10/2025;;TRUE;TRUE;;;D559328;-10,1947751, -39,2650649;E875408 – E875431;;;;SENHOR DO BONFIM;2025-10-01;0670141;Consolidado;N/A
B-1216501;ER-CIND-FAZ-CACADOR-RURAL;PONTO NOVO;EDVALDO;Energizada;27;16;59,25925926%;;LV + ENERGZ + BT;N3/4;127506 (LV) 122316(BT)  122322(EN);;123278;PLANO 7;PRIORIDADE PLANO ANEEL;;7;25,9%;3;100%;out./1;R$ 195.424,14;;;;;13/10/2025;22/10/2025;07/10/2025;;;TRUE;;;D914760;-11,0562733, -40,0631541;E875432 – E875458;;;;SENHOR DO BONFIM;2025-10-01;1216501;Consolidado;N/A
B-1208718;RR-CIND-RUA-DO CONTORNO 15-CENTRO;ANTÔNIO GONÇALVES;EDVALDO;Energizada;21;15;71,42857143%;;LV + BT + ENERGZ + DESL;CE3/4;124616(LV) 123164 BT  123173(EN);31/10/2025;125891;PLANO 7;QLP;;21;100,0%;29;100%;out./1;R$ 133.687,73;;;;;23/10/2025;31/10/2025;09/10/2025;;;TRUE;;;D008540;-10,5701783, -40,2697813;E875389 – E875407;https://drive.google.com/file/d/1iyn0hUxU9viuPOVuf-94sO-tuKHGni0X/view?usp=drive_link;;;SENHOR DO BONFIM;2025-10-01;1208718;Consolidado;N/A
B-1164147;ER-CIND-FAZ-ROCHA-AT LINDO - RURAL;CANSANÇÃO;JEFFERSON;Energizada;7;5;71,42857143%;;LV + ENERGZ;N1-3;124820 (LV) 124140 (EN);;;PLANO 7;PRIORIDADE PLANO ANEEL;;;0,0%;2;100%;out./1;R$ 115.225,85;;;;;06/10/2025;18/10/2025;06/10/2025;;TRUE;TRUE;;;Q098900;-10,6512763, -39,7123835;E875311 – E875317;https://drive.google.com/file/d/1Zaf3FIpxBMySxxp7Li6mymJLLvktyJYz/view?usp=drive_link;;;SENHOR DO BONFIM;2025-10-01;1164147;Consolidado;N/A
B-1195412;ER-CIND-POV-MONTE SANTO-SITIO DE NANINHA;MONTE SANTO;OSMAR;Energizada;5;4;80%;;BT;;122245 BT;;;PLANO 7;QLP;;;0,0%;1;100%;out./1;R$ 31.758,63;;;;;06/10/2025;18/10/2025;06/10/2025;;TRUE;TRUE;;;D409513;-10,5062648, -39,4095984;E875376 – E875380;https://drive.google.com/file/d/1qn1y4ot468g2nkSuRVK9Sn2p9QGrww58/view?usp=drive_link;;;SENHOR DO BONFIM;2025-10-01;1195412;Consolidado;N/A
B-1192755;RR-SEIN-FAZ-CORRENCIA-RURAL;JAGUARARI;ALDAIR;Energizada;114;106;92,98245614%;;DESL + ENERGZ;N1-3;;;120054;PLANO 14;GOVERNO;;114;100,0%;0;100%;out./1;R$ 1.060.332,60;;;;;01/10/2025;18/10/2025;01/09/2025;;TRUE;TRUE;;;;-10.0171927,-39.8492799;0;;;;SENHOR DO BONFIM;2025-10-01;1192755;Consolidado;N/A
B-0877780;MP-CCOL-FAZ RAIO DO SOL-RURAL;QUEIMADAS;MARCELO;Energizada;49;47;95,91836735%;;DESL + LV + BT + ENERGZ;N1/3;108873(LV);;125480;PLANO 14;REPUTACIONAL;;49;100,0%;9;100%;ago./1;R$ 196.839,24;;;;;19/09/2025;30/09/2025;15/09/2025;;TRUE;TRUE;FALSE;FALSE;Q104891;-10.9814946,-39.6346926;E843924 - E843973;Não precisa;-10,9814946;-39,6346926;SENHOR DO BONFIM;2025-10-01;0877780;Consolidado;N/A
B-1134327;LD CIND FAZ SÃO JOÃO RURAL;CANSANÇÃO;JEFFERSON;Energizada;59;64;100%;;LV + ENERGZ;N3/4;108861(LV)     112624 (EN);;;PLANO 14;PRIORIDADE PLANO ANEEL;;59;100,0%;1;100%;ago./1;R$ 756.608,39;;;;;14/10/2025;30/09/2025;15/09/2025;;TRUE;TRUE;;;E284390;-10.8421072,-39.308;E843809 - E843864;Não precisa;-10.8421072;-39.308;SENHOR DO BONFIM;2025-10-01;1134327;Consolidado;N/A
B-0972150;RR-CIND-RUA-DA AREIA-CARNAIBA;PINDOBAÇU;EDVALDO;Energizada;11;14;100%;;LV + ENERGZ;1 N1-3;108885(LV);;;PLANO 7;QLP;;11;100,0%;1;100%;ago./1;R$ 59.465,82;;;;;22/09/2025;25/09/2025;12/09/2025;;TRUE;TRUE;FALSE;FALSE;Q063843;-10.7118401, -40.4764177;E860565 - E860578;https://drive.google.com/file/d/1cSMCjmGCfeyj4MQsh2710bSbQRCyuNEy/view?usp=drive_link;;;SENHOR DO BONFIM;2025-10-01;0972150;Consolidado;N/A
B-1198646;ER-CIND-FAZ-POCO DANTAS-MONTE SANTO;MONTE SANTO;OSMAR;Energizada;7;7;100%;;BT;;122274 BT;;;PLANO 14;QLP;;7;100,0%;1;100%;out./1;R$ 37.811,92;;;;;06/10/2025;18/10/2025;06/10/2025;;TRUE;TRUE;;;D239704;-10,398475, -39,3087948;E875370 – E875375;https://drive.google.com/file/d/1n9kI8nHwRobX0ihHqcgh-AksWcaPq-ec/view?usp=drive_link;;;SENHOR DO BONFIM;2025-10-01;1198646;Consolidado;N/A
B-1198650;ER-CCOL-FAZ-PAU D ARCO-RURAL;QUEIMADAS;ANAILTON;;4;4;100%;;BT;;127167 BT;;;PLANO 14;QLP;;;0,0%;1;100%;out./1;R$ 45.098,21;;;;;20/10/2025;25/10/2025;06/10/2025;;;TRUE;;;D409513;-10,5062648, -39,4095984;0;https://drive.google.com/file/d/19vWBocIDS5w2Z3vj0Uk7se2EjMeZSV4I/view?usp=drive_link;;;SENHOR DO BONFIM;2025-10-01;1198650;Consolidado;N/A
B-1199681;ER-CIND-POV-BARRA-BARRA;ANTÔNIO GONÇALVES;EDVALDO;Energizada;6;6;100%;;LV + ENERGZ;N1 C/ TRF;124551 (LV)      124821(EN);;;PLANO 14;QLP;;6;100,0%;2;100%;out./1;R$ 42.116,14;;;;;07/10/2025;10/10/2025;09/10/2025;;;TRUE;;;Q067429;-10,6010438, -40,2725336;E875273 – E875278;https://drive.google.com/file/d/1wENrSq_PeKgisN0rRL-p_FVKf8AARwj7/view?usp=drive_link;;;SENHOR DO BONFIM;2025-10-01;1199681;Consolidado;N/A
B-1173478;ER-CIND-POV-LAGOA DO BOI-LAGOA DO BOI;SENHOR DO BONFIM;JOILSON;Energizada;6;6;100%;;BT;;115798 (BT);;;PLANO 14;PRIORIDADE PLANO ANEEL;;6;100,0%;1;100%;set./1;R$ 30.445,50;;;;;20/10/2025;31/10/2025;01/10/2025;;TRUE;TRUE;;;E860849;;E860849 -E860853;;;;SENHOR DO BONFIM;2025-10-01;1173478;Consolidado;N/A
B-1195841;ER-CIND-POV-LAGE 3652-LAGE;MONTE SANTO;ANAILTON;;2;2;100%;;LV + BT;2 N1;127161 BT;;123362;PLANO 14;QLP;;;0,0%;1;100%;out./1;R$ 12.344,10;;;;;20/10/2025;25/10/2025;06/10/2025;;;TRUE;;;D143859;-10,4605865, -39,2612516;E875150 – E875151;https://drive.google.com/file/d/10hAjidpSjethJXun3uV91gg5_28hEfjx/view?usp=drive_link;;;SENHOR DO BONFIM;2025-10-01;1195841;Consolidado;N/A
B-1207817;ER-CIND-FAZ-TANQUINHO 66-TIJUACU;SENHOR DO BONFIM;REGINALDO;Energizada;6;6;100%;;DESL + LV + BT;N1;123277 (BT);;123343;PLANO 7;PRIORIDADE PLANO ANEEL;;6;100,0%;1;100%;out./1;R$ 27.493,60;;;;;20/10/2025;25/10/2025;20/10/2025;;;TRUE;FALSE;FALSE;Q049592;-10,5604559, -40,1315522;E875348 – E875353;https://drive.google.com/file/d/1_XMElTiYZrazbvLG92Ii5SfUM_7zzSf8/view?usp=drive_link;;;SENHOR DO BONFIM;2025-10-01;1207817;Consolidado;N/A
B-1211134;ER-CIND-POV-SACO FUNDO 24-RURAL;MONTE SANTO;JOSE;Energizada;6;6;100%;;LV + ENERGZ;N1 C/ TRF;125893(LV) 124159 (EN);;;PLANO 14;PRIORIDADE PLANO ANEEL;;6;100,0%;2;100%;out./1;R$ 58.994,65;;;;;06/10/2025;11/10/2025;06/10/2025;;FALSE;TRUE;;;A284391;-10,2229701, -39,409205;E875359 – E875364;https://drive.google.com/file/d/1jJlKToSQlaG62EXkuCgqWIHbW0o11yed/view?usp=drive_link;;;SENHOR DO BONFIM;2025-10-01;1211134;Consolidado;N/A
B-1213503;ER-CIND-POV-PEREIROS-RURAL;SENHOR DO BONFIM;JOILSON;Energizada;5;5;100%;;BT;;121424 BT;;;PLANO 14;PRIORIDADE PLANO ANEEL;;5;100,0%;1;100%;out./1;R$ 25.319,43;;;;;06/10/2025;10/10/2025;01/10/2025;;TRUE;TRUE;FALSE;FALSE;Q045765;-10,3808554, -40,0701585;E875354 – E875358;https://drive.google.com/file/d/1EAI3KYXGJOWbzz18J8aKVZE8BAkhpfHs/view?usp=drive_link;;;SENHOR DO BONFIM;2025-10-01;1213503;Consolidado;N/A
B-1199296;AC-CIND-FAZ-FELICIANO-RURAL;MONTE SANTO;ANAILTON;Energizada;2;2;100%;;BT;;127180 BT;;;PLANO 7;QLP;;;0,0%;1;100%;out./1;R$ 11.810,71;;;;;20/10/2025;25/10/2025;06/10/2025;;;TRUE;;;D154864;-10,4535805, -39,5306571;E875155 – E875156;https://drive.google.com/file/d/1Tg2ep-sc3cXCJ8ff3PXUxu7WwJvzY1v4/view?usp=drive_link;;;SENHOR DO BONFIM;2025-10-01;1199296;Consolidado;N/A
B-1200674;ER-CIND-FAZ-VARZEA GRANDE-VARZEA GRANDE;QUEIMADAS;GESONI;;5;5;100%;;LV + BT;2 N1;123154 BT;;128905;PLANO 14;QLP;;;0,0%;1;100%;out./1;R$ 35.253,30;;;;;20/10/2025;25/10/2025;13/10/2025;;TRUE;TRUE;FALSE;FALSE;B565390;-10,9210645, -39,9412907;E875365 – E875369;https://drive.google.com/file/d/18ZF9Qq8JVg4GFYxbbO4i-8WenlIsK2HK/view?usp=drive_link;;;SENHOR DO BONFIM;2025-10-01;1200674;Consolidado;N/A
B-1195013;UB-CIND-RUA-CENTENARIO DA REP-ALTO DA C;MONTE SANTO;OSMAR;Energizada;4;4;100%;;BT;;122237 BT;;;PLANO 7;QLP;;4;100,0%;1;100%;out./1;R$ 30.807,46;;;;;06/10/2025;11/10/2025;06/10/2025;;;TRUE;;;D765825;-10,4368644, -39,3214137;E875385 – E875388;https://drive.google.com/file/d/1kp3yWRVvXEM2lwWfRD1fgUAxHdgV09wR/view?usp=drive_link;;;SENHOR DO BONFIM;2025-10-01;1195013;Consolidado;N/A
B-1212968;UB-CIND-RUA-DA CHACARA 957-ESPLANADA;CAMPO FORMOSO;ISRAEL;Energizada;4;8;100%;;BT;;120712 BT;;;PLANO 7;PRIORIDADE PLANO ANEEL;;4;100,0%;1;100%;out./1;R$ 23.320,80;;;;;07/10/2025;11/10/2025;07/10/2025;;TRUE;TRUE;;;D696755;-10,5068992, -40,3303808;E875279 – E875282;https://drive.google.com/file/d/1O_R2bl3izf3-rTAiMkWyBYvSHpoCbhdy/view?usp=drive_link;;;SENHOR DO BONFIM;2025-10-01;1212968;Consolidado;N/A
B-1175534;UB-CIND-RUA-DAS VIOLETAS-VILA DOS RICOS;CAMPO FORMOSO;ISRAEL;Energizada;4;4;100%;;BT;;120680 BT;;;PLANO 7;PRIORIDADE PLANO ANEEL;;4;100,0%;0;100%;out./1;R$ 37.229,65;;;;;07/10/2025;11/10/2025;07/10/2025;;TRUE;TRUE;;;E638589;-10,4962477, -40,3257289;E875283 – E875286;https://drive.google.com/file/d/1L9XOC0qeRg6v2KsF1Ptbvhh3hPZN_9Yj/view?usp=drive_link;;;SENHOR DO BONFIM;2025-10-01;1175534;Consolidado;N/A
B-1199274;ER-CIND-FAZ-FZ PEDRA-PEDRA;MONTE SANTO;ANAILTON;Energizada;2;2;100%;;BT;;137410 BT;;;PLANO 7;QLP;;;0,0%;1;100%;out./1;R$ 13.325,25;;;;;27/10/2025;31/10/2025;06/10/2025;;TRUE;TRUE;;;D139987;-10,4684228, -39,2720763;E875157 – E875158;https://drive.google.com/file/d/1GLaUABIkivH2ZfSJMp6st-H-kWR1YRQO/view?usp=drive_link;;;SENHOR DO BONFIM;2025-10-01;1199274;Consolidado;N/A
B-1139502;UB-CIND-AV-ANTONIO VICENTE M M-CENTRO;CANSANÇÃO;JEFFERSON;;4;4;100%;;LV + ENERGZ;TRF + N1;124968 (LV) 124350 (EN);;;PLANO 7;PRIORIDADE PLANO ANEEL;;;0,0%;1;100%;out./1;R$ 56.169,24;;;;;20/10/2025;25/10/2025;13/10/2025;;TRUE;TRUE;;;D297035;-10,6594125, -39,4945877;E875322 – E875325;https://drive.google.com/file/d/1KB_Ffd8O0Ut7F3ftx26HSkUSUrsFtfj8/view?usp=drive_link;;;SENHOR DO BONFIM;2025-10-01;1139502;Consolidado;N/A
B-1213134;ER-CIND-POV-DEIXAI 94 -FT-RURAL;CANSANÇÃO;JEFFERSON;;4;4;100%;;LV + BT;3 N1;125095 (LV) 123273 BT;;;PLANO 14;PRIORIDADE PLANO ANEEL;;;0,0%;1;100%;out./1;R$ 39.405,66;;;;;27/10/2025;31/10/2025;13/10/2025;;TRUE;TRUE;;;B164365;-10,6854032, -39,3437082;E875334 – E875337;https://drive.google.com/file/d/12N6F1E_ZjJZI1L2xFWVO0_vI9aQ949MB/view?usp=drive_link;;;SENHOR DO BONFIM;2025-10-01;1213134;Consolidado;N/A
B-1158293;UB-CIND-RUA-HERMANO B SOUZA-URBANA;CANSANÇÃO;JEFFERSON;;4;4;100%;;LV + BT;N1;125076 (LV) 123269 BT;;;PLANO 7;PRIORIDADE PLANO ANEEL;;;0,0%;1;100%;out./1;R$ 24.101,81;;;;;27/10/2025;31/10/2025;13/10/2025;;TRUE;TRUE;;;Q099328;-10,6652094, -39,4990013;E875326 – E875329;https://drive.google.com/file/d/1Vmqy-TWEwX0cNpdx1z-xx9aZjWHty6AK/view?usp=drive_link;;;SENHOR DO BONFIM;2025-10-01;1158293;Consolidado;N/A
B-1172415;UB-CIND-RUA-M CAROLINA FERREIRA-CENTRO;CANSANÇÃO;JEFFERSON;;4;4;100%;;DESL;;;;123282;PLANO 7;PRIORIDADE PLANO ANEEL;;;0,0%;0;100%;out./1;R$ 39.552,26;;;;;20/10/2025;25/10/2025;13/10/2025;;TRUE;TRUE;;;Q099415;-10,6679905, -39,4917045;E875330 – E875333;https://drive.google.com/file/d/1-sawzub04_2yUJrRCX47jaDBUprjkuqa/view?usp=drive_link;;;SENHOR DO BONFIM;2025-10-01;1172415;Consolidado;N/A
B-1186324;AC-CIND-POV-LAGOA DOS CAVALOS-RURAL;CANSANÇÃO;JEFFERSON;;4;4;100%;;LV + ENERGZ + BT + DESL;CE3;124947 (LV) 123271 BT;;127298;PLANO 7;QLP;;;0,0%;0;100%;out./1;R$ 84.103,37;;;;;20/10/2025;25/10/2025;13/10/2025;;TRUE;TRUE;;;D934348;-10,6544928, -39,4879905;E875318 – E875321;https://drive.google.com/file/d/1S_bIjmDjBZM-cDGRb8i-mv8jk9M_vX36/view?usp=drive_link;;;SENHOR DO BONFIM;2025-10-01;1186324;Consolidado;N/A
B-1204768;UB-CIND-RUA-ALOISIO DE CASTRO-CENTRO;MONTE SANTO;OSMAR;Energizada;4;4;100%;;BT;;123295 BT;;;PLANO 7;PRIORIDADE PLANO ANEEL;;4;100,0%;1;100%;out./1;R$ 23.249,21;;;;;13/10/2025;18/10/2025;06/10/2025;;TRUE;TRUE;;;A258407;-10,4341169, -39,333322;E875381 – E875384;https://drive.google.com/file/d/1frnndN5zrnWkXYcti6Anwr8CKyzK9XNc/view?usp=drive_link;;;SENHOR DO BONFIM;2025-10-01;1204768;Consolidado;N/A
B-1176230;ER-CIND-RUA-CORONEL J CORDEIRO-RURAL;MONTE SANTO;OSMAR;Energizada;3;3;100%;;LV + ENERGZ;N3;124452 (EN) 128897(LV);;;PLANO 7;PRIORIDADE PLANO ANEEL;;3;100,0%;1;100%;out./1;R$ 56.845,49;;;;;20/10/2025;25/10/2025;13/10/2025;;TRUE;TRUE;;;D765860;-10,4254957, -39,3336205;E875245 – E875247;https://drive.google.com/file/d/1Z65PfwzlFqTS6XH70eXu7WdRih7OSWYS/view?usp=drive_link;;;SENHOR DO BONFIM;2025-10-01;1176230;Consolidado;N/A
B-1106526;RC-CIND-POV-JENIPAPO DE BAIXO-RURAL;MONTE SANTO;ANAILTON;Energizada;1;1;100%;;BT;;127146 BT;;;PLANO 8;RECLAMAÇÃO;;;0,0%;0;100%;out./1;R$ 5.154,52;;;;;13/10/2025;18/10/2025;06/10/2025;;TRUE;TRUE;;;B321718;-10,5469055, -39,4011689;E875159 – E875159;https://drive.google.com/file/d/100CAuaKshr7SMxHECrui-VuZ8PmDWDIR/view?usp=drive_link;;;SENHOR DO BONFIM;2025-10-01;1106526;Consolidado;N/A
B-1165484;ER CIND LOT PANORAMA RURAL;SENHOR DO BONFIM;JOILSON;Energizada;3;3;100%;;BT;;123291 (BT);;;PLANO 14;PRIORIDADE PLANO ANEEL;;3;100,0%;2;100%;out./1;R$ 15.922,10;;;;;06/10/2025;10/10/2025;13/10/2025;;TRUE;TRUE;FALSE;FALSE;Q067379;-10,4303475, -40,1401728;E875206 – E875208;https://drive.google.com/file/d/19u9AXwEc1UgqVO_qjHwMSM5TCLzA73x7/view?usp=drive_link;;;SENHOR DO BONFIM;2025-10-01;1165484;Consolidado;N/A
B-1195373;ER-CIND-POV-SOCOTO-RURAL;SENHOR DO BONFIM;JOILSON;Energizada;3;3;100%;;BT;;121391 BT;;;PLANO 14;QLP;;3;100,0%;1;100%;out./1;R$ 15.490,78;;;;;06/10/2025;10/10/2025;01/10/2025;;TRUE;TRUE;FALSE;FALSE;D135081;-10,4167964, -40,1809119;E875203 – E875205;https://drive.google.com/file/d/1x7HLnymoAkg-kKMphIQlFr6gLFl1TMbv/view?usp=drive_link;;;SENHOR DO BONFIM;2025-10-01;1195373;Consolidado;N/A
B-1209446;ER-CIND-FAZ-BEBEDOURO-RURAL;QUEIMADAS;GESONI;Energizada;3;3;100%;;BT;;123342 BT;;;PLANO 14;PRIORIDADE PLANO ANEEL;;3;100,0%;1;100%;out./1;R$ 17.698,47;;;;;06/10/2025;11/10/2025;06/10/2025;;TRUE;TRUE;FALSE;FALSE;D314380;-10,9343905, -39,7139194;E875232 – E875234;https://drive.google.com/file/d/1ngURa18NyxJojR37YyfHHcbhUELKTKwN/view?usp=drive_link;;;SENHOR DO BONFIM;2025-10-01;1209446;Consolidado;N/A
B-1194953;ER-CIND-POV-GENIPAPO DE BAIXO-RURAL;MONTE SANTO;ANAILTON;Energizada;1;1;100%;;BT;;127139 BT;;;PLANO 14;QLP;;;0,0%;1;100%;out./1;R$ 6.101,91;;;;;13/10/2025;18/10/2025;06/10/2025;;TRUE;TRUE;;;D129345;-10,5529584, -39,3971409;E875160 – E875160;https://drive.google.com/file/d/1oxfgyhN3-e6PTT2EOBu09dMnGjS1P1Sa/view?usp=drive_link;;;SENHOR DO BONFIM;2025-10-01;1194953;Consolidado;N/A
B-1204798;UB-CIND-RUA-JOSE DE FRANCA-CANSANCAO;CANSANÇÃO;JEFFERSON;Energizada;3;3;100%;;DESL;;;;121454;PLANO 7;PRIORIDADE PLANO ANEEL;;;0,0%;1;100%;out./1;R$ 20.714,69;;;;;13/10/2025;18/10/2025;06/10/2025;;TRUE;TRUE;;;D172241;-10,6693751, -39,5033644;E875189 – E875191;https://drive.google.com/file/d/1UwiHvwWb4VdZgd2BwheI-ixkUCBaqTCo/view?usp=drive_link;;;SENHOR DO BONFIM;2025-10-01;1204798;Consolidado;N/A
B-1162988;UB-CIND-RUA-LEONIA COELHO FERREIRA-CENTR;CANSANÇÃO;JEFFERSON;Energizada;3;3;100%;;LV + BT;1 N3-3 + 1 N1;124892 (LV) 123043 BT;;122323;PLANO 7;PRIORIDADE PLANO ANEEL;;;0,0%;1;100%;out./1;R$ 27.601,54;;;;;13/10/2025;18/10/2025;06/10/2025;;TRUE;TRUE;;;Q099283;-10,6674182, -39,4982849;E875186 – E875188;https://drive.google.com/file/d/1iE0cMT-BT0S_1WSNrL0uEXVhvk3mphtA/view?usp=drive_link;;;SENHOR DO BONFIM;2025-10-01;1162988;Consolidado;N/A
B-1185410;ER-CIND-ET-SENHOR DO BONFIM-RURAL;SENHOR DO BONFIM;REGINALDO;Energizada;3;3;100%;;LV + ENERGZ;N1 C/ TRF;123508(LV)     124287 (EN);;;PLANO 7;RECLAMAÇÃO;;3;100,0%;1;100%;out./1;R$ 26.468,62;;;;;13/10/2025;18/10/2025;08/10/2025;;TRUE;TRUE;FALSE;FALSE;Q071127;-10,5773657, -40,1424433;E875215 – E875217;https://drive.google.com/file/d/1yG2jA9-3Le2rZfvytOu6oyYkD-qSvQb0/view?usp=drive_link;;;SENHOR DO BONFIM;2025-10-01;1185410;Consolidado;N/A
B-1211141;ER-CIND-POV-CARAIBAS -RURAL;CAMPO FORMOSO;ISRAEL;Energizada;3;3;100%;;DESL;;;;122294;PLANO 14;PRIORIDADE PLANO ANEEL;;;0,0%;1;100%;out./1;R$ 19.429,55;;;;;27/10/2025;31/10/2025;14/10/2025;;TRUE;TRUE;;;Q063266;-10,4656053, -40,4449942;E875180 – E875182;https://drive.google.com/file/d/1h4JITGLQgHeXWaHARZF00ud4zoGEduwN/view?usp=drive_link;;;SENHOR DO BONFIM;2025-10-01;1211141;Consolidado;N/A
B-1213046;ER-CIND-FAZ-NOVA ESPERANCA-RURAL;SENHOR DO BONFIM;JOILSON;Energizada;3;3;100%;;BT;;121409 BT;;;PLANO 14;PRIORIDADE PLANO ANEEL;;3;100,0%;0;100%;out./1;R$ 15.745,12;;;;;06/10/2025;10/10/2025;01/10/2025;;TRUE;TRUE;FALSE;FALSE;E657158;-10,501671, -40,0969;E875218 – E875220;https://drive.google.com/file/d/1WsPo9OQ2V_rKmZz8EXTtKuhZiGad8CUA/view?usp=drive_link;;;SENHOR DO BONFIM;2025-10-01;1213046;Consolidado;N/A
B-1211192;ER-CIND-POV-CACIMBA-CACIMBINHA;CANSANÇÃO;JEFFERSON;;3;3;100%;;DESL + LV + BT;N1 C/ TRF;124981 (LV) 123279 (BT);;128903;PLANO 14;PRIORIDADE PLANO ANEEL;;;0,0%;1;100%;out./1;R$ 33.755,69;;;;;20/10/2025;25/10/2025;13/10/2025;;TRUE;TRUE;;;Q101267;-10,7173807, -39,453117;E875192 – E875194;https://drive.google.com/file/d/1rUdQCmjOqOYFwDCN2fKL62HfyI9ExvXd/view?usp=drive_link;;;SENHOR DO BONFIM;2025-10-01;1211192;Consolidado;N/A
B-1194770;ER-CIND-POV-FLORES -FLORES;MONTE SANTO;OSMAR;;2;2;100%;;LV + BT;2 N1;123106 BT;;123285;PLANO 14;QLP;;;0,0%;1;100%;out./1;R$ 13.435,26;;;;;20/10/2025;25/10/2025;13/10/2025;;TRUE;TRUE;;;D107818;-10,150653, -39,5808952;E875248 – E875249;https://drive.google.com/file/d/14_po5iDUOFGdzDZjS1WGCLNsIJayKeN8/view?usp=drive_link;;;SENHOR DO BONFIM;2025-10-01;1194770;Consolidado;N/A
B-1167442;UB CIND RUA JOSE BELAU DOS SANTO URBANO;CANSANÇÃO;JEFFERSON;Cancelada;2;2;100%;;BT;;119937 BT;;;PLANO 7;AIC AUDITORIA;;;0,0%;2;100%;out./1;R$ 17.771,84;;;;;06/10/2025;11/10/2025;06/10/2025;;TRUE;TRUE;;;D649803;-10,6594498, -39,4859276;E875195 – E875196;https://drive.google.com/file/d/19WTRZMqnJU7aHQlr5ckEnoJ3lNwlelb5/view?usp=drive_link;;;SENHOR DO BONFIM;2025-10-01;1167442;Descartado;Status Excluído (STATUS)
B-1177169;UB-CIND-LOT-EMANUELA-URBANA;SENHOR DO BONFIM;JOILSON;Energizada;2;2;100%;;BT;;121366 BT;;;PLANO 7;PRIORIDADE PLANO ANEEL;;2;100,0%;2;100%;out./1;R$ 13.934,64;;;;;06/10/2025;10/10/2025;01/10/2025;;TRUE;TRUE;FALSE;FALSE;D116977;-10,4536602, -40,1991061;E875221 – E875222;https://drive.google.com/file/d/1l6jV7gGUsHYRHpqi4qajtrhnb6wjQh5m/view?usp=drive_link;;;SENHOR DO BONFIM;2025-10-01;1177169;Consolidado;N/A
B-1198639;ER-CIND-FAZ-VOLTA DO RIO-RURAL;QUEIMADAS;GESONI;Energizada;2;2;100%;;BT;;123330 BT;;;PLANO 7;QLP;;2;100,0%;1;100%;out./1;R$ 15.879,66;;;;;06/10/2025;11/10/2025;06/10/2025;;TRUE;TRUE;FALSE;FALSE;D522909;-10,9877095, -39,7613463;E875237 – E875238;https://drive.google.com/file/d/1BcDjcIi-PNE8DW0aWtoWftdEvirQsBAT/view?usp=drive_link;;;SENHOR DO BONFIM;2025-10-01;1198639;Consolidado;N/A
B-1179582;UB-CIND-RUA-ENCESLAU DOS SANTOS BELAU 18;CANSANÇÃO;JEFFERSON;Energizada;2;2;100%;;BT;;119961 BT;;;PLANO 7;PRIORIDADE PLANO ANEEL;;2;100,0%;1;100%;out./1;R$ 12.948,51;;;;;06/10/2025;11/10/2025;06/10/2025;;TRUE;TRUE;;;Q098563;-10,6695789, -39,4965427;E875197 – E875198;https://drive.google.com/file/d/1UIvdbSVN59mdPM_ybnq7xrAWEqD-VH-j/view?usp=drive_link;;;SENHOR DO BONFIM;2025-10-01;1179582;Consolidado;N/A
B-1139486;ER-CIND-POV-ALTO LINDO-RURAL;CANSANÇÃO;JEFFERSON;Energizada;2;2;100%;;BT;;123318 BT;;;PLANO 7;QLP;;2;100,0%;1;100%;out./1;R$ 14.665,70;;;;;06/10/2025;11/10/2025;06/10/2025;;TRUE;TRUE;;;A000005;-10,659983, -39,651906;E875199 – E875200;https://drive.google.com/file/d/1K9gT97NvpZoxfHOrr8cQi_aK4RnRswBM/view?usp=drive_link;;;SENHOR DO BONFIM;2025-10-01;1139486;Consolidado;N/A
B-1196233;ER-CIND-FAZ-VARGEM DE FORA-RURAL;QUEIMADAS;GESONI;Energizada;2;2;100%;;LV + BT;2 N1;123176 BT 129498(LV);;;PLANO 14;RECLAMAÇÃO;;;0,0%;1;100%;out./1;R$ 23.328,19;;;;;13/10/2025;18/10/2025;06/10/2025;;TRUE;TRUE;FALSE;FALSE;D570689;-10,8759863, -39,6008376;E875235 – E875236;https://drive.google.com/file/d/1qrRxEF62yPkoGQdBCF4EiKn880gZxoBl/view?usp=drive_link;;;SENHOR DO BONFIM;2025-10-01;1196233;Consolidado;N/A
B-1180375;UB-CIND-RUA-CASAS POPULARES 657-CENTRO;CAMPO FORMOSO;ISRAEL;Energizada;2;2;100%;;BT;;120701 BT;;;PLANO 7;PRIORIDADE PLANO ANEEL;;2;100,0%;1;100%;out./1;R$ 10.572,11;;;;;07/10/2025;11/10/2025;07/10/2025;;TRUE;TRUE;;;D700734;-10,4976781, -40,3246296;E875170 – E875171;https://drive.google.com/file/d/1JAk2pq-IXne2hYLfzFV2kXB3byRWatVz/view?usp=drive_link;;;SENHOR DO BONFIM;2025-10-01;1180375;Consolidado;N/A
B-1196743;ER-CIND-TRAV DA COMISA-CENTRO;CAMPO FORMOSO;ISRAEL;Energizada;2;2;100%;;BT;;120756 BT;;;PLANO 14;QLP;;;0,0%;1;100%;out./1;R$ 8.765,48;;;;;13/10/2025;18/10/2025;07/10/2025;;TRUE;TRUE;;;B079002;-10,538731, -40,4008459;E875172 – E875173;https://drive.google.com/file/d/1PRewnn1evfeEE_57oJvkWFbYqYVbCCp9/view?usp=drive_link;;;SENHOR DO BONFIM;2025-10-01;1196743;Consolidado;N/A
B-1182542;ER-CIND-FAZ-JUNCO 100--A;SENHOR DO BONFIM;REGINALDO;Energizada;2;3;100%;;LV + ENERGZ;N1 C/ TRF;123509(LV)      124307(EN);;;PLANO 7;QLP;;2;100,0%;1;100%;out./1;R$ 22.875,07;;;;;13/10/2025;18/10/2025;08/10/2025;;TRUE;TRUE;FALSE;FALSE;B008651;-10,4819365, -40,0170831;E875223 – E875224;https://drive.google.com/file/d/1Hzy952xxU6t8Jmo8MgvzSn_vQyZb1bSj/view?usp=drive_link;;;SENHOR DO BONFIM;2025-10-01;1182542;Consolidado;N/A
B-1196489;ER-CIND-POV-LAGOA DA PEDRA -RURAL;MONTE SANTO;OSMAR;Energizada;2;2;100%;;BT;;122206 BT;;;PLANO 14;QLP;;2;100,0%;1;100%;out./1;R$ 16.165,67;;;;;06/10/2025;11/10/2025;06/10/2025;;TRUE;TRUE;;;D239367;-10,3930219, -39,1808423;E875250 – E875251;https://drive.google.com/file/d/1DrubtASAciV_fTdFTuUUPNWJbIHM8Yes/view?usp=drive_link;;;SENHOR DO BONFIM;2025-10-01;1196489;Consolidado;N/A
B-1197373;ER-CIND-FAZ-SAO PEDRO-RURAL;MONTE SANTO;JOSE;Energizada;2;2;100%;;BT;;122291 BT;;;PLANO 14;QLP;;2;100,0%;0;100%;out./1;R$ 10.376,75;;;;;06/10/2025;11/10/2025;06/10/2025;;TRUE;TRUE;;;D139214;-10,2297888, -39,3779683;E875230 – E875231;https://drive.google.com/file/d/1n2OMghOqOUbjo8k_KCUE99cFbneJynnf/view?usp=drive_link;;;SENHOR DO BONFIM;2025-10-01;1197373;Consolidado;N/A
B-1149566;ER-CIND-POV-LAGE-RURAL;MONTE SANTO;ANAILTON;;1;1;100%;;LV + ENERGZ;N1 C/ TRF;127208 (EN);;;PLANO 7;PRIORIDADE PLANO ANEEL;;;0,0%;1;100%;out./1;R$ 21.269,92;;;;;20/10/2025;25/10/2025;06/10/2025;;TRUE;TRUE;;;A249948;-10,4666449, -39,2706592;E875152 – E875153;https://drive.google.com/file/d/16vhzvlqzctwCDMbRAV9FK_aQisV0zVJb/view?usp=drive_link;;;SENHOR DO BONFIM;2025-10-01;1149566;Consolidado;N/A
B-1198651;ER-CIND-FAZ-PEDRA-RURAL;MONTE SANTO;ANAILTON;;1;1;100%;;LV + ENERGZ;N1 C/ TRF;127095 (EN);;;PLANO 7;PRIORIDADE PLANO ANEEL;;;0,0%;1;100%;out./1;R$ 21.323,67;;;;;27/10/2025;31/10/2025;06/10/2025;;TRUE;TRUE;;;D394972;-10,4752186, -39,3080912;E875154 – E875154;https://drive.google.com/file/d/1TqaAjnC2mF93Ls2xR-UZjEIBVRJEP98O/view?usp=drive_link;;;SENHOR DO BONFIM;2025-10-01;1198651;Consolidado;N/A
B-1148214;ER-CIND-FAZ-LAGOA DO CURRAL-RURAL;NORDESTINA;ANAILTON;Energizada;7;7;100%;;LV + ENERGZ;N1 C/ TRF;124484(LV)       127076 (EN);;;PLANO 14;PRIORIDADE PLANO ANEEL;;4;57,1%;1;100%;out./1;R$ 49.168,53;;;;;06/10/2025;11/10/2025;06/10/2025;;TRUE;TRUE;;;D366607;-10,8040096, -39,4758105;E875255 – E875261;https://drive.google.com/file/d/1yvEV9rJqX6wwmaH3gnSBC74f17dFloLa/view?usp=drive_link;;;SENHOR DO BONFIM;2025-10-01;1148214;Consolidado;N/A
B-1210510;ER-CIND-POV-FAZENDINHA 1-RURAL;NORDESTINA;ANAILTON;Energizada;6;6;100%;;BT;;127112 BT;;;PLANO 14;PRIORIDADE PLANO ANEEL;;3;50,0%;1;100%;out./1;R$ 30.651,90;;;;;13/10/2025;18/10/2025;06/10/2025;;TRUE;TRUE;;;Q102378;-10,8276884, -39,4531101;E875262 – E875267;https://drive.google.com/file/d/1EmLwTSJsWEYWi3rCE-Q_hcditAKJAqcQ/view?usp=drive_link;;;SENHOR DO BONFIM;2025-10-01;1210510;Consolidado;N/A
B-1152445;ER-CIND-POV-VARZEA DO CURRAL 10-RURAL;QUEIMADAS;MARCELO;Cancelada;1;1;100%;;LV + BT;1 N1;127518 (LV) 123073 BT;;;PLANO 7;PRIORIDADE PLANO ANEEL;;;0,0%;0;100%;out./1;R$ 8.095,52;;;;;13/10/2025;18/10/2025;13/10/2025;;TRUE;TRUE;;;D205250;-11,0538934, -39,5930657;E875242 – E875242;https://drive.google.com/file/d/1j3oBmyhi1jBoBf0x7hAW8E19CjRIMOzj/view?usp=drive_link;;;SENHOR DO BONFIM;2025-10-01;1152445;Descartado;Status Excluído (STATUS)
B-1145042;UB-CIND-RUA-NOVA-ALTO DO S O FRANCISCO;MONTE SANTO;JOSE;Energizada;1;1;100%;;LV + BT;1 CE1;123268 BT 128270(LV);;;PLANO 7;PRIORIDADE PLANO ANEEL;;1;100,0%;1;100%;out./1;R$ 11.163,56;;;;;13/10/2025;18/10/2025;13/10/2025;;TRUE;TRUE;;;D409478;-10,4318307, -39,3245447;E875253 – E875253;https://drive.google.com/file/d/1LxKFeEGfWl3J-ePgzSzfeMIeY2FzXrUl/view?usp=drive_link;;;SENHOR DO BONFIM;2025-10-01;1145042;Consolidado;N/A
B-1197007;UB-CIND-RUA-DO ESTADIO-NOVA QUEIMADA;QUEIMADAS;GESONI;Energizada;1;1;100%;;BT;;123303 BT;;;PLANO 7;QLP;;1;100,0%;1;100%;out./1;R$ 8.296,37;;;;;06/10/2025;11/10/2025;06/10/2025;;TRUE;TRUE;FALSE;FALSE;Q103941;-10,9798573, -39,6197173;E875240 – E875240;https://drive.google.com/file/d/15AChqvsfXAn_OmNDLdW_PH5kBLkb3HkD/view?usp=drive_link;;;SENHOR DO BONFIM;2025-10-01;1197007;Consolidado;N/A
B-1199123;ER-CIND-POV-CACIMBINHA 100-CACIMBINHA;CANSANÇÃO;JEFFERSON;Energizada;1;1;100%;;BT;;120012 BT;;;PLANO 14;QLP;;1;100,0%;1;100%;out./1;R$ 26.517,08;;;;;06/10/2025;11/10/2025;06/10/2025;;TRUE;TRUE;;;Q101280;-10,7185953, -39,4501851;E875338 – E875341;https://drive.google.com/file/d/1QnO1-jwvYiESE8wBLu8nIHi35UDUJmlH/view?usp=drive_link;;;SENHOR DO BONFIM;2025-10-01;1199123;Consolidado;N/A
B-1196034;ER-CIND-POV-VARZEA DO POCO-PONTO NOVO;PONTO NOVO;EDVALDO;Energizada;1;1;100%;;LV + ENERGZ;N1 C/ TRF;124208 (EN) 127678 (LV);;;PLANO 7;REPUTACIONAL;;0;0,0%;1;100%;out./1;R$ 21.721,55;;;;;07/10/2025;11/10/2025;07/10/2025;;;TRUE;;;D001041;-10,9070848, -40,0633912;E875167 – E875167;https://drive.google.com/file/d/1o08oOHhWAfP4YiMBXRYusfBOof53qH20/view?usp=drive_link;;;SENHOR DO BONFIM;2025-10-01;1196034;Consolidado;N/A
B-1177165;UB-CIND-LOT-SANTA LUZIA-CAMPO FORMOSO;CAMPO FORMOSO;ISRAEL;Energizada;1;1;100%;;BT;;120740 BT;;;PLANO 7;PRIORIDADE PLANO ANEEL;;1;100,0%;1;100%;out./1;R$ 5.173,29;;;;;13/10/2025;18/10/2025;07/10/2025;;TRUE;TRUE;;;E638583;-10,4962324, -40,3260021;E875174 – E875174;https://drive.google.com/file/d/1tWjFybAZ5ziwb_QPTwSp3qtV26VeEiE8/view?usp=drive_link;;;SENHOR DO BONFIM;2025-10-01;1177165;Consolidado;N/A
B-1164103;ER-CIND-FAZ-DE CIMA-CENTRO;QUEIMADAS;GESONI;Energizada;1;1;100%;;LV + ENERGZ;N1 C/ TRF;124337 (EN) 129500 (LV);;;PLANO 7;PRIORIDADE PLANO ANEEL;;;0,0%;1;100%;out./1;R$ 13.841,26;;;;;13/10/2025;18/10/2025;13/10/2025;;TRUE;TRUE;;;A264403;-11,1316656, -39,5756908;E875243 – E875243;https://drive.google.com/file/d/11zoiv22zgel_gngVzrIWt3witmat1pVG/view?usp=drive_link;;;SENHOR DO BONFIM;2025-10-01;1164103;Consolidado;N/A
B-1149451;ER-CCOL-POV-SITIO DE NANINHA-S D NANINHA;MONTE SANTO;OSMAR;Energizada;1;1;100%;;LV + BT;N1 C/ TRF;127516 (LV) 123017 BT;;121458;PLANO 7;PRIORIDADE PLANO ANEEL;;;0,0%;1;100%;out./1;R$ 19.850,67;;;;;13/10/2025;18/10/2025;06/10/2025;;;TRUE;;;A258407;-10,4938987, -39,4047298;E875254 – E875254;https://drive.google.com/file/d/1flkXaUuGURCjBZT6gKNyoXvbiR5jgJ8b/view?usp=drive_link;;;SENHOR DO BONFIM;2025-10-01;1149451;Consolidado;N/A
B-1167466;ER CIND FZ VARZEA GRANDE RURAL;QUEIMADAS;GESONI;Energizada;1;1;100%;;LV + ENERGZ;N1 C/ TRF;127521 (LV) 124433 (EN);;123372;PLANO 7;AIC AUDITORIA;;;0,0%;1;100%;out./1;R$ 22.361,91;;;;;20/10/2025;25/10/2025;13/10/2025;;TRUE;TRUE;;;D396531;-10,9530155, -39,9582648;E875239 – E875239;https://drive.google.com/file/d/1GUOmAUJ2XR_JVpbQpWdmioAagkv2VA0t/view?usp=drive_link;;;SENHOR DO BONFIM;2025-10-01;1167466;Consolidado;N/A
B-1172911;ER-CIND-RUA-DA PISTA-LOTEAMENTO SONIA;QUEIMADAS;MARCELO;Energizada;1;1;100%;;LV + BT;1 N1;127515 (LV) 122993 BT;;120813;PLANO 7;PRIORIDADE PLANO ANEEL;;1;100,0%;0;100%;out./1;R$ 8.024,25;;;;;13/10/2025;18/10/2025;13/10/2025;;TRUE;TRUE;;;E194712;-10,9876152, -39,6149923;E875244 – E875244;https://drive.google.com/file/d/1hZLL5s7NHT7R9MH8N-f_e7tSInlWanSr/view?usp=drive_link;;;SENHOR DO BONFIM;2025-10-01;1172911;Consolidado;N/A
B-1189784;UB-CIND-RUA-AFONSO TOLENTINO 178-URBANA;MONTE SANTO;OSMAR;Energizada;1;1;100%;;BT;;122184 BT;;;PLANO 7;PRIORIDADE PLANO ANEEL;;1;100,0%;1;100%;out./1;R$ 10.251,56;;;;;06/10/2025;11/10/2025;06/10/2025;;;TRUE;;;D700706;-10,4359943, -39,3234803;E875252 – E875252;https://drive.google.com/file/d/1Zn9V8BdUndPiARw3cB1XdnPYXIzdGffs/view?usp=drive_link;;;SENHOR DO BONFIM;2025-10-01;1189784;Consolidado;N/A
B-1148717;ER-CIND-POV-LAGINHA-RURAL;QUEIMADAS;GESONI;;1;1;100%;;LV + ENERGZ;N1 C/ TRF;124420 (EN);;123296;PLANO 7;PRIORIDADE PLANO ANEEL;;1;100,0%;1;100%;out./1;R$ 18.416,88;;;;;20/10/2025;25/10/2025;13/10/2025;;TRUE;TRUE;;;D565953;-11,0102411, -39,673026;E875241 – E875241;https://drive.google.com/file/d/1cYkIJgaRRFhfKUBTqgH_ueFQWVUTJ6la/view?usp=drive_link;;;SENHOR DO BONFIM;2025-10-01;1148717;Consolidado;N/A
B-1155593;ER-CIND-FAZ-JUAZEIRINHO-RURAL;CANSANÇÃO;JEFFERSON;;1;1;100%;;LV + ENERGZ;N1 C/ TRF;125048 (LV)   125848 (EN);29/10/2025;128912;PLANO 7;PRIORIDADE PLANO ANEEL;;;0,0%;1;100%;out./1;R$ 20.229,80;;;;;27/10/2025;31/10/2025;13/10/2025;;TRUE;TRUE;;;D265962;-10,6850113, -39,5549432;E875202 – E875202;https://drive.google.com/file/d/1-m2QkNBzfsq5ArEr7_pW5dDvuxxmXmMd/view?usp=drive_link;;;SENHOR DO BONFIM;2025-10-01;1155593;Consolidado;N/A
B-1158161;ER-CIND-POV-LAGOA DOS ALTOS-LAGOA DOS AL;CANSANÇÃO;JEFFERSON;;1;1;100%;;LV + ENERGZ;N1 C/ TRF;125011 (LV) 124902 (EN);;;PLANO 7;PRIORIDADE PLANO ANEEL;;;0,0%;1;100%;out./1;R$ 15.000,26;;;;;27/10/2025;31/10/2025;13/10/2025;;TRUE;TRUE;;;D158998;-10,6306033, -39,457738;E875201 – E875201;https://drive.google.com/file/d/1nBqmO9QjEOqxkoPP2WFLlIv3r67uImZP/view?usp=drive_link;;;SENHOR DO BONFIM;2025-10-01;1158161;Consolidado;N/A
B-1203983;ER-CIND-POV-DE QUIBA-RURAL;NORDESTINA;ANAILTON;Energizada;5;5;100%;;LV + ENERGZ;N1 C/ TRF;127125 (EN) 129497 (LV);;;PLANO 14;PRIORIDADE PLANO ANEEL;;1;20,0%;1;100%;out./1;R$ 48.956,43;;;;;13/10/2025;18/10/2025;06/10/2025;;;TRUE;;;D003045;-10,8758299, -39,4775145;E875268 – E875272;https://drive.google.com/file/d/1W6JA17TFzAEkllC5_OcpL2rB0V3CHRmt/view?usp=drive_link;;;SENHOR DO BONFIM;2025-10-01;1203983;Consolidado;N/A
B-1210474;UB-CIND-RUA-DAVID LOPES GUIMARAES-CENTRO;NORDESTINA;ANAILTON;Energizada;3;3;100%;;BT;;127100 BT;;;PLANO 7;PRIORIDADE PLANO ANEEL;;3;100,0%;2;100%;out./1;R$ 19.700,51;;;;;06/10/2025;11/10/2025;06/10/2025;;TRUE;TRUE;;;D135084;-10,8296836, -39,4294429;E875164 – E875166;https://drive.google.com/file/d/1RMow-MHFiM8PjnN2HzG6qI3OAuPX3izm/view?usp=drive_link;;;SENHOR DO BONFIM;2025-10-01;1210474;Consolidado;N/A
B-1196897;UB-CIND-AV-PAULO DA SILVA REIS-CENTRO;NORDESTINA;ANAILTON;Energizada;3;3;100%;;BT;;127103 BT;;;PLANO 7;QLP;;3;100,0%;1;100%;out./1;R$ 23.563,21;;;;;06/10/2025;11/10/2025;06/10/2025;;TRUE;TRUE;;;Q095749;-10,8182368, -39,4292432;E875161 – E875163;https://drive.google.com/file/d/10HA6UbFGGTQfoTW3QQheIS2MdZH4eIpc/view?usp=drive_link;;;SENHOR DO BONFIM;2025-10-01;1196897;Consolidado;N/A
B-1196300;ER-CIND-POV-DEIXAI 9-RURAL;CANSANÇÃO;JEFFERSON;Energizada;0;;100%;;BT;;120004 BT;;;PLANO 14;QLP;;;100,0%;1;100%;out./1;R$ 2.326,59;;;;;06/10/2025;11/10/2025;06/10/2025;;;TRUE;;;D299596;-10,6834861, -39,312246;0;https://drive.google.com/file/d/1OgqGymj9tSaRSaY-bKGFMfSmiVcVCk_z/view?usp=drive_link;;;SENHOR DO BONFIM;2025-10-01;1196300;Consolidado;N/A
B-1160058;UB-CIND-RUA-SAO MIGUEL-CENTRO-CANSANCAO;CANSANÇÃO;JEFFERSON;Energizada;0;;100%;;DESL;;;;120058;PLANO 7;PRIORIDADE PLANO ANEEL;;;100,0%;1;100%;out./1;R$ 43.107,60;;;;;13/10/2025;18/10/2025;06/10/2025;;TRUE;TRUE;;;Q099395;-10,6680924, -39,4947338;0;https://drive.google.com/file/d/1_E4W-ZxRY_f32obN2FfsqzXw6_xIAHPC/view?usp=drive_link;;;SENHOR DO BONFIM;2025-10-01;1160058;Consolidado;N/A
B-1172194;ER-CIND-ROD-BA-374-RURAL-CAMPO FORMOSO;CAMPO FORMOSO;ISRAEL;Energizada;0;;100%;;LV + ENERGZ;TRF;124645 (LV) 124245 (EN);;120055;PLANO 7;PRIORIDADE PLANO ANEEL;;;100,0%;1;100%;out./1;R$ 13.701,02;;;;;13/10/2025;18/10/2025;07/10/2025;;TRUE;TRUE;;;E193958;-10,501227, -40,340398;0;https://drive.google.com/file/d/19LOqNw2er8fMAObK95e2veiCBSgD96Fp/view?usp=drive_link;;;SENHOR DO BONFIM;2025-10-01;1172194;Consolidado;N/A
B-1148023;ER-CIND-POV-PEDRA DO MATADOURO-RURAL;MONTE SANTO;OSMAR;Energizada;0;;100%;;LV + ENERGZ;TRF;125078 (EN);;120808;PLANO 7;PRIORIDADE PLANO ANEEL;;;100,0%;1;100%;out./1;R$ 13.891,17;;;;;13/10/2025;18/10/2025;06/10/2025;;TRUE;TRUE;;;D183857;-10,4422641, -39,3008091;0;https://drive.google.com/file/d/1iDEQ19tvaJp7nUciBR9B3nkT6yw89C0n/view?usp=drive_link;;;SENHOR DO BONFIM;2025-10-01;1148023;Consolidado;N/A
B-1167538;ER-CIND-POV-HORIZONTE NOVO-RURAL;MONTE SANTO;OSMAR;Energizada;0;;100%;;LV + ENERGZ;TRF;127525 (LV) 124985 (EN);;120061;PLANO 7;PRIORIDADE PLANO ANEEL;;;100,0%;1;100%;out./1;R$ 16.380,36;;;;;13/10/2025;18/10/2025;06/10/2025;;TRUE;TRUE;;;D287983;-10,34874, -39,7181151;0;https://drive.google.com/file/d/1o7gSWBSeiBUWLejvdQ2pLC-uSAW6a2Ly/view?usp=drive_link;;;SENHOR DO BONFIM;2025-10-01;1167538;Consolidado;N/A
B-1198687;AC-CIND-POV-SERRA GRANDE -RURAL;MONTE SANTO;OSMAR;Energizada;0;;100%;;BT;;122142 BT;;;PLANO 7;QLP;;;100,0%;0;100%;out./1;R$ 1.933,09;;;;;06/10/2025;11/10/2025;06/10/2025;;TRUE;TRUE;;;D148223;-10,2691195, -39,2747811;0;https://drive.google.com/file/d/1WFdRPA2w6sVMQbJOQ9YCrVrteGNSJOqC/view?usp=drive_link;;;SENHOR DO BONFIM;2025-10-01;1198687;Consolidado;N/A
;;;;;;;;;;;;;;;;;;;;;;;;;;;;;;;;;;;;;;;;;SENHOR DO BONFIM;2025-10-01;0000nan;Consolidado;N/A
;;;;;;;;;;;;;;;;;;;;;;;;;;;;;;;;;;;;;;;;;SENHOR DO BONFIM;2025-10-01;0000nan;Consolidado;N/A
;;;;;;;;;;;;;;;;;;;;;;;;;;;;;;;;;;;;;;;;;SENHOR DO BONFIM;2025-10-01;0000nan;Consolidado;N/A
;;;;;;;;;;;;;;;;;;;;;;;;;;;;;;;;;;;;;;;;;SENHOR DO BONFIM;2025-10-01;0000nan;Consolidado;N/A
;;;;;;;;;;;;;;;;;;;;;;;;;;;;;;;;;;;;;;;;;SENHOR DO BONFIM;2025-10-01;0000nan;Consolidado;N/A
;;;;;;;;;;;;;;;;;;;;;;;;;;;;;;;;;;;;;;;;;SENHOR DO BONFIM;2025-10-01;0000nan;Consolidado;N/A
;;;;;;;;;;;;;;;;;;;;;;;;;;;;;;;;;;;;;;;;;SENHOR DO BONFIM;2025-10-01;0000nan;Consolidado;N/A
;;;;;;;;;;;;;;;;;;;;;;;;;;;;;;;;;;;;;;;;;SENHOR DO BONFIM;2025-10-01;0000nan;Consolidado;N/A
;;;;;;;;;;;;;;;;;;;;;;;;;;;;;;;;;;;;;;;;;SENHOR DO BONFIM;2025-10-01;0000nan;Consolidado;N/A
;;;;;;;;;;;;;;;;;;;;;;;;;;;;;;;;;;;;;;;;;SENHOR DO BONFIM;2025-10-01;0000nan;Consolidado;N/A
;;;;;;;;;;;;;;;;;;;;;;;;;;;;;;;;;;;;;;;;;SENHOR DO BONFIM;2025-10-01;0000nan;Consolidado;N/A
;;;;;;;;;;;;;;;;;;;;;;;;;;;;;;;;;;;;;;;;;SENHOR DO BONFIM;2025-10-01;0000nan;Consolidado;N/A
;;;;;;;;;;;;;;;;;;;;;;;;;;;;;;;;;;;;;;;;;SENHOR DO BONFIM;2025-10-01;0000nan;Consolidado;N/A
;;;;s;;;;;;;;;;;;;;;;;;;;;;;;;;;;;;;;;;;;;SENHOR DO BONFIM;2025-10-01;0000nan;Consolidado;N/A
