PROJETO;TITULO;MUNICIPIO;ENCARREGADO;STATUS;LV;PES S/I;PES DESLIG;RESUMO;OBS;CLIET.;CAVR;CAVD;PSTP;PST EXEC;EQPP;EQPR;RDEP;RDER;AVANÇO;AVNR;PLANO;V. PROJETO;V. PRJ 25%;CART.;PV. INÍCIO;PV. FIM;ENERGIZAÇÃO;SUPERVISOR;AR;DT. SEPARAÇÃO;RESERVA;SACADO;PRÉ FECHAMENTO;SIMPLIFICADA;VISITA PRÉVIA;REFERÊNCIA;LATITUDE;LONGITUDE;COORD;CARTEIRA_FATO;PROJETO_FATO;STATUS_AUDITORIA;MOTIVO_DESCARTE
B-1044483;MP-CCOL-POV.CACIMBINHA-RURAL;CAMPO FORMOSO;ALDAIR + EDVALDO;Energizada;Realizado;*;;LV + ENERG;;27;;;323;0;;;;;100%;0%;PLANO 14;R$ 3.522.354,62;R$ 880.588,66;abr./25;01/03/2025;05/04/2025;30/04/2025;JOÃO;HIAGO;01/03/2025;;TRUE;TRUE;FALSE;FALSE;D010745;-9.9124989;-40.6843068;SENHOR DO BONFIM;2025-04-01;1044483;Consolidado;N/A
B-1127905;RR-CCOL-POV-BARAUNA-RURAL;ANDORINHAS;JOSE SILVA;Em execução;Pendente;45474/45475;;LV + ENERG;;4;;;38;0;;;;;50%;0%;PLANO 14;R$ 259.844,28;R$ 64.961,07;abr./25;03/04/2025;26/05/2025;;JOÃO;DIORLAN;08/04/2025;Sim;TRUE;TRUE;FALSE;FALSE;D565526;-10.2215332;-39.9953837;SENHOR DO BONFIM;2025-04-01;1127905;Consolidado;N/A
B-1160399;UB-CIND-RUA-ANA IZABEL MUNIZ-CENTRO;FILADÉLFIA;BADU;Energizada;Realizado;;32528 09/04;DESLG. 09/04 + LV;;1;;;4;0;;;;;100%;0%;PLANO 7;R$ 114.492,27;R$ 28.623,07;abr./25;07/04/2025;09/04/2025;09/04/2025;JOÃO;LUDIMILA;07/04/2025;;TRUE;TRUE;TRUE;FALSE;Q053010;-10.7406578;-40.1320495;SENHOR DO BONFIM;2025-04-01;1160399;Consolidado;N/A
B-1152424;LD - CIND POV PERIPERI - RURAL;MONTE SANTO;GESONI;Energizada;Realizado;;;LV + ENERGIZAÇÃO;;1;;;1;1;;;;;100%;0%;PLANO 7;R$ 33.804,70;R$ 8.451,18;mar./25;01/03/2025;31/03/2025;04/04/2025;DICSON;ADISON;;;TRUE;TRUE;TRUE;FALSE;A189384;-10,5117465;-39,5420435;SENHOR DO BONFIM;2025-04-01;1152424;Consolidado;N/A
B-1078156;LD CIND POV ALAGADIÇO RURAL JQR;JAGUARARI;BADU;Energizada;Pendente;2025-39888/2025-39889;;LV + ENERG;;1;;;13;0;;;;;100%;0%;PLANO 14;R$ 97.029,27;R$ 24.257,32;abr./25;02/04/2025;11/04/2025;30/04/2025;JOÃO;DIORLAN;10/04/2025;Sim;TRUE;TRUE;FALSE;FALSE;D179260;-10.0647744;-40.1924558;SENHOR DO BONFIM;2025-04-01;1078156;Consolidado;N/A
B-1179348;ER-CCOL-ET-ADUTORA MINA CARAIBA-RURAL;JAGUARARI;BADU;Energizada;Realizado;;;LV + ENERG;;1;;;6;0;;;;;100%;0%;PLANO 7;R$ 40.852,13;R$ 10.213,03;abr./25;01/04/2025;12/04/2025;04/04/2025;JOÃO;DIORLAN;01/04/2025;;TRUE;TRUE;FALSE;FALSE;Q067034;-9.8123444;-40.003984;SENHOR DO BONFIM;2025-04-01;1179348;Consolidado;N/A
B-1123289;ER-CIND-POV-PARELHA-RURAL;CANSANÇÃO;ANAILTON;Energizada;Realizado;45398/45399;;LV + ENERG;;1;;;13;0;;;;;100%;0%;PLANO 7;R$ 130.029,31;R$ 32.507,33;abr./25;01/04/2025;08/04/2025;30/04/2025;DICSON;GUTEMBERG;07/04/2025;;TRUE;TRUE;FALSE;FALSE;D189057;-10.6269935;-39.5479689;SENHOR DO BONFIM;2025-04-01;1123289;Consolidado;N/A
B-1093080;ER-CCOL-FAZ-VARZEA NOVA-RURAL;PINDODAÇU;BADU;Energizada;Realizado;;;LV + ENERGIZAÇAO;;5;;;6;0;;;;;100%;0%;PLANO 14;R$ 51.709,46;R$ 12.927,37;abr./25;07/04/2025;18/04/2025;30/04/2025;JOÃO;ANDERSON;02/04/2025;;TRUE;TRUE;FALSE;FALSE;D595807;-10,7519593;-40,3589326;SENHOR DO BONFIM;2025-04-01;1093080;Consolidado;N/A
B-1143227;ER-CIND-POV-BOM SUCESSO-I E II;MONTE SANTO;GESONI;Energizada;Realizado;;;LV + ENERGIZAÇÃO;;1;;;2;2;;;;;100%;0%;PLANO 14;R$ 22.819,74;R$ 5.704,94;mar./25;01/03/2025;31/03/2025;03/04/2025;DICSON;ADISON;;;TRUE;TRUE;TRUE;FALSE;D196167;-10,3721488;-39,1971232;SENHOR DO BONFIM;2025-04-01;1143227;Consolidado;N/A
B-1134653;ER-GOVE-FAZ-ALAGOAS-ALAGOAS;ITIÚBA;ISRAEL;Em execução;Pendente;45476/45479;;LV + ENERG;;4;;;53;0;;;;;100%;0%;PLANO 14;R$ 449.784,53;R$ 112.446,13;abr./25;02/04/2025;26/04/2025;;JOÃO;LUDIMILA;07/04/2025;;TRUE;TRUE;FALSE;FALSE;D200297;-10.5937937;-39.7930004;SENHOR DO BONFIM;2025-04-01;1134653;Consolidado;N/A
B-1159887;ME-COEL-RUA-CANDIDO FONSECA-MERCADO;SENHOR DO BONFIM;BADU;Energizada;;;39581 23/04;DESLIG. TROCA DE TF + BARRAMENTO 03/04;;0;;;0;0;;;;;100%;0%;PLANO 8;R$ 35.446,09;R$ 8.861,52;abr./25;03/04/2025;03/04/2025;30/04/2025;JOÃO;FERNANDA;01/04/2025;;TRUE;TRUE;TRUE;FALSE;Q042701;-10.4578204;-40.1812621;SENHOR DO BONFIM;2025-04-01;1159887;Consolidado;N/A
B-1148579;ER-CIND-RUA-CATUNY-CENTRO-ESTIVA;SENHOR DO BONFIM;BADU;Energizada;Realizado;45461;;LV + DESLG (Não Precisa de LV);;1;;;1;0;;;;;100%;0%;PLANO 7;R$ 18.208,65;R$ 4.552,16;abr./25;;;30/04/2025;JOÃO;FERNANDA;?;;FALSE;TRUE;FALSE;FALSE;Q044272;-10.359970;-40.171431;SENHOR DO BONFIM;2025-04-01;1148579;Consolidado;N/A
B-1007792;ER-CCOL-POV-QUIXABEIRA -RURAL;CAMPO FORMOSO;EDVALDO;Energizada;;;33864 08/04;DESLIG. 08/04;;1;;;3;0;;;;;100%;0%;PLANO 7;R$ 23.647,36;R$ 5.911,84;abr./25;07/04/2025;08/04/2025;30/04/2025;JOÃO;HIAGO;10/04/2025;Sim;TRUE;TRUE;TRUE;FALSE;D301550;-9.9648812;-40.5897338;SENHOR DO BONFIM;2025-04-01;1007792;Consolidado;N/A
B-1063282;MP CIND POV FAZEDINHA RURAL;NORDESTINA;MARCELO;Energizada;Pendente;45386/45387/45388;;LV + ENERGIZAÇÃO;;4;;;16;0;;;;;100%;0%;PLANO 14;R$ 145.809,63;R$ 36.452,41;mar./25;01/03/2025;30/04/2025;30/04/2025;DICSON;GUTEMBERG;14/04/2025;Solicitado;FALSE;TRUE;FALSE;FALSE;Q102337;-10,8232852;-39,4457387;SENHOR DO BONFIM;2025-04-01;1063282;Consolidado;N/A
B-0724629;MP-CCOL-PO ALAGADICO 222-RURAL;ITIÚBA;WAGNER;Em execução;Pendente;45417/45420/45421/45424/45425;;LV + ENERG + TRANS DE REDE;;10;;;33;0;;;;;50%;0%;PLANO 14;R$ 230.849,09;R$ 57.712,27;abr./25;14/04/2025;30/05/2025;;JOÃO;LUDIMILA;03/04/2025;;TRUE;TRUE;FALSE;FALSE;Q093587;-10.621766;-39.7793679;SENHOR DO BONFIM;2025-04-01;0724629;Consolidado;N/A
B-1190908;ER-CIND-RUA-CAPITAO ARISTIDES-COVAS;ITIÚBA;ISRAEL;Energizada;;;40491 22/04;DESLIG. SUBS DE TRAFO 08-04;;1;;;0;0;;;;;100%;0%;PLANO 7;R$ 28.002,34;R$ 7.000,59;abr./25;08/04/2025;08/04/2025;30/04/2025;JOÃO;LUDIMILA;;;FALSE;TRUE;FALSE;FALSE;Q053883;-10.8629581;-40.0134818;SENHOR DO BONFIM;2025-04-01;1190908;Consolidado;N/A
B-1152856;AC-CIND-POV-ANGIGAL-RURAL;NORDESTINA;MARCELO;Paralisada;Pendente;45383/45385;;LV (REGULADOR DE TENSAO);;0;;;4;0;;;;;0%;62%;PLANO 7;R$ 1.396.641,65;R$ 349.160,41;mar./25;01/03/2025;;;DICSON;GUTEMBERG;?;;FALSE;TRUE;TRUE;FALSE;Q106463;-10,9446747;-39,4145806;SENHOR DO BONFIM;2025-04-01;1152856;Consolidado;N/A
B-1181827;AC-CIND-RUA-OSVALDO JOSE -NOVA QUEIMADA;QUEIMADAS;MARCELO;Energizada;;;44277 30/04;DESLIG. DO TF 1170 CHI;;0;;;1;0;;;;;100%;0%;PLANO 7;R$ 8.835,60;R$ 2.208,90;mar./25;01/03/2025;30/04/2025;30/04/2025;DICSON;GUTEMBERG;14/04/2025;Solicitado;FALSE;TRUE;FALSE;FALSE;Q097059;-10.979952;-39.620984;SENHOR DO BONFIM;2025-04-01;1181827;Consolidado;N/A
B-1174977;ER-CIND-POV-JAGUARARI 119-RURAL;JAGUARARI;BADU;Paralisada;;37356;;ENCAB BT;;1;;;1;0;;;;;0%;0%;PLANO 7;R$ 10.119,55;R$ 2.529,89;abr./25;04/04/2025;04/05/2025;;JOÃO;DIORLAN;01/04/2025;;TRUE;TRUE;TRUE;FALSE;D366171;-10.2551031;-40.2011621;SENHOR DO BONFIM;2025-04-01;1174977;Consolidado;N/A
B-0477336;MP-CCOL-POV CURRAL FALSO AROEIRA-RURAL;MONTE SANTO;ANAILTON + BOB;Em execução;Pendente;*;;DESLIG. DO TF;;46;;;281;403;;;;;60%;100%;PLANO 14;R$ 1.077.227,77;R$ 269.306,94;abr./25;08/04/2025;31/05/2025;;DICSON;ADISON;31/03/2025;;TRUE;TRUE;FALSE;FALSE;D149983;-10.5538389;-39.2735588;SENHOR DO BONFIM;2025-04-01;0477336;Consolidado;N/A
B-1161715;ER-CIND-POV-ENGORDA-RURAL;MONTE SANTO;BOB;Energizada;;;;ENCAB BT;;1;;;2;0;;;;;100%;0%;PLANO 7;R$ 19.656,30;R$ 4.914,08;abr./25;03/04/2025;04/04/2025;10/04/2025;DICSON;ADISON;31/03/2025;;TRUE;TRUE;TRUE;FALSE;Q108492;-10.5590253;-39.3004369;SENHOR DO BONFIM;2025-04-01;1161715;Consolidado;N/A
B-0913817;RR-CIND-FAZ PEDRA-LAGE-MTS;MONTE SANTO;BOB;Energizada;Realizado;45400/45401/45402;;LV + ENERG;;1;;;13;0;;;;;100%;0%;PLANO 14;R$ 60.351,13;R$ 15.087,78;abr./25;08/04/2025;12/04/2025;30/04/2025;DICSON;ADISON;07/04/2025;;TRUE;TRUE;FALSE;FALSE;D140143;-10.4936259;-39.2883191;SENHOR DO BONFIM;2025-04-01;0913817;Consolidado;N/A
B-1140220;ER-CIND-POV-FLORES-FLORES;MONTE SANTO;BOB;Energizada;Realizado;;;LV + ENERG + TROCA DE POSTE;;1;;;3;0;;;;;100%;0%;PLANO 7;R$ 36.145,28;R$ 9.036,32;abr./25;01/04/2025;02/04/2025;30/04/2025;DICSON;ADISON;31/03/2025;;TRUE;TRUE;TRUE;FALSE;D107855;-10.1476019;-39.5859927;SENHOR DO BONFIM;2025-04-01;1140220;Consolidado;N/A
B-1155396;UB-CIND-RUA-J M DE ANDRADE-QUEIMADAS;QUEIMADAS;MARCELO;Energizada;Pendente;;44701 29/04;DESLIG. DO TF;;1;;;3;0;;;;;100%;0%;PLANO 7;R$ 58.836,94;R$ 14.709,24;mar./25;01/03/2025;;30/04/2025;DICSON;GUTEMBERG;22/04/2025;;FALSE;TRUE;FALSE;FALSE;Q107439;-10,9789083;-39,6257017;SENHOR DO BONFIM;2025-04-01;1155396;Consolidado;N/A
B-1148095;ER-CIND-FAZ-MORRINHO-PEROLANDIA;QUEIMADAS;MARCELO;Energizada;Realizado;;;LV + ENERGIZAÇÃO;;1;;;8;8;;;;;100%;0%;PLANO 7;R$ 62.786,69;R$ 15.696,67;mar./25;01/03/2025;10/04/2025;09/04/2025;DICSON;GUTEMBERG;;;TRUE;TRUE;FALSE;FALSE;E194818;"11°02'11.3""S";"39°34'14.3""W";SENHOR DO BONFIM;2025-04-01;1148095;Consolidado;N/A
B-1152255;ER-CIND-AV-OTAVIO FERREIRA-URBANO;QUEIMADAS;JEFFERSON;Energizada;;;;ENCAB BT;;1;;;1;0;;;;;100%;0%;PLANO 7;R$ 7.484,15;R$ 1.871,04;abr./25;14/04/2025;14/04/2025;30/04/2025;DICSON;GUTEMBERG;14/04/2025;Solicitado;FALSE;TRUE;TRUE;FALSE;R008346;-11.2441517;-39.7471178;SENHOR DO BONFIM;2025-04-01;1152255;Consolidado;N/A
B-1144826;ER-CCOL-FAZ-SANTO ANTONIO-RURAL;QUEIMADAS;JEFFERSON;Em execução;Pendente;*;;LV + ENERG;;17;;;73;0;;;;;50%;0%;PLANO 7;R$ 649.639,39;R$ 162.409,85;abr./25;01/04/2025;30/05/2025;;DICSON;GUTEMBERG;08/04/2025;;TRUE;TRUE;FALSE;FALSE;D549379;-10.9660146;-39.6376195;SENHOR DO BONFIM;2025-04-01;1144826;Consolidado;N/A
B-1121146;ER-CIND-POV-LAGOA DO TANQUE-CENTRO;ITIÚBA;ISRAEL;Energizada;Realizado;;36361 04/04 * 36334 15/04;DESLIG 04/04 e 15/04;;0;;;11;0;;;;;100%;0%;PLANO 7;R$ 159.250,90;R$ 39.812,73;abr./25;07/04/2025;11/04/2025;30/04/2025;JOÃO;LUDIMILA;02/04/2025;;TRUE;TRUE;FALSE;FALSE;D143372;-10.4700646;-39.8056646;SENHOR DO BONFIM;2025-04-01;1121146;Consolidado;N/A
B-0734029;MP-CCOL-POV VARZEA COMPRIDA 141-B-RURAL;PINDODAÇU;GESONI + EDVALDO + ALDAIR;Em execução;Pendente;*;;LV + ENERG;;26;;;127;0;;;;;25%;0%;PLANO 14;R$ 429.878,28;R$ 107.469,57;abr./25;02/04/2025;30/05/2025;;JOÃO;ANDERSON;05/04/2025;;TRUE;TRUE;FALSE;FALSE;Q057977;-10.8045399;-40.2369411;SENHOR DO BONFIM;2025-04-01;0734029;Consolidado;N/A
B-1196260;ER-CIND-POV-PASSAGEM VELHA-RURAL;SENHOR DO BONFIM;JOILSON;Energizada;;;;ENCAB BT;;1;;;2;0;;;;;100%;0%;PLANO 7;R$ 11.632,56;R$ 2.908,14;abr./25;;;10/04/2025;JOÃO;FERNANDA;09/04/2025;Sim;TRUE;TRUE;FALSE;FALSE;;;;SENHOR DO BONFIM;2025-04-01;1196260;Consolidado;N/A
B-0686033;MP-CCOL-FAZ. VÁRZEA DA NOVILHA COMPL.RUR;QUEIMADAS;JEFFERSON;Energizada;Realizado;;;LV + ENERG;;8;;;48;48;;;;;100%;0%;PLANO 14;R$ 318.253,58;R$ 79.563,40;abr./25;01/04/2025;12/04/2025;30/04/2025;DICSON;GUTEMBERG;01/03/2025;;TRUE;TRUE;FALSE;FALSE;D612539;-11.1865266;-39.7331208;SENHOR DO BONFIM;2025-04-01;0686033;Consolidado;N/A
B-1134925;UB-CIND-RUA-DO CURRAL-CENTRO-ANDORINHA;ANDORINHAS;BADU;Paralisada;Pendente;45378;43138 29/04 ERRADO;DESLIG. 29/04 + LV;KLC NO DIA/VER POSSIBILIDADE DE TROCAR O CABO;1;;;1;0;;;;;100%;0%;PLANO 7;R$ 7.588,84;R$ 1.897,21;mar./25;01/03/2025;31/05/2025;;JOÃO;DIORLAN;17/04/2025;;FALSE;TRUE;TRUE;FALSE;Q095143;-10,3470511;-39,8279943;SENHOR DO BONFIM;2025-04-01;1134925;Consolidado;N/A
B-1181338;UB-CIND-RUA-MARIO SAN 13-S O JORGE;SENHOR DO BONFIM;BADU;Energizada;;;37223 16/04;DESL 1127 CHI;;1;;;3;0;;;;;100%;0%;PLANO 7;R$ 21.850,15;R$ 5.462,54;mar./25;01/03/2025;16/04/2025;30/04/2025;JOÃO;FERNANDA;Falta cabo 3x35;;TRUE;TRUE;FALSE;FALSE;Q040484;-10,4476706;-40,187303;SENHOR DO BONFIM;2025-04-01;1181338;Consolidado;N/A
B-1184422;ER-CIND-POV-BOM DESPACHO-BOM DESPACHO;ITIÚBA;ISRAEL;Energizada;Pendente;45379;;ENCAB BT;;1;;;5;0;;;;;100%;0%;PLANO 14;R$ 21.178,35;R$ 5.294,59;mar./25;01/03/2025;24/04/2025;30/04/2025;JOÃO;LUDIMILA;;;TRUE;TRUE;FALSE;FALSE;D316655;-10,4376606;-39,7860714;SENHOR DO BONFIM;2025-04-01;1184422;Consolidado;N/A
B-1163339;LD CIND POV JOCUNA RURAL;JAGUARARI;BADU;Paralisada;Pendente;45482/45484;45488 06/04;LV + ENERGIZAÇÃO;;6;;;6;0;;;;;100%;0%;PLANO 14;R$ 85.457,10;R$ 21.364,28;mar./25;01/03/2025;29/04/2025;;JOÃO;DIORLAN;?;;FALSE;FALSE;FALSE;FALSE;Q047343;-10,2312683;-40,0983643;SENHOR DO BONFIM;2025-04-01;1163339;Consolidado;N/A
B-1164780;UB-CIND-RUA-JOAO AVELINO SILVA-CENTRO;ITIÚBA;ISRAEL;Energizada;;2025-45381;;ENCAB BT PRIORIDADE;;11;;;6;0;;;;;100%;0%;PLANO 7;R$ 72.555,29;R$ 18.138,82;mar./25;01/03/2025;;30/04/2025;JOÃO;LUDIMILA;22/04/2025 3x35;;FALSE;TRUE;FALSE;FALSE;D700912;-10.684507;-39.855760;SENHOR DO BONFIM;2025-04-01;1164780;Consolidado;N/A
B-1144977;RR-CCOL-FAZ-JACURICI DA PONTE-RURAL;QUEIMADAS;MARCELO;Energizada;Realizado;45395/45396;;LV + ENERG;;10;;;6;0;;;;;100%;0%;PLANO 7;R$ 221.632,41;R$ 55.408,10;abr./25;15/04/2025;30/04/2025;30/04/2025;DICSON;GUTEMBERG;14/04/2025;Solicitado;FALSE;TRUE;FALSE;FALSE;D714472;-10.8862801;-39.6121762;SENHOR DO BONFIM;2025-04-01;1144977;Consolidado;N/A
B-1108136;ER-CIND-POV-CARIACA DE CIMA-RURAL-CARIAC;SENHOR DO BONFIM;BADU;Em execução;Pendente;45406/45407/45408;;LV + ENERG;;9;;;30;0;;;;;50%;0%;PLANO 14;R$ 247.123,69;R$ 61.780,92;abr./25;14/04/2025;26/05/2025;;JOÃO;FERNANDA;14/04/2025;Solicitado;FALSE;TRUE;FALSE;;B911851;-10.4980276;-40.1168434;SENHOR DO BONFIM;2025-04-01;1108136;Consolidado;N/A
B-1107748;ER-SEIN-FAZ-NOVA ESPERANCA-RURAL-QUICE;SENHOR DO BONFIM;JOILSON;Energizada;Realizado;;;LV + ENERG;;3;;;10;0;;;;;100%;0%;PLANO 14;R$ 48.911,46;R$ 12.227,87;abr./25;14/04/2025;17/04/2025;01/04/2025;JOÃO;FERNANDA;29/03/2025;;TRUE;TRUE;FALSE;FALSE;E291645;-10.5024623;-40.0939618;SENHOR DO BONFIM;2025-04-01;1107748;Consolidado;N/A
B-1125144;ER-CCOL-POV-PASSAGEM VELHA-RURAL;SENHOR DO BONFIM;JOILSON;Energizada;Realizado;39892/39893;;LV + ENERG;;4;;;11;0;;;;;100%;0%;PLANO 14;R$ 45.152,17;R$ 11.288,04;abr./25;07/04/2025;11/04/2025;10/04/2025;JOÃO;FERNANDA;07/04/2025;;TRUE;TRUE;FALSE;FALSE;E524672;-10.511949;-40.1625112;SENHOR DO BONFIM;2025-04-01;1125144;Consolidado;N/A
B-1121552;RR-CIND-POV- SOCOTO-RURAL;SENHOR DO BONFIM;JOILSON;Energizada;Realizado;44378/45403/45404/45405;;LV + ENERG;;4;;;13;0;;;;;100%;0%;PLANO 14;R$ 105.238,82;R$ 26.309,71;abr./25;22/04/2025;26/04/2025;30/04/2025;JOÃO;FERNANDA;?;;FALSE;TRUE;FALSE;FALSE;B651292;-10.4181559;-40.1751407;SENHOR DO BONFIM;2025-04-01;1121552;Consolidado;N/A
B-1114885;ER-CCOL-FAZ-LAGADISCO-RURAL;SENHOR DO BONFIM;JOILSON;Energizada;Realizado;;;LV + ENERG;;4;;;15;0;;;;;100%;0%;PLANO 14;R$ 84.492,43;R$ 21.123,11;abr./25;28/04/2025;30/04/2025;30/04/2025;JOÃO;FERNANDA;10/04/2025;Sim;TRUE;TRUE;FALSE;FALSE;E163137;-10.5041803;-40.1212758;SENHOR DO BONFIM;2025-04-01;1114885;Consolidado;N/A
B-1145662;ER-CIND-POV-QUEIMADA DE CIMA-RURAL;ANDORINHAS;JOSE SILVA;Energizada;Pendente;43727/43728;;LV + ENCAB BT;;1;;;3;0;;;;;100%;0%;PLANO 7;R$ 21.970,73;R$ 5.492,68;abr./25;07/04/2025;09/04/2025;30/04/2025;JOÃO;DIORLAN;08/04/2025;Sim;TRUE;TRUE;TRUE;FALSE;D273943;-10.2749725;-39.8940714;SENHOR DO BONFIM;2025-04-01;1145662;Consolidado;N/A
B-1086353;LD - CIND POV CARNAÍBA - RURAL;PINDOBAÇU;JOSE SILVA;Energizada;Realizado;45097/33472;39087 22/04;DESLIG MT + LV + ENERGIZAÇÃO  1187 CHI;;4;;;10;0;;;;;100%;0%;PLANO 7;R$ 110.284,62;R$ 27.571,16;mar./25;01/03/2025;22/04/2025;30/04/2025;JOÃO;ANDERSON;17/04/2025;;FALSE;TRUE;FALSE;FALSE;Q064550;-10,7455918;-40,4809533;SENHOR DO BONFIM;2025-04-01;1086353;Consolidado;N/A
B-1185144;ER-CIND-POV-TANQUE DAS VARAS-831;ANDORINHAS;REGINALDO;Energizada;;45380;;ENCAB BT;;1;;;4;0;;;;;100%;0%;PLANO 14;R$ 17.353,86;R$ 4.338,47;mar./25;01/03/2025;25/04/2025;30/04/2025;JOÃO;DIORLAN;;;TRUE;TRUE;FALSE;FALSE;D316863;-10,3462394;-39,9276229;SENHOR DO BONFIM;2025-04-01;1185144;Consolidado;N/A
B-1176815;RR-CIND POV V COMPRIDA VARZEA COMPRIDA;ITIÚBA;WAGNER;Energizada;Realizado;;;LV + ENERG;;4;;;22;22;;;;;100%;0%;PLANO 7;R$ 160.239,79;R$ 40.059,95;abr./25;03/04/2025;12/04/2025;30/04/2025;JOÃO;LUDIMILA;03/04/2025;;TRUE;TRUE;FALSE;FALSE;Q055569;-10.9150038;-39.8384606;SENHOR DO BONFIM;2025-04-01;1176815;Consolidado;N/A
