PROJETO;TITULO;MUNICIPIO;PLANO;ENCARREGADO;STATUS;LV;PES S/I;PES DESLIG;RESUMO;OBS;CLIET.;CAVR;CAVD;PSTP;PST EXEC;ENERGIZAÇÃO;EQPP;EQPR;RDEP;RDER;AVANÇO;AVNR;V. PROJETO;V. REAL;CART.;PV. INÍCIO;PV. FIM;SUPERVISOR;AR;DT. SEPARAÇÃO;RESERVA;SACADO;PRÉ FECHAMENTO;SIMPLIFICADA;VISITA PRÉVIA;REFERÊNCIA;LATITUDE;LONGITUDE;COORD;Carteira;PROJETO_FATO;STATUS_AUDITORIA;MOTIVO_DESCARTE
B-1139854;ER-CIND-POV-TANQUINHO-RURAL;ANDORINHAS;PLANO 14;ISRAEL;Energizada;Realizado;59866 59867;;LV + ENERGZ;LV INTERCALAR POSTE C/ TRF;1;;;2;2;31/05/2025;;;;;100%;;R$ 23.775,79;;mai./25;21/05/2025;21/05/2025;JOÃO;;12/05/2025;;FALSE;TRUE;;;D042366;-10,3759353;-40,0183995;SENHOR DO BONFIM;2025-05-01;1139854;Consolidado;N/A
B-1127905;RR-CCOL-POV-BARAUNA-RURAL;ANDORINHAS;PLANO 14;JOSE SILVA;Energizada;;;;LV + ENERGZ;LV N3-N4  SEM CHAVE;4;;;38;0;31/05/2025;;;;;100%;;R$ 259.844,28;;mai./25;21/04/2025;17/05/2025;JOÃO;;;;TRUE;FALSE;;;D565526;-10,2215332;-39,9953837;SENHOR DO BONFIM;2025-05-01;1127905;Consolidado;N/A
B-1170277;IE-RELIGADOR-JNC-09X1-Q022984;CAMPO FORMOSO;PLANO 8;JOILSON;Em execução;Pendente;;;LV + ENERGZ;LV INTERCALAR POSTE C/ REL;0;;;1;;;;;;;100%;;R$ 134.004,23;;mai./25;26/05/2025;27/05/2025;JOÃO;;?;;;;;;Q022985;-10,2054067;-40,5745999;SENHOR DO BONFIM;2025-05-01;1170277;Consolidado;N/A
B-1170290;IE-RELIGADOR-JNC-09X1-J05447;CAMPO FORMOSO;PLANO 8;WAGNER;Energizada;Pendente;;;LV + ENERGZ;LV INTERCALAR POSTE C/ REL;0;;;1;0;31/05/2025;;;;;100%;;R$ 134.577,25;;mai./25;28/05/2025;29/05/2025;JOÃO;;?;;;;;;Q024663;-10,1359804;-40,8358857;SENHOR DO BONFIM;2025-05-01;1170290;Consolidado;N/A
B-1011966;RR-CIND-FAZ-BANANEIRA-VANVANA;CAMPO FORMOSO;PLANO 14;GESONI;Em execução;Pendente;59888 59889;;LV + ENERGZ;LV TROCAR POSTE N1-3 SEM CHAVE;4;;;16;0;;;;;;100%;;R$ 59.682,97;25.449,98;mai./25;12/05/2025;23/05/2025;JOÃO;;20/05/2025;;;TRUE;FALSE;;D134562;-10,4574857;-40,2785532;SENHOR DO BONFIM;2025-05-01;1011966;Consolidado;N/A
B-1134465;ER-CIND-POV-CAIXAO-RURAL;CANSANÇÃO;PLANO 14;MARCELO;Energizada;Pendente;59891;30/05 TEM PEX;DESLG + LV + ENERGZ;LV INTERCALAR 2 POSTES;1;;;18;18;31/05/2025;;;;;100%;;R$ 189.655,06;;mai./25;01/05/2025;20/05/2025;DICSON;;12/05/2025;;TRUE;TRUE;FALSE;FALSE;D250226;-10,688478;-39,4557857;SENHOR DO BONFIM;2025-05-01;1134465;Consolidado;N/A
B-1197043;RC-COEL-RUA-MARINHO MOREIRA-AT S GONCALO;ITIÚBA;PLANO 8;WAGNER;Energizada;;Já executada;;REGULARIZAÇÃO;LV INTERCALAR 1 POSTE N1-3;0;;;2;0;31/05/2025;;;;;100%;;R$ 16.107,96;;mai./25;05/05/2025;07/05/2025;JOÃO;;;;TRUE;TRUE;;;Q055340;-10,8991024;-39,8778471;SENHOR DO BONFIM;2025-05-01;1197043;Consolidado;N/A
B-1169759;ME-COEL-RUA ROGERIO BENTO PITANGA-CENTRO;ITIÚBA;PLANO 8;WAGNER;Energizada;;Sem opção de manobra;;DESLG + LV + ENERGZ;VER SE PODE SER FEITO DURANTE A SEMANA / LV TROCAR 2 POSTES B4-3 E B1 VAI TROCAR A MT? CHI MUITO ALTO  992;0;;;5;0;31/05/2025;;;;;100%;;R$ 116.489,96;;mai./25;08/05/2025;16/05/2025;JOÃO;;;;TRUE;;TRUE;;Q068179;-10,6909839;-39,8533201;SENHOR DO BONFIM;2025-05-01;1169759;Consolidado;N/A
B-0724629;MP-CCOL-PO ALAGADICO 222-RURAL;ITIÚBA;PLANO 14;WAGNER;Energizada;;Feita;;LV + ENERGZ;LV N3/N4 SEM CHAVE;10;;;28;30;31/05/2025;;;;;100%;;R$ 226.659,96;;mai./25;19/05/2025;30/05/2025;JOÃO;;;;TRUE;TRUE;;;Q093586;-10,6216745;-39,7803461;SENHOR DO BONFIM;2025-05-01;0724629;Consolidado;N/A
B-1134653;ER-GOVE-FAZ-ALAGOAS-ALAGOAS;ITIÚBA;PLANO 14;ISRAEL;Energizada;Pendente;45476/45479;;LV + ENERG;;4;;;53;0;31/05/2025;;;;;100%;;R$ 449.784,53;112.446,13;abr./25;02/04/2025;26/04/2025;JOÃO;;;;TRUE;TRUE;FALSE;FALSE;D200297;-10.5937937;-39.7930004;SENHOR DO BONFIM;2025-05-01;1134653;Consolidado;N/A
B-1163339;LD CIND POV JOCUNA RURAL;JAGUARARI;PLANO 14;BADU;Energizada;Realizado;45482/45484;50098 28/05;LV + ENERGIZAÇÃO;;6;;;6;6;31/05/2025;;;;;100%;;R$ 85.457,10;21.364,28;mar./25;01/03/2025;29/04/2025;JOÃO;;27/05/2025;;FALSE;FALSE;FALSE;FALSE;Q047343;-10,2312683;-40,0983643;SENHOR DO BONFIM;2025-05-01;1163339;Consolidado;N/A
B-1181548;ER-CCOL-POV SAO MIGUEL-RURAL-JAGUARARI;JAGUARARI;PLANO 7;BADU;Energizada;Realizado;59872 59873;;LV + ENERGZ;LV INTERCALAR POSTE N1-3;1;;;7;7;31/05/2025;;;;;100%;;R$ 60.207,43;12.113,86;mai./25;07/05/2025;09/05/2025;JOÃO;;27/05/2025;;;TRUE;;;D320256;-9,9962361;-40,1048269;SENHOR DO BONFIM;2025-05-01;1181548;Consolidado;N/A
B-1181969;ER-CCOL-ET-VELHA-RURAL;JAGUARARI;PLANO 7;BADU;Energizada;Realizado;;49778 27/05;DESLG + ENERGZ;;1;;;11;9;31/05/2025;;;;;100%;;R$ 60.835,69;;mai./25;15/05/2025;17/05/2025;JOÃO;;20/05/2025;;;TRUE;;;Q044576;-10,2797255;-40,1756648;SENHOR DO BONFIM;2025-05-01;1181969;Consolidado;N/A
B-1181889;ER-SEIN-POV-STO ANTONIO-FAZENDINHA;JAGUARARI;PLANO 14;BADU;Energizada;Realizado;59882 59883;;LV + ENERGZ;LV N3/4 C/ CH POSTERIOR;3;;;12;12;31/05/2025;;;;;100%;;R$ 85.651,44;20.784,62;mai./25;12/05/2025;14/05/2025;JOÃO;;27/05/2025;;;TRUE;;;D217190;-10,0790464;-40,0858101;SENHOR DO BONFIM;2025-05-01;1181889;Consolidado;N/A
B-1041188;RC-CIND-POV-TAPERA-RURAL;MONTE SANTO;PLANO 8;JOSE SILVA;Em execução;;;53749 31/05;X;SEM CAD;0;;;2;2;;;;;;100%;;R$ 15.682,30;;mai./25;20/05/2025;20/05/2025;DICSON;;13/05/2025;;TRUE;TRUE;TRUE;;A269411;-10,4762649;-39,3442719;SENHOR DO BONFIM;2025-05-01;1041188;Consolidado;N/A
B-1200672;RR-CIND-POV-JUA-S O BENTO;MONTE SANTO;PLANO 7;JOSE SILVA;Em execução;;;49837 16/05 E 49838 30/05;DESLG + LV + ENERGZ;LV 2 POSTE INTERCALADO E 18 AVIFAUNA;0;;;5;;;;;;;100%;;R$ 119.404,34;;mai./25;13/05/2025;31/05/2025;DICSON;;13/05/2025;;TRUE;TRUE;;;D517281;-10,238673;-39,2133007;SENHOR DO BONFIM;2025-05-01;1200672;Consolidado;N/A
B-0503276;MP-CCOL-POV. LAGOA REDONDA-RURAL;MONTE SANTO;PLANO 14;JOSE SILVA;Energizada;Pendente;59893 59894;;LV + ENERGZ;LV N3-N4  SEM CHAVE;3;;;17;0;31/05/2025;;;;;100%;;R$ 68.812,08;;mai./25;22/05/2025;28/05/2025;DICSON;;13/05/2025;;TRUE;TRUE;;;D314176;-10,5323936;-39,2453477;SENHOR DO BONFIM;2025-05-01;0503276;Consolidado;N/A
B-0477336;MP-CCOL-POV CURRAL FALSO AROEIRA-RURAL;MONTE SANTO;PLANO 14;BIGODE / BOB / ISRAEL;Em execução;Pendente;;50054 21/05;DESLG + LV + ENERGZ;LV 1 POSTE N4 E 2 N3-N4;46;;;281;403;;;;;;50%;;R$ 1.077.227,77;;mai./25;15/04/2025;30/06/2025;DICSON;;26/05/2025;;FALSE;FALSE;;;D149983;-10.5538389;-39.2735588;SENHOR DO BONFIM;2025-05-01;0477336;Consolidado;N/A
B-1194252;RS-AL 2-COEL-SE NORDESTINA II;NORDESTINA;PLANO 1;ALDAIR;Em execução;;;;SUBTERRANEO;;0;;;0;;;;;;;0%;;R$ 525.831,16;;mai./25;05/05/2025;30/06/2025;DICSON;;;;;;;;;;;SENHOR DO BONFIM;2025-05-01;1194252;Consolidado;N/A
B-1177723;AL-02-NOR-CONSTR-EQ;NORDESTINA;PLANO 1;ALDAIR;Em execução;;;;LV + ENERGZ;LV INTERCALAR 2 POSTE C/ REG;1;;;2;0;;;;;;25%;;R$ 388.702,22;;mai./25;05/05/2025;30/06/2025;DICSON;;;;;;TRUE;;D026487;-10,8273031;-39,4923821;SENHOR DO BONFIM;2025-05-01;1177723;Consolidado;N/A
B-1149258;ER-SEIN-FAZ-LAGOA DOS BOIS-RURAL;NORDESTINA;PLANO 14;ALDAIR;Energizada;;57796-2025 / 57797-2025;;LV + ENERGZ + ENCA BT;Esta pedindo para trocar o cabo (Ver necessidade) / 4 POSTES LV;2;;;3;0;31/05/2025;;;;;100%;;R$ 37.738,75;;mai./25;05/05/2025;08/05/2025;DICSON;;19/05/2025;;TRUE;TRUE;;;D079729;-10,8727161;-39,4417777;SENHOR DO BONFIM;2025-05-01;1149258;Consolidado;N/A
B-1152856;AC-CIND-POV-ANGIGAL-RURAL;NORDESTINA;PLANO 7;MARCELO;Em execução;Pendente;59886;;LV + ENERGZ;LV 4 POSTES C/ REG;0;;;4;0;;;;;;100%;;R$ 1.396.641,65;;mar./25;01/03/2025;31/05/2025;DICSON;;26/05/2025;;FALSE;TRUE;TRUE;FALSE;Q106463;-10,9446747;-39,4145806;SENHOR DO BONFIM;2025-05-01;1152856;Consolidado;N/A
B-1178565;AL-02-NOR-CONSTR;NORDESTINA;PLANO 1;ALDAIR;Em execução;Pendente;57799 57800;;DESLG + LV + ENERGZ;LV 9 POSTES 7 N1 3 N3 2 N4 2 4 CH 2 TENSIONAR;0;;;12;0;;;;;;25%;;R$ 210.613,24;;mai./25;05/05/2025;30/06/2025;DICSON;;19/05/2025;;TRUE;;;;Q097849;-10,7776394;-39,5248747;SENHOR DO BONFIM;2025-05-01;1178565;Consolidado;N/A
B-1177813;AL-02-NOR-CONSTR;NORDESTINA;PLANO 1;ALDAIR;Em execução;Pendente;59885;52349 29/05 TEM PEX;DESLG + LV + ENERGZ;LV 1 POSTE N1-3 E INTERLIGAR FRONTEIRA N/A DE N3-N4;1;;;25;25;;;;;;25%;;R$ 417.638,43;;mai./25;05/05/2025;30/06/2025;DICSON;;19/05/2025;;TRUE;;TRUE;;D368110;-10,8045332;-39,5206598;SENHOR DO BONFIM;2025-05-01;1177813;Consolidado;N/A
B-1169863;ER CIND ANTONIO JOAQUIM DE BARROS RURAL;PINDOBAÇU;PLANO 7;LALA;Energizada;;;53758 29/05;LV + ENERGZ;LV INTERCALAR POSTE C/ TRF;1;;;6;6;31/05/2025;;;;;100%;;R$ 57.690,31;;mai./25;19/05/2025;20/05/2025;JOÃO;;12/05/2025;;TRUE;TRUE;;;Q036684;-10,6207869;-40,2830849;SENHOR DO BONFIM;2025-05-01;1169863;Consolidado;N/A
B-0734029;MP-CCOL-POV VARZEA COMPRIDA 141-B-RURAL;PINDOBAÇU;PLANO 14;GESONI / LALA;Energizada;Realizado;57795-2025;;LV + ENERGZ;LV INTERCALAR N1-3 C/ CH POSTERIOR;26;;;127;0;31/05/2025;;;;;100%;;R$ 429.878,28;;mai./25;15/04/2025;23/05/2025;JOÃO;;;;TRUE;TRUE;FALSE;;Q057977;-10,8045399;-40,2369411;SENHOR DO BONFIM;2025-05-01;0734029;Consolidado;N/A
B-1149688;UB-CIND-RUA-JO O M DE ANDRADE-CENTRO;QUEIMADAS;PLANO 7;JEFERSON;Energizada;;57994-2025;;ENCABEÇAMENTO.BT;;1;;;4;0;31/05/2025;;;;;100%;;R$ 25.487,13;;mai./25;01/05/2025;31/05/2025;DICSON;;12/05/2025;;TRUE;TRUE;FALSE;FALSE;Q105415;-10,9801009;-39,6250963;SENHOR DO BONFIM;2025-05-01;1149688;Consolidado;N/A
B-1123599;IT- CIND - FAZ. SOLIDADE-CEL JOÃO BORGES;QUEIMADAS;PLANO 7;MARCELO;Energizada;Pendente;59984;50423 27/05;DESLG + LV + ENERGZ;LV TROCAR 2 POSTES N4 N1 E INTERCALAR 1 N4-3 E 1 INSTALAR 1 CHAVE E 3 GLV/PRECISA VER COM ESTA A SITUAÇAO DO CLIENTES;0;;;15;0;31/05/2025;;;;;100%;;R$ 135.648,00;;mai./25;12/05/2025;23/05/2025;DICSON;;26/05/2025;;FALSE;;TRUE;;Q090218;-10,9387791;-39,6299377;SENHOR DO BONFIM;2025-05-01;1123599;Consolidado;N/A
B-1144826;ER-CCOL-FAZ-SANTO ANTONIO-RURAL;QUEIMADAS;PLANO 14;JEFERSON;Energizada;;;;LV + ENERGZ;LV N3/N4 SEM CHAVE;17;;;73;0;31/05/2025;;;;;100%;;R$ 638.652,34;;mai./25;28/04/2025;31/05/2025;DICSON;;;;TRUE;TRUE;;;D549379;-10,9660146;-39,6376195;SENHOR DO BONFIM;2025-05-01;1144826;Consolidado;N/A
B-1168948;UB-CIND-CA-08 98566-BONFIM III;SENHOR DO BONFIM;PLANO 7;JOILSON;Energizada;;54259-2025;;ENCABEÇAMENTO.BT;;1;;;0;0;31/05/2025;;;;;100%;;R$ 3.046,49;507,32;mai./25;21/05/2025;21/05/2025;JOÃO;;05/05/2025;;TRUE;TRUE;TRUE;;D122930;-10,4776415;-40,1995108;SENHOR DO BONFIM;2025-05-01;1168948;Consolidado;N/A
B-1108317;RC-CIND-PR -DR JOSE GONCALVES-CENTRO;SENHOR DO BONFIM;PLANO 8;BADU;Energizada;;Chave provisoria;49851 18/05 TEM PEX;DESLG + LV + ENERGZ;LV TROCAR 2 POSTE N4 INTERCALAR POSTE 1 N1 INSTALAR 3 CH;0;;;5;0;31/05/2025;;;;;100%;;R$ 63.921,50;;mai./25;18/05/2025;18/05/2025;JOÃO;;09/05/2025;;TRUE;TRUE;;;Q040655;-10,4635934;-40,1897455;SENHOR DO BONFIM;2025-05-01;1108317;Consolidado;N/A
B-1149648;ER-CIND-POV-RANCHARIA 512-RURAL;SENHOR DO BONFIM;PLANO 14;JOILSON;Energizada;;;;ENCABEÇAMENTO.BT;;3;;;5;0;31/05/2025;;;;;100%;;R$ 25.019,56;;mai./25;22/05/2025;23/05/2025;JOÃO;;28/04/2025;;TRUE;TRUE;;;E398585;-10,4424590;-40,1426631;SENHOR DO BONFIM;2025-05-01;1149648;Consolidado;N/A
B-1161104;ME-COEL-AV-CAMPO CLUBE-CAMPO CLUBE;SENHOR DO BONFIM;PLANO 8;BADU;Energizada;Realizado;;49008 14/05 E 49010 30/05 TEM PEX;DESLG + LV + ENERGZ;LV TROCAR 2 POSTE E INTERCALAR 1 E N3-N4;0;;;10;0;31/05/2025;;;;;100%;;R$ 187.456,00;;mai./25;21/05/2025;29/05/2025;JOÃO;;28/05/2025;;FALSE;TRUE;;;Q043539;-10,469229;-40,1780364;SENHOR DO BONFIM;2025-05-01;1161104;Consolidado;N/A
B-1188750;UB-CIND-RUA-DO LAGEDO - 9999;PINDOBAÇU;PLANO 7;JOILSON;Energizada;;;;;;2;;;0;0;31/05/2025;;;;;100%;;R$ 1.638,61;;mai./25;28/05/2025;28/05/2025;CADU;;;;FALSE;FALSE;FALSE;FALSE;;;;SENHOR DO BONFIM;2025-05-01;1188750;Consolidado;N/A
B-1196615;ER-CIND-POV-VARGINHA 922-VARGINHA;SENHOR DO BONFIM;PLANO 7;JOILSON;Energizada;;;;;;3;;;0;0;31/05/2025;;;;;100%;;R$ 4.957,27;;mai./25;28/05/2025;28/05/2025;CADU;;;;FALSE;FALSE;FALSE;FALSE;;;;SENHOR DO BONFIM;2025-05-01;1196615;Consolidado;N/A
B-1194223;FVU-RELIGADOR-SBF-01Y8-J20063;SENHOR DO BONFIM;PLANO 8;JOILSON;Energizada;;;;;;0;;;0;0;31/05/2025;;;;;100%;;R$ 100.384,10;;mai./25;20/05/2025;20/05/2025;CADU;;;;FALSE;FALSE;FALSE;FALSE;;;;SENHOR DO BONFIM;2025-05-01;1194223;Consolidado;N/A
B-1200088;FVU-RELIGADOR-SAU-01L1-N85774;SENHOR DO BONFIM;PLANO 8;JOILSON;Energizada;;;;;;0;;;0;0;31/05/2025;;;;;100%;;R$ 0,00;;mai./25;20/05/2025;20/05/2025;CADU;;;;FALSE;FALSE;FALSE;FALSE;;;;SENHOR DO BONFIM;2025-05-01;1200088;Consolidado;N/A
B-1108136;ER-CIND-POV-CARIACA DE CIMA-RURAL-CARIAC;SENHOR DO BONFIM;PLANO 14;BADU;Energizada;;;;LV + ENERGZ+ T.POSTE;LV N3-N4 SEM CHAVE;9;;;30;30;31/05/2025;;;;;100%;;R$ 247.123,69;;mai./25;15/04/2025;06/05/2025;JOÃO;;;;TRUE;TRUE;;;B911851;-10,4980276;-40,1168434;SENHOR DO BONFIM;2025-05-01;1108136;Consolidado;N/A
B-1044051;MP-CCOL-FAZ-LAGE -RURAL;SENHOR DO BONFIM;PLANO 14;BADU;Energizada;;;;LV + ENERGZ;LV N3 C/ CHAVE POSTERIOR;4;;;51;0;31/05/2025;;;;;100%;;R$ 195.441,71;;mai./25;24/05/2025;31/05/2025;JOÃO;;30/04/2025;;TRUE;TRUE;;;D282071;-10,5531983;-40,1809307;SENHOR DO BONFIM;2025-05-01;1044051;Consolidado;N/A
B-1172125;AC-CIND-ROD-LOMANTO JUNIOR -RURAL;SENHOR DO BONFIM;PLANO 14;JOILSON;Energizada;;;;;;0;;;0;0;31/05/2025;;;;;100%;;R$ 22.689,86;;mai./25;25/05/2025;25/05/2025;JOÃO;;;;FALSE;FALSE;FALSE;FALSE;;;;SENHOR DO BONFIM;2025-05-01;1172125;Consolidado;N/A
B-1191012;ER-CIND-POV-TRES MORROS 136-RURAL;SENHOR DO BONFIM;PLANO 7;ISRAEL;Energizada;;;;;;1;;;1;1;31/05/2025;;;;;100%;;R$ 7.501,49;;mai./25;31/05/2025;31/05/2025;JOÃO;;;;FALSE;FALSE;FALSE;FALSE;;;;SENHOR DO BONFIM;2025-05-01;1191012;Consolidado;N/A
B-1196174;ER-CIND-POV-LAGOA PEIXE-RURAL - SENHOR;SENHOR DO BONFIM;PLANO 7;ISRAEL;Energizada;;;;;;1;;;1;1;31/05/2025;;;;;100%;;R$ 7.848,50;;mai./25;31/05/2025;31/05/2025;JOÃO;;;;FALSE;FALSE;FALSE;FALSE;;;;SENHOR DO BONFIM;2025-05-01;1196174;Consolidado;N/A
