PROJETO;TITULO;MUNICIPIO;PSTP;STATUS;ENCARREGADO;LV;RESUMO;RESUMO LV;Nº PES;DATA DESL;PES DESLIG;PLANO;CRITERIO;PST EXEC;CAVR;CAVD;CLIET.;AVANÇO;CART.;V. PROJETO;V. REAL;ENERGIZAÇÃO;SUPERVISOR;AR;PV. INÍCIO;PV. FIM;DT. SEPARAÇÃO;RESERVA;SACADO;PRÉ FECHAMENTO;SIMPLIFICADA;VISITA PRÉVIA;REFERÊNCIA;COORDENADAS;PG'S;LINK PROJETO;LATITUDE;LONGITUDE;COORD;Carteira;PROJETO_FATO;STATUS_AUDITORIA;MOTIVO_DESCARTE
B-1192755;RR-SEIN-FAZ-CORRENCIA-RURAL;JAGUARARI;105;Em execução;ALDAIR/GESONI;Pendente;LV + ENERGZ;1 N1-3;108859(LV);29/09;113355;PLANO 7;GOVERNO;;;;1;100%;ago./1;R$ 1.060.332,60;;;JOÃO;;08/09/2025;30/09/2025;16/09/2025;;FALSE;FALSE;FALSE;FALSE;D253996;-10.0171927,-39.8492799;E860609 - E860713;Não precisa;-10,0171927;-39,8492799;SENHOR DO BONFIM;2025-09-01;1192755;Consolidado;N/A
B-1134327;LD CIND FAZ SÃO JOÃO RURAL;CANSANÇÃO;56;Em execução;JEFERSON;Pendente;LV + ENERGZ;N3/4;108861(LV);29/09;113356;PLANO 14;PRIORIDADE PLANO ANEEL;;;;1;100%;ago./1;R$ 756.608,39;;;DICSON;;14/09/2025;30/09/2025;15/09/2025;;;;;;E284390;-10.8421072,-39.308;E843809 - E843864;Não precisa;-10.8421072;-39.308;SENHOR DO BONFIM;2025-09-01;1134327;Consolidado;N/A
B-1137567;MP CIND-POV-NOVO ACORDO RURAL;CANSANÇÃO;51;Energizada;JEFERSON;Pendente;LV + ENERGZ;1 N4-3 + N3;94547 94548(LV) 98339(BT)  98357(BT);;;PLANO 14;PRIORIDADE PLANO ANEEL;;;;6;100%;ago./1;R$ 465.190,43;;;DICSON;;20/08/2025;13/09/2025;;;TRUE;;;;D708789;-10.7369388,-39.3225267;E843869 - E843919;Não precisa;-10,7369388;-39,3225267;SENHOR DO BONFIM;2025-09-01;1137567;Consolidado;N/A
B-0877780;MP-CCOL-FAZ RAIO DO SOL-RURAL;QUEIMADAS;49;Em execução;MARCELO;Pendente;DESL + LV + BT + ENERGZ;N1/3;108873(LV);27/09;111338;PLANO 14;REPUTACIONAL;;;;9;100%;ago./1;R$ 196.839,24;;;DICSON;;19/09/2025;30/09/2025;15/09/2025;;FALSE;FALSE;FALSE;FALSE;Q104891;-10.9814946,-39.6346926;E843924 - E843973;Não precisa;-10,9814946;-39,6346926;SENHOR DO BONFIM;2025-09-01;0877780;Consolidado;N/A
B-1154340;MP-CIND-POV-SANTA ROSA-RURAL-MOD;MONTE SANTO;37;Energizada;OSMAR;Pendente;LV + ENERGZ;N4-3;108882(LV);;;PLANO 14;PRIORIDADE PLANO ANEEL;;;;6;100%;ago./1;R$ 339.861,54;;;DICSON;;22/09/2025;30/09/2025;15/09/2025;;FALSE;TRUE;FALSE;FALSE;A284276;-10.1933987,-39.4527863;E860407 - E860443;https://drive.google.com/file/d/1Fcuhka_18iXbaxSIoli_oFijEgGvt3IC/view?usp=drive_link;-10,1933987;-39,4527863;SENHOR DO BONFIM;2025-09-01;1154340;Consolidado;N/A
B-1180936;ER-CCOL-POV TANQUE VELHO-TANQUE VELHO;JAGUARARI;37;Energizada;REGINALDO;Pendente;LV + ENERGZ;N1-3;108860(LV)   ENERG-(112562);;;PLANO 7;GOVERNO;;;;8;100%;ago./1;R$ 290.366,94;;;JOÃO;;09/09/2025;20/09/2025;09/09/2025;;FALSE;TRUE;FALSE;FALSE;Q046632;-10.2120057,-40.1889997;E860444 - E860480;Não precisa;-10,2120057;-40,1889997;SENHOR DO BONFIM;2025-09-01;1180936;Consolidado;N/A
B-1171500;MP - CIND - POV VARZEA DA PEDRA - RURAL;JAGUARARI;36;Energizada;REGINALDO;Pendente;LV + ENERGZ;N3/N4;108884(LV);30/09;113357;PLANO 14;PRIORIDADE PLANO ANEEL;;;;3;100%;ago./1;R$ 269.705,40;;;JOÃO;;22/09/2025;30/09/2025;22/09/2025;;FALSE;FALSE;FALSE;FALSE;D002995;-10.2197973,-40.0382803;E860481 - E860516;Não precisa;-10,2197973;-40,0382803;SENHOR DO BONFIM;2025-09-01;1171500;Consolidado;N/A
B-0583003;MP-CCOL-POV. FOVEIRO - COMPL. I-RURAL;MONTE SANTO;33;Energizada;JOSE;Pendente;LV + ENERGZ;N3;108881(LV);;;PLANO 14;RECLAMAÇÃO;;;;5;100%;ago./1;R$ 387.155,97;;;DICSON;;22/09/2025;30/09/2025;15/09/2025;;FALSE;TRUE;FALSE;FALSE;D366157;-10.365062,-39.3533881;E860370 - E860402;https://drive.google.com/file/d/15XutZB2Evn28tTauCeUks27-QxnBieO0/view?usp=drive_link;-10,365062;-39,3533881;SENHOR DO BONFIM;2025-09-01;0583003;Consolidado;N/A
B-1066471;MP-CCOL RUA DO CAMPO RURAL;NORDESTINA;29;Energizada;ANAILTON;Pendente;DESL + LV + BT + ENERGZ;4 N1, 2 N3-3, 1 N4;ENERG-(112568)   BT-(112574);26/09 25/09;112625(25) 110216(26);PLANO 14;GOVERNO;;;;18;100%;ago./1;R$ 241.890,75;;;DICSON;;15/09/2025;30/09/2025;15/09/2025;;FALSE;FALSE;FALSE;FALSE;Q108264;-10.7844436,-39.5742173;E860361 - E860389;https://drive.google.com/file/d/1L395ttYUHG8qr0tgjS2oTbHVsg7RPRiy/view?usp=drive_link;-10,7844436;-39,5742173;SENHOR DO BONFIM;2025-09-01;1066471;Consolidado;N/A
B-1075602;AC-CIND-FAZ-NOVA ESPERAN A-RURAL;QUEIMADAS;29;Energizada;GESONI;Pendente;LV + ENERGZ;N3;94571(LV) 99742(BT);;;PLANO 7;RECLAMAÇÃO;;;;1;100%;ago./1;R$ 155.068,88;;;DICSON;;01/09/2025;19/09/2025;;;TRUE;;;;D555004;-11.1998166,-39.8280442;E844059 - E844087;Não precisa;-11,1998166;-39,8280442;SENHOR DO BONFIM;2025-09-01;1075602;Consolidado;N/A
B-1148107;MP CIND POV TIRIRCA E BANABEIRA RURAL;QUEIMADAS;25;Energizada;EDVALDO;Pendente;LV + ENERGZ;1 N4-3;94561 (LV) 99714(BT);;;PLANO 14;AIC AUDITORIA;;;;5;100%;ago./1;R$ 240.479,16;;;DICSON;;26/08/2025;11/09/2025;;;TRUE;;;;D277799;-11.2970312,-39.8701245;E844089 - E844113;Não precisa;-11,2970312;-39,8701245;SENHOR DO BONFIM;2025-09-01;1148107;Consolidado;N/A
B-1155426;ER-CCOL-POV-VAZEA CURRAL-RURAL;QUEIMADAS;24;Energizada;ISRAEL;Pendente;LV + ENERGZ;N3;94572 (LV) 99788(BT) 99765(BT);;;PLANO 7;GOVERNO;;;;1;100%;ago./1;R$ 211.324,50;;;DICSON;;25/08/2025;13/09/2025;;;TRUE;;;;D205317;-11.0629465,-39.5846894;E844114 -E844138;Não precisa;-11,0629465;-39,5846894;SENHOR DO BONFIM;2025-09-01;1155426;Consolidado;N/A
B-1161877;ER-SEIN-POV-BOQUEIRAO-BOQUEIRAO;QUEIMADAS;23;Energizada;MARCELO;Pendente;LV + BT + ENERGZ;N3/4;94563(LV) 98206(BT);;;PLANO 7;GOVERNO;;;;1;100%;ago./1;R$ 229.942,73;;;DICSON;;08/09/2025;18/09/2025;;;TRUE;;;;D668425;-10.9428983,-39.802938;E844162 - E844184;Não precisa;-10,9428983;-39,802938;SENHOR DO BONFIM;2025-09-01;1161877;Consolidado;N/A
B-0984964;ER-CIND-RUA-PE DE MONTE 4566 --B-RURAL;SENHOR DO BONFIM;16;Energizada;JOILSON;Pendente;DESL + LV + BT + ENERGZ;1 N1-3;108858(LV)  112307-BT  112323 LV;17/09;104957;PLANO 14;QLP;;;;1;100%;ago./1;R$ 91.671,67;;;JOÃO;;08/09/2025;19/09/2025;12/09/2025;;FALSE;FALSE;FALSE;FALSE;Q050602;-10.4446056,-40.1845477;E860295 - E860310;https://drive.google.com/file/d/1lVKEGoWiGQTI4bK-KlYSpv4p_eLZ7aqK/view?usp=drive_link;-10,4446056;-40,1845477;SENHOR DO BONFIM;2025-09-01;0984964;Consolidado;N/A
B-1133580;ER-CIND-POV-LAGOA DA PEDRA-RURAL;MONTE SANTO;15;Energizada;OSMAR;Pendente;LV + ENERGZ;1 N1 C/ TRF;94549(LV) 98935(BT) 98942(BT);;;PLANO 14;RECLAMAÇÃO;;;;0;100%;ago./1;R$ 20.301,31;;;DICSON;;03/09/2025;09/09/2025;;;TRUE;;;;D939343;-10.4075682,-39.1767321;E860581 - E860595;https://drive.google.com/file/d/13kLp5DcUZzfTZjqJ3_0HZhloS8eHQ6-P/view?usp=drive_link;-10,4075682;-39,1767321;SENHOR DO BONFIM;2025-09-01;1133580;Consolidado;N/A
B-1092121;RR-CIND-POV-CACHIMBO-CACHIMBO;PINDOBAÇU;14;Energizada;EDVALDO;Pendente;DESL + ENERGZ;;112323(ENERG);23/09;108905;PLANO 14;NOVOS QUESTIONAMENTOS ANEEL;;;;1;100%;ago./1;R$ 66.090,67;;;JOÃO;;18/09/2025;23/09/2025;12/09/2025;;FALSE;FALSE;FALSE;FALSE;Q058253;-10.79384,-40.253584;E860551 - E860564;https://drive.google.com/file/d/1DQsb8w17yKBWCeMkzhT4I3uPMPqGQt8z/view?usp=drive_link;-10,79384;-40,253584;SENHOR DO BONFIM;2025-09-01;1092121;Consolidado;N/A
B-0972150;RR-CIND-RUA-DA AREIA-CARNAIBA;PINDOBAÇU;11;Em execução;EDVALDO;Pendente;LV + ENERGZ;1 N1-3;108885(LV);;;PLANO 7;QLP;;;;1;100%;ago./1;R$ 59.465,82;;;JOÃO;;22/09/2025;25/09/2025;12/09/2025;;FALSE;FALSE;FALSE;FALSE;Q063843;-10.7118401, -40.4764177;E860565 - E860578;https://drive.google.com/file/d/1cSMCjmGCfeyj4MQsh2710bSbQRCyuNEy/view?usp=drive_link;;;SENHOR DO BONFIM;2025-09-01;0972150;Consolidado;N/A
B-1175533;ER-CIND-POV-LAGOA GRANDE-RURAL;MONTE SANTO;9;Energizada;OSMAR;Pendente;LV + ENERGZ;1 N1 C/ TRF;94559(LV)99036(BT);;;PLANO 14;PRIORIDADE PLANO ANEEL;;;;2;100%;ago./1;R$ 91.398,66;;;DICSON;;17/09/2025;20/09/2025;;;TRUE;FALSE;;;A284303;-10.1943803,-39.4088117;E844385 - E844393;https://drive.google.com/file/d/1x_xk_tSHsm3JoNWxJDy98zFyh4Stat7f/view?usp=drive_link;-10,1943803;-39,4088117;SENHOR DO BONFIM;2025-09-01;1175533;Consolidado;N/A
B-1138650;ER-CCOL-FAZ-BEIRA DAGUA 51-RURAL;ITIÚBA;8;Energizada;ISRAEL;Pendente;LV + ENERGZ;1 N1-3;108864(LV);;;PLANO 7;PRIORIDADE PLANO ANEEL;;;;3;100%;ago./1;R$ 71.767,33;;;JOÃO;;15/09/2025;20/09/2025;02/09/2025;Sim;;TRUE;;;Q097715;-10.6050323,-39.7385837;E844411 - E844418;https://drive.google.com/file/d/1BDbcwGtlbLxqNdpZvcVEFr3O_uCFwBJa/view?usp=drive_link;-10,6050323;-39,7385837;SENHOR DO BONFIM;2025-09-01;1138650;Consolidado;N/A
B-1191920;UB-CIND-RUA-MATA FUNDA 138-MATA FUNDA;JAGUARARI;6;Energizada;REGINALDO;;BT;;(BT-109767);;;PLANO 7;RECLAMAÇÃO;;;;2;100%;ago./1;R$ 41.363,03;;;JOÃO;;03/09/2025;06/09/2025;03/09/2025;;FALSE;TRUE;FALSE;FALSE;Q046595;-10.2559277,-40.2015178;E860284 - E860289;https://drive.google.com/file/d/1Cvk2W99szGNZixqM9d-OJHQHsBeJbR5m/view?usp=drive_link;-10,2559277;-40,2015178;SENHOR DO BONFIM;2025-09-01;1191920;Consolidado;N/A
B-1192137;ER-CIND-POV-PICOS-RURAL;ITIÚBA;5;Energizada;ISRAEL;Realizado;DESL + LV + ENERGZ;5 N1;108866(LV)    112390(ENERGI);26/09;111064;PLANO 7;GOVERNO;;;;1;100%;ago./1;R$ 58.088,16;;;JOÃO;;16/09/2025;20/09/2025;15/09/2025;;FALSE;TRUE;FALSE;FALSE;D294689;-10.6321634,-39.8987568;E844432 - E844436;https://drive.google.com/file/d/1ECOK5CnqZjiqR_XeA6ZvchhmYoG64Z6-/view?usp=drive_link;-10,6321634;-39,8987568;SENHOR DO BONFIM;2025-09-01;1192137;Consolidado;N/A
B-1206954;ER-CIND-ROD-LOMANTO JUNIOR 1708-RURAL;SENHOR DO BONFIM;5;Energizada;JOILSON;Realizado;LV + ENERGZ;1 N1;103027(LV);;;PLANO 7;QLP;;;;2;100%;ago./1;R$ 27.801,39;;;JOÃO;;04/09/2025;10/09/2025;02/09/2025;Sim;FALSE;TRUE;FALSE;FALSE;D030928;-10.3865038,-40.1755112;E860276 - E860280;https://drive.google.com/file/d/1DQF3zhtY_44-dbhtbiUX3-Xz8Z452qu8/view?usp=drive_link;-10,3865038;-40,1755112;SENHOR DO BONFIM;2025-09-01;1206954;Consolidado;N/A
B-1206228;ER-CIND-FAZ-SANTO ANTONIO-RURAL;QUEIMADAS;5;Energizada;MARCELO;;DESL;;;24/09;110074;PLANO 7;QLP;;;;1;100%;ago./1;R$ 70.400,69;;;DICSON;;23/09/2025;23/09/2025;08/09/2025;;FALSE;TRUE;FALSE;FALSE;D003068;-10.9790921,-39.6573284;E860517 - E860521;https://drive.google.com/file/d/1WAFF1_9PGHhrpkF9x36XPLwzsrEvbOgc/view?usp=drive_link;-10,9790921;-39,6573284;SENHOR DO BONFIM;2025-09-01;1206228;Consolidado;N/A
B-1206014;ER-CIND-RUA-DO CAJUEIRO-CENTRO;PINDOBAÇU;5;Energizada;WAGNER;;BT;;109474(BT);;;PLANO 14;QLP;;;;1;100%;ago./1;R$ 23.255,18;;;JOÃO;;05/09/2025;11/09/2025;02/09/2025;Sim;FALSE;TRUE;FALSE;FALSE;E584971;-10.723571,-40.461421;E860331 - E860335;https://drive.google.com/file/d/1Da7bZORtL90tBM6tBKxNnjpfe5qQpGmH/view?usp=drive_link;-10,723571;-40,461421;SENHOR DO BONFIM;2025-09-01;1206014;Consolidado;N/A
B-1204810;ER-CIND-POV-PAU DE COLHER 1-RURAL;CANSANÇÃO;4;Energizada;ANAILTON;Realizado;LV + ENERGZ;N3/N4;108875(LV)    BT(110445);;;PLANO 14;QLP;;;;2;100%;ago./1;R$ 36.575,78;;;DICSON;;19/09/2025;20/09/2025;08/09/2025;;FALSE;TRUE;FALSE;FALSE;D288287;-10.6108417,-39.4580384;E860290 - E860293;https://drive.google.com/file/d/1635uI2NeYJwj57kJ_JkwqMqoOmCh2-1D/view?usp=drive_link;-10,6108417;-39,4580384;SENHOR DO BONFIM;2025-09-01;1204810;Consolidado;N/A
B-1219940;IT-CIND-PR -SIMOES FILHO-CENTRO;SENHOR DO BONFIM;4;Energizada;REGINALDO;Pendente;LV + BT;CE3;108068(LV);;;PLANO 7;REPUTACIONAL;;;;1;100%;ago./1;33.932,12;;;JOÃO;;09/09/2025;12/09/2025;04/09/2025;;FALSE;TRUE;FALSE;FALSE;;;E860600 - E860603;Não precisa;;;SENHOR DO BONFIM;2025-09-01;1219940;Consolidado;N/A
B-1168671;UB-CIND-RUA-ANTONIO J FERNANDES-CENTRO;CANSANÇÃO;3;Energizada;ANAILTON;;BT;;BT(110415);;;PLANO 7;RECLAMAÇÃO;;;;0;100%;ago./1;R$ 17.394,64;;;DICSON;;04/09/2025;11/09/2025;08/09/2025;;FALSE;TRUE;FALSE;FALSE;Q098321;-10.6725007,-39.4993519;E844017 - E844019;https://drive.google.com/file/d/1OAF9eXfeuQv-0UEK5z-aV_kEHQpsMr6z/view?usp=drive_link;-10,6725007;-39,4993519;SENHOR DO BONFIM;2025-09-01;1168671;Consolidado;N/A
B-1207248;ER-CIND-POV-LAGOA DA PICADA 745-RURAL;NORDESTINA;3;Energizada;ANAILTON;;BT;;BT(109714);;;PLANO 14;QLP;;;;2;100%;ago./1;R$ 16.982,10;;;DICSON;;05/09/2025;12/09/2025;08/09/2025;;FALSE;TRUE;FALSE;FALSE;Q095919;-10.7869811,-39.4100883;E860317 - E860319;https://drive.google.com/file/d/1wjAkR7S08BvRgkyzo_14rtXPNLPSfczs/view?usp=drive_link;-10,7869811;-39,4100883;SENHOR DO BONFIM;2025-09-01;1207248;Consolidado;N/A
B-1152856;AC-CIND-POV-ANGIGAL-RURAL;NORDESTINA;3;Energizada;ALDAIR;Pendente;LV + REGULADOR;4 N1;100686 (LV);;;PLANO 7;TRANSGRESSÃO;;;;0;100%;ago./1;R$ 114.607,64;;;DICSON;;03/09/2025;12/09/2025;;;TRUE;;FALSE;FALSE;Q106463;-10.9446747,-39.4145806;E550421 - E550424;Não precisa;-10,9446747;-39,4145806;SENHOR DO BONFIM;2025-09-01;1152856;Consolidado;N/A
B-1209033;ER-CIND-RUA-JOSE EMIDIO DA SILVA-CENTRO;PINDOBAÇU;3;Energizada;WAGNER;;BT;;107705(BT);;;PLANO 14;QLP;;;;2;100%;ago./1;R$ 16.653,57;;;JOÃO;;04/09/2025;09/09/2025;02/09/2025;Sim;FALSE;TRUE;FALSE;FALSE;E755909;-10.82016743,-40.2277743;E860340 - E860342;https://drive.google.com/file/d/1DBiPa0Oy2gbj-ouB0UrGF8NkZiRZtjlE/view?usp=drive_link;-10,82016743;-40,2277743;SENHOR DO BONFIM;2025-09-01;1209033;Consolidado;N/A
B-1203171;ER-CIND-POV-LAGOA DOS CAVALOS-AROEIRA;CANSANÇÃO;2;Energizada;ANAILTON;Realizado;DESL + BT + LV;1 N1;108862(LV);19/09;106280;PLANO 14;QLP;;;;1;100%;ago./1;R$ 18.056,34;;;DICSON;;15/09/2025;19/09/2025;08/09/2025;;FALSE;TRUE;FALSE;FALSE;D649790;-10.6554347,-39.4858557;E860359 - E860360;https://drive.google.com/file/d/1v3Hcvb3uzT_mSEQps2VVufn1HJsUHYjI/view?usp=drive_link;-10,6554347;-39,4858557;SENHOR DO BONFIM;2025-09-01;1203171;Consolidado;N/A
B-1201275;ER-CIND-POV-JIBOIA-JIBOIA;CANSANÇÃO;2;Energizada;ANAILTON;;BT;;111649(BT);;;PLANO 14;QLP;;;;1;100%;ago./1;R$ 16.488,84;;;DICSON;;02/09/2025;09/09/2025;08/09/2025;;FALSE;TRUE;FALSE;FALSE;D145349;-10.7568439,-39.6467208;E860320 - E860321;https://drive.google.com/file/d/1rIAkrJD-pzRAee04kzpzx7GqbQjueVB4/view?usp=drive_link;-10,7568439;-39,6467208;SENHOR DO BONFIM;2025-09-01;1201275;Consolidado;N/A
B-1201413;ER-CIND-POV-CAETANO-CAETANO;CANSANÇÃO;2;Energizada;ANAILTON;;BT;;(109662)BT;;;PLANO 7;QLP;;;;1;100%;ago./1;R$ 7.704,51;;;DICSON;;03/09/2025;10/09/2025;08/09/2025;;FALSE;TRUE;FALSE;FALSE;D127033;-10.6136228,-39.4974447;E860313 - E860314;https://drive.google.com/file/d/12jM_L-YJu2Ic9PB1NY1VyCNlcelpSooL/view?usp=sharing;-10,6136228;-39,4974447;SENHOR DO BONFIM;2025-09-01;1201413;Consolidado;N/A
B-1201139;ER-CIND-RUA-DAS FLORES-CENTRO-BARRACAS;PONTO NOVO;2;Energizada;GESONI;;BT;;108745(BT);;;PLANO 7;QLP;;;;2;100%;ago./1;R$ 10.542,91;;;JOÃO;;04/09/2025;06/09/2025;05/09/2025;;FALSE;TRUE;FALSE;FALSE;R014599;-11.0769205,-40.0750265;E844376 - E844377;https://drive.google.com/file/d/1ClnmEoPmKbRjqm_YWIGA6mWmeFFT9yjq/view?usp=drive_link;-11,0769205;-40,0750265;SENHOR DO BONFIM;2025-09-01;1201139;Consolidado;N/A
B-1170403;ER CIND FAZ LARAJEIRA RURAL;PONTO NOVO;2;Energizada;GESONI;;BT;;108762(BT);;;PLANO 7;RECLAMAÇÃO;;;;1;100%;ago./1;R$ 13.695,96;;;JOÃO;;05/09/2025;06/09/2025;05/09/2025;;FALSE;TRUE;FALSE;FALSE;D329501;-10.8808876,-40.1626316;E844378 - E844379;https://drive.google.com/file/d/1D13Ou1LVG4hdxFYacxop9yE-MF9kA2nZ/view?usp=drive_link;-10,8808876;-40,1626316;SENHOR DO BONFIM;2025-09-01;1170403;Consolidado;N/A
B-1206651;ER-CIND-POV-ALTO LINDO S N-ALTO LINDO;CANSANÇÃO;2;Energizada;ISRAEL;;BT;;1202886;;;PLANO 14;QLP;;;;1;100%;ago./1;R$ 16.385,04;;;JOÃO;;09/09/2025;13/09/2025;02/09/2025;;FALSE;TRUE;FALSE;FALSE;Q093321;-10.6612607,-39.6508568;E860329 - E860330;https://drive.google.com/file/d/1DXFdvxai5OJ7ToQe3mhl-MygSkfIQRA_/view?usp=drive_link;-10,6612607;-39,6508568;SENHOR DO BONFIM;2025-09-01;1206651;Consolidado;N/A
B-1204516;ER-CIND-POV-CASSIANOS 148-RURAL;FILADÉLFIA;2;Energizada;ISRAEL;Pendente;LV + BT;2 N1;108889(LV)             112262(BT);;;PLANO 14;QLP;;;;1;100%;ago./1;R$ 15.436,36;;;JOÃO;;29/09/2025;30/09/2025;10/09/2025;;FALSE;FALSE;FALSE;FALSE;D088929;-10.6961278,-40.0861349;E860326 - E860327;https://drive.google.com/file/d/1BZDnwQA06ttb8eFoMUcpKO-1jgJ9tnDm/view?usp=drive_link;-10,6961278;-40,0861349;SENHOR DO BONFIM;2025-09-01;1204516;Consolidado;N/A
B-1204914;ER-CIND-POV-CARRAPATO-CARRAPATO;ITIÚBA;2;Energizada;ISRAEL;;BT;;107515(BT);;;PLANO 14;QLP;;;;0;100%;ago./1;R$ 9.542,09;;;JOÃO;;02/09/2025;06/09/2025;02/09/2025;Sim;FALSE;TRUE;FALSE;FALSE;D003935;-10.7095779,-40.0118378;E860311 - E860312;https://drive.google.com/file/d/1BGZLteeAm0zYHNYAaD0cVglLdzibuJQT/view?usp=drive_link;-10,7095779;-40,0118378;SENHOR DO BONFIM;2025-09-01;1204914;Consolidado;N/A
B-1205995;UB-CIND-RUA-ANTONIO P DA SILVA 7-CENTRO;ITIÚBA;2;Energizada;ISRAEL;;BT;;108525(BT);;;PLANO 7;QLP;;;;1;100%;ago./1;R$ 17.353,84;;;JOÃO;;08/09/2025;13/09/2025;02/09/2025;Sim;FALSE;TRUE;FALSE;FALSE;D337170;-10.6836193,-39.8684191;E860346 - E860347;https://drive.google.com/file/d/1DadKvivrNbyZpvALf4uoNIwlFH_pIZDo/view?usp=drive_link;-10,6836193;-39,8684191;SENHOR DO BONFIM;2025-09-01;1205995;Consolidado;N/A
B-1208878;ER-CIND-POV-PEDRA VERMELHA-RURAL;MONTE SANTO;2;Cancelada;JOSE;;BT;;111648(BT);;;PLANO 7;QLP;;;;3;100%;ago./1;R$ 14.453,91;;;DICSON;;10/09/2025;11/09/2025;08/09/2025;;FALSE;TRUE;FALSE;FALSE;D554481;-10.3595262,-39.5068009;E860365 - E860366;https://drive.google.com/file/d/1D9w0pAiYJiZRJfU0QOqFFYYEUWF8IB7S/view?usp=drive_link;-10,3595262;-39,5068009;SENHOR DO BONFIM;2025-09-01;1208878;Descartado;Status Excluído (STATUS)
B-1203955;UB-CIND-AV PEDRA VERMELHA-CENTRO;MONTE SANTO;2;Energizada;JOSE;Pendente;LV + BT;2 CE1;108865(LV)   BT(110658);;;PLANO 7;QLP;;;;1;100%;ago./1;R$ 13.420,51;;;DICSON;;15/09/2025;16/09/2025;08/09/2025;;FALSE;TRUE;FALSE;FALSE;D660024;-10.4319098,-39.3258685;E860363 - E860364;https://drive.google.com/file/d/1BjVLso9TVj0-j5mXNPERq0-kukBEQhfa/view?usp=drive_link;-10,4319098;-39,3258685;SENHOR DO BONFIM;2025-09-01;1203955;Consolidado;N/A
B-1206653;ER-CIND-FAZ-PO O SANTAS-PEDRA VERMELHA;MONTE SANTO;2;Energizada;JOSE;Pendente;LV + BT;2 AN1;108876(LV)   112462(BT);;;PLANO 14;QLP;;;;0;100%;ago./1;R$ 15.954,44;;;DICSON;;19/09/2025;19/09/2025;08/09/2025;;FALSE;TRUE;FALSE;FALSE;D239865;-10.3964692,-39.2948442;E860367 - E860368;https://drive.google.com/file/d/1DW3p2WaTXHd0WLIEkUaN5pBmbdpBHmXc/view?usp=drive_link;-10,3964692;-39,2948442;SENHOR DO BONFIM;2025-09-01;1206653;Consolidado;N/A
B-1165914;EQ-COEL-RUA-MARCOS DE JESUS-ALTO DAS POP;NORDESTINA;2;Energizada;ALDAIR;Pendente;LV + ENERGZ;2 N1 E REGUL;94567(LV);;;PLANO 8;AL/MELHORAMENTO;;;;0;100%;ago./1;R$ 525.831,16;;;DICSON;;15/08/2025;30/09/2025;;;TRUE;;FALSE;FALSE;Q095459;-10.6886805,-39.4846989;E860598 - E860599;Não precisa;-10,6886805;-39,4846989;SENHOR DO BONFIM;2025-09-01;1165914;Consolidado;N/A
B-1205166;ER-CIND-FAZ-CANJAO 1204-CANJAO;MONTE SANTO;2;Energizada;OSMAR;;BT;;;;;PLANO 14;QLP;;;;1;100%;ago./1;R$ 10.140,45;;;DICSON;;08/09/2025;09/09/2025;08/09/2025;;FALSE;TRUE;FALSE;FALSE;D239997;-10.5209917,-39.4805121;E860403 - E860404;https://drive.google.com/file/d/1BFHtAT38CrnzAZ61m2rcXLizRslL6ptW/view?usp=drive_link;-10,5209917;-39,4805121;SENHOR DO BONFIM;2025-09-01;1205166;Consolidado;N/A
B-1202536;UB-CIND-RUA-MANDACARU-CRNTRO;JAGUARARI;2;Energizada;REGINALDO;Pendente;LV + BT;N1;109649(LV);;;PLANO 7;RECLAMAÇÃO;;;;1;100%;ago./1;R$ 15.235,49;;;JOÃO;;02/09/2025;06/09/2025;03/09/2025;;FALSE;TRUE;FALSE;FALSE;Q067768;-9.891134,-39.971109;E860607 - E860608;https://drive.google.com/file/d/1CCTOh9AUck6MWGzA2ASs8zs0izRme7nU/view?usp=drive_link;-9,891134;-39,971109;SENHOR DO BONFIM;2025-09-01;1202536;Consolidado;N/A
B-1204056;UB-CIND-RUA-FRANCISCO ROCHA-CENTRO;PINDOBAÇU;2;Energizada;WAGNER;;BT;;107639(BT);;;PLANO 7;QLP;;;;2;100%;ago./1;R$ 12.494,83;;;JOÃO;;03/09/2025;10/09/2025;02/09/2025;Sim;FALSE;TRUE;FALSE;FALSE;B034301;-10.7286818,-40.3575009;E860336 - E860337;https://drive.google.com/file/d/1BZhCZTh08Gcl5_KbaPHCGK0wqXALTCgc/view?usp=drive_link;-10,7286818;-40,3575009;SENHOR DO BONFIM;2025-09-01;1204056;Consolidado;N/A
B-1203275;ER-CIND-RUA-DA PALHA-CENTRO;PINDOBAÇU;2;Energizada;WAGNER;;BT;;109504(BT);;;PLANO 14;QLP;;;;0;100%;ago./1;R$ 14.359,72;;;JOÃO;;06/09/2025;13/09/2025;02/09/2025;Sim;FALSE;TRUE;FALSE;FALSE;Q063813;-10.7226902,-40.4540074;E860338 - E860339;https://drive.google.com/file/d/1BvmyYublJAnP0F77FTWPXAbUpjsG942z/view?usp=drive_link;-10,7226902;-40,4540074;SENHOR DO BONFIM;2025-09-01;1203275;Consolidado;N/A
B-1206688;ER-CIND-POV-BREJOS DOS PAULOS-RURAL;PINDOBAÇU;2;Energizada;WAGNER;Pendente;LV + BT;1 N1;108868(LV) 111646(BT);;;PLANO 14;QLP;;;;1;100%;ago./1;R$ 12.892,11;;;JOÃO;;16/09/2025;17/09/2025;02/09/2025;Sim;FALSE;TRUE;FALSE;FALSE;E168212;-10.7876246,-40.2885779;E860343 - E860344;https://drive.google.com/file/d/1DRR8NBWVi66pyCqvG2tUk-_rHEfv7Ae0/view?usp=drive_link;-10,7876246;-40,2885779;SENHOR DO BONFIM;2025-09-01;1206688;Consolidado;N/A
B-1203779;ER-CIND-POV-LAGOA DO ALTO-LAGOA DO ALTO;QUEIMADAS;1;Energizada;ANAILTON;;BT;;111401(BT);;;PLANO 14;QLP;;;;1;100%;ago./1;R$ 5.254,53;;;DICSON;;03/09/2025;06/09/2025;08/09/2025;;FALSE;TRUE;FALSE;FALSE;D201081;-10.7832017,-39.6529635;E860315;https://drive.google.com/file/d/1Ns1X-zT_bvK6UFaI8x3tfQB6TUHUldP3/view?usp=drive_link;-10,7832017;-39,6529635;SENHOR DO BONFIM;2025-09-01;1203779;Consolidado;N/A
B-1195905;ER-CIND-POV-CARNAIBA DE CIMA-RURAL;PINDOBAÇU;1;Energizada;EDVALDO;Pendente;LV + ENERGZ;N3/N4;108888(LV);;;PLANO 7;SOLICITAÇÃO ATENDIMENTO;;;;1;100%;ago./1;R$ 112.572,70;;;JOÃO;;26/09/2025;30/09/2025;12/09/2025;;FALSE;FALSE;FALSE;FALSE;Q065478;-10.7201924,-40.4417586;E860348 - E860358;https://drive.google.com/file/d/1ClMX6ZyO7jF2CRDWGIjcJ8Z-uLOnX3mC/view?usp=drive_link;-10,7201924;-40,4417586;SENHOR DO BONFIM;2025-09-01;1195905;Consolidado;N/A
B-1207576;ER-CIND-POV-RURAL-POCOS;FILADÉLFIA;1;Energizada;ISRAEL;;BT;;107507(BT);;;PLANO 7;QLP;;;;0;100%;ago./1;R$ 7.897,17;;;JOÃO;;02/09/2025;06/09/2025;03/09/2025;;FALSE;TRUE;FALSE;FALSE;B682517;-10.7532144,-40.1081521;E860294;https://drive.google.com/file/d/1DKzeKdvxBFUlRdYbckITLxFStvP25wvL/view?usp=drive_link;-10,7532144;-40,1081521;SENHOR DO BONFIM;2025-09-01;1207576;Consolidado;N/A
B-1209266;ER-CIND-POV-CANAFISTULA-RURAL;FILADÉLFIA;1;Energizada;ISRAEL;Pendente;LV + ENERGZ;N1 C/TRF;108871(LV)    112179(ENERG);;;PLANO 7;QLP;;;;0;100%;ago./1;R$ 14.374,42;;;JOÃO;;17/09/2025;18/09/2025;10/09/2025;;FALSE;FALSE;FALSE;FALSE;D210457;-10.6498898,-40.0792207;E860325;https://drive.google.com/file/d/1D9nIRamX0Z2l7AExEQ7MqTTVIeWhLYKi/view?usp=drive_link;-10,6498898;-40,0792207;SENHOR DO BONFIM;2025-09-01;1209266;Consolidado;N/A
B-1204027;ER-CIND-POV-ALAGADICO GRANDE 325-RURAL;FILADÉLFIA;1;Energizada;ISRAEL;Pendente;LV + ENERGZ;N1 C/TRF;108879(LV) 111926-(BT);;;PLANO 7;QLP;;;;1;100%;ago./1;R$ 18.347,40;;;JOÃO;;22/09/2025;23/09/2025;10/09/2025;;FALSE;FALSE;FALSE;FALSE;D259783;-10.6596563,-40.0279099;E860328;https://drive.google.com/file/d/1BbHgFBObH9Mu12IXHTNGua56neFJONvO/view?usp=drive_link;-10,6596563;-40,0279099;SENHOR DO BONFIM;2025-09-01;1204027;Consolidado;N/A
B-1203648;ER-CIND-POV-CALUMBI-CALUMBI;FILADÉLFIA;1;Energizada;ISRAEL;Pendente;LV + ENERGZ;N1 C/TRF;108886(LV)           111906-(BT);;;PLANO 7;QLP;;;;1;100%;ago./1;R$ 18.235,39;;;JOÃO;;24/09/2025;25/09/2025;10/09/2025;;FALSE;FALSE;FALSE;FALSE;D211950;-10.6325843,-40.0640193;E860322;https://drive.google.com/file/d/1Bsf-zND-uqVzvMmFYPr-Ey1Nabwf4p2P/view?usp=drive_link;-10,6325843;-40,0640193;SENHOR DO BONFIM;2025-09-01;1203648;Consolidado;N/A
B-1206416;ER-CIND-FAZ-CAJAZEIRAS-RURAL;FILADÉLFIA;1;Energizada;ISRAEL;Pendente;LV + ENERGZ;N1 C/TRF;108887(LV)             112234-(ENERGI);;;PLANO 14;QLP;;;;2;100%;ago./1;R$ 18.857,00;;;JOÃO;;26/09/2025;27/09/2025;10/09/2025;;FALSE;FALSE;FALSE;FALSE;D274123;-10.7096649,-40.1617884;E860324;https://drive.google.com/file/d/1DYFl2q_NLNcahpopXQdJJOw7Y8oUZmh4/view?usp=drive_link;-10,7096649;-40,1617884;SENHOR DO BONFIM;2025-09-01;1206416;Consolidado;N/A
B-1202316;ER-CIND-POV-LAGOA DO TANQUE-PIAUS;ITIÚBA;1;Energizada;ISRAEL;Realizado;LV + ENERGZ;N1 C/TRF;108867(LV);;;PLANO 7;QLP;;;;1;100%;ago./1;R$ 18.115,46;;;JOÃO;;16/09/2025;16/09/2025;02/09/2025;Sim;FALSE;TRUE;FALSE;FALSE;D143406;-10.4727982,-39.8117563;E844483;https://drive.google.com/file/d/1CK2TKzzHmW1YlDPVpisJE1aHT467GR_o/view?usp=drive_link;-10,4727982;-39,8117563;SENHOR DO BONFIM;2025-09-01;1202316;Consolidado;N/A
B-1199714;IE-RELIGADOR-JAC-09Z3-Q097526;CANSANÇÃO;1;Energizada;JEFERSON;Realizado;LV;1 RELIG;94576(LV);;;PLANO 8;AL/MELHORAMENTO;;;;0;100%;ago./1;R$ 131.264,76;;;DICSON;;28/08/2025;03/09/2025;;;TRUE;;;;Q090197;-10.6667636,-39.5065648;E844020;Não precisa;-10,6667636;-39,5065648;SENHOR DO BONFIM;2025-09-01;1199714;Consolidado;N/A
B-1225692;RU-CIND-RUA-13 DE MAIO-POPULARES 5 CIAPP;SENHOR DO BONFIM;1;Energizada;JOILSON;;BT;;;;;PLANO 7;REPUTACIONAL;;;;1;100%;ago./1;7.218,37;;;JOÃO;;01/09/2025;04/09/2025;;;FALSE;FALSE;FALSE;FALSE;;;E860596;https://drive.google.com/file/d/1vchsbzD68vO7ptA1Mw4e5uSB48cTjwCM/view?usp=drive_link;;;SENHOR DO BONFIM;2025-09-01;1225692;Consolidado;N/A
B-1202969;ER-CIND-POV-CARIOCA DE CIMA-RURAL;SENHOR DO BONFIM;1;Energizada;JOILSON;Pendente;LV + ENERGZ;1 N1 C/ TRF;103523(LV);;;PLANO 7;QLP;;;;1;100%;ago./1;R$ 16.844,54;;;JOÃO;;02/09/2025;09/09/2025;02/09/2025;Sim;TRUE;TRUE;TRUE;TRUE;Q050239;-10.4961012,-40.1237219;E860597;https://drive.google.com/file/d/1C6G00ocnBR_bi4UEew7ssPj5-L_8zZpq/view?usp=drive_link;-10,4961012;-40,1237219;SENHOR DO BONFIM;2025-09-01;1202969;Consolidado;N/A
B-1205368;ER-CIND-POV-CARAIBA GRANDE-CARAIBA G;MONTE SANTO;1;Energizada;JOSE;Pendente;LV + ENERGZ;N1 C/TRF;108870(LV)         112431(BT);;;PLANO 7;QLP;;;;1;100%;ago./1;R$ 19.578,86;;;DICSON;;17/09/2025;17/09/2025;08/09/2025;;FALSE;TRUE;FALSE;FALSE;D133268;-10.4182946,-39.5775097;E860580;https://drive.google.com/file/d/1DeoludaIsbMqak5VzE9SnuZsy1fHPAJL/view?usp=drive_link;-10,4182946;-39,5775097;SENHOR DO BONFIM;2025-09-01;1205368;Consolidado;N/A
B-1203172;ER-CIND-POV-PEDRA BRANCA 9999--Z;MONTE SANTO;1;Energizada;JOSE;;BT;;;;;PLANO 14;QLP;;;;1;100%;ago./1;R$ 7.728,74;;;DICSON;;12/09/2025;12/09/2025;08/09/2025;;FALSE;TRUE;FALSE;FALSE;E152344;-10.2923895,-39.1855661;E860361 -E860362;https://drive.google.com/file/d/1ByENby-lLui8bcKbg9d1ERZ93_PzDVX_/view?usp=drive_link;-10,2923895;-39,1855661;SENHOR DO BONFIM;2025-09-01;1203172;Consolidado;N/A
B-1203148;UB-CIND-RUA-EUCLIDES DA CUNHA 340-CENTRO;MONTE SANTO;1;Energizada;JOSE;;BT;;BT(110632);;;PLANO 7;QLP;;;;1;100%;ago./1;R$ 4.140,93;;;DICSON;;13/09/2025;13/09/2025;08/09/2025;;FALSE;TRUE;FALSE;FALSE;A258067;-10.4385302,-39.3283121;E860369;https://drive.google.com/file/d/1C-TnNy__zrME5CsPXIBcBjS6DiPxZIPZ/view?usp=sharing;-10,4385302;-39,3283121;SENHOR DO BONFIM;2025-09-01;1203148;Consolidado;N/A
B-1206403;RR-CIND-FAZ-SANTO ANTONIO-RURAL;QUEIMADAS;1;Energizada;MARCELO;;Depende de outro projeto B-1206228;;;;;PLANO 7;QLP;;;;0;100%;ago./1;R$ 33.385,47;;;DICSON;;22/09/2025;26/09/2025;08/09/2025;;FALSE;TRUE;FALSE;FALSE;D549335;-10.973127,-39.6514319;E860316;https://drive.google.com/file/d/1D_5yl_H0kNm3MOOJ8MWo-v_GohR20vnB/view?usp=drive_link;-10,973127;-39,6514319;SENHOR DO BONFIM;2025-09-01;1206403;Consolidado;N/A
B-1201479;ER-CIND-POV-LAGOA DA PEDRA 108-RURAL;MONTE SANTO;1;Energizada;OSMAR;;BT;;;;;PLANO 7;QLP;;;;1;100%;ago./1;R$ 7.430,44;;;DICSON;;11/09/2025;11/09/2025;08/09/2025;;FALSE;TRUE;FALSE;FALSE;Q109024;-10.6188768,-39.3461413;E860406;https://drive.google.com/file/d/1CZGBcnos6ql-EnUHeHmX8H1-W_Xd4FwX/view?usp=drive_link;-10,6188768;-39,3461413;SENHOR DO BONFIM;2025-09-01;1201479;Consolidado;N/A
B-1202710;ER-CIND-POV-RIACHO DA ONCA-RURAL;MONTE SANTO;1;Energizada;OSMAR;Pendente;LV + ENERGZ;N1 C/TRF;108869(LV)         1124069(BT);;;PLANO 7;QLP;;;;1;100%;ago./1;R$ 17.796,43;;;DICSON;;16/09/2025;16/09/2025;08/09/2025;;FALSE;TRUE;FALSE;FALSE;D136741;-10.5270014,-39.3681401;E860405;https://drive.google.com/file/d/1CCIq2JDdscX5wp8JumOT0hsP8u-Ru_qR/view?usp=drive_link;-10,5270014;-39,3681401;SENHOR DO BONFIM;2025-09-01;1202710;Consolidado;N/A
B-1150105;RR-CIND-ROD-BR 407-RURAL;SENHOR DO BONFIM;1;Energizada;REGINALDO;Pendente;LV;1 CE1 CE3;90938(LV);;;PLANO 7;TRANSGRESSÃO;;;;0;100%;ago./1;R$ 9.683,00;;;JOÃO;;03/09/2025;03/09/2025;03/09/2025;;;TRUE;FALSE;FALSE;D570916;-10.4771384,-40.1681173;E844311;https://drive.google.com/file/d/1AzvNTCuZ0zAvGYyurnu3jUPwb2i3tkQr/view?usp=drive_link;-10,4771384;-40,1681173;SENHOR DO BONFIM;2025-09-01;1150105;Consolidado;N/A
B-1207799;ER-CIND-FAZ-V DO RANCHO 451-FILADELFIA;FILADÉLFIA;1;Energizada;WAGNER;Pendente;LV + ENERGZ;N1 C/TRF;108877(LV)               111071-(BT);;;PLANO 7;QLP;;;;1;100%;ago./1;R$ 17.670,56;;;JOÃO;;19/09/2025;20/09/2025;10/09/2025;;FALSE;FALSE;FALSE;FALSE;D049590;-10.682497,-40.065496;E860323;https://drive.google.com/file/d/1DGcSVFEBy9ZFKmKnp6MMiMg6LtHzp0aZ/view?usp=drive_link;-10,682497;-40,065496;SENHOR DO BONFIM;2025-09-01;1207799;Consolidado;N/A
B-1201158;UB-CIND-RUA-DO CIMITERIO-CENTRO;PINDOBAÇU;1;Energizada;WAGNER;;BT;;107592(BT);;;PLANO 7;QLP;;;;1;100%;ago./1;R$ 8.186,70;;;JOÃO;;02/09/2025;12/09/2025;02/09/2025;Sim;FALSE;TRUE;FALSE;FALSE;D363786;-10.6026764,-40.3129443;E860345;https://drive.google.com/file/d/1CcVdmemVzIIgEmDewHsD7UCRoTKAc9TF/view?usp=drive_link;-10,6026764;-40,3129443;SENHOR DO BONFIM;2025-09-01;1201158;Consolidado;N/A
B-1202886;ER-CIND-POV-LIMPOS-RURAL;PONTO NOVO;1;Energizada;WAGNER;Pendente;LV + ENERGZ;N1 C/TRF;108780(LV) 108772(BT)      111037(BT);;;PLANO 7;QLP;;;;1;100%;ago./1;R$ 20.759,70;;;JOÃO;;05/09/2025;12/09/2025;05/09/2025;;FALSE;TRUE;FALSE;FALSE;D197428;-10.9033417,-40.0283428;E844380;https://drive.google.com/file/d/1C93zW77FF6AT8W0KoCiG-JCB1wwOpgaA/view?usp=drive_link;-10,9033417;-40,0283428;SENHOR DO BONFIM;2025-09-01;1202886;Consolidado;N/A
B-1202465;AC-CIND-POV-PAU DE COLHER 8526-RURAL;CANSANÇÃO;0;Energizada;ANAILTON;;DESL;;;17/09;104959;PLANO 7;QLP;;;;1;100%;ago./1;R$ 33.184,90;;;DICSON;;17/09/2025;17/09/2025;15/09/2025;;FALSE;TRUE;FALSE;FALSE;D277159;-10.6278609,-39.4692127;;https://drive.google.com/file/d/1Qtwf04tLXZwcTwNPaCO48gNBacf1UdVb/view?usp=drive_link;-10,6278609;-39,4692127;SENHOR DO BONFIM;2025-09-01;1202465;Consolidado;N/A
B-1204794;ER-CIND-ROD-LOMANTO JR-PASSAGEM VELHA;SENHOR DO BONFIM;0;Energizada;JOILSON;Realizado;LV + ENERGZ;TRF;103560(LV);;;PLANO 7;QLP;;;;1;100%;ago./1;R$ 27.157,14;;;JOÃO;;03/09/2025;09/09/2025;02/09/2025;Sim;FALSE;TRUE;FALSE;FALSE;D570940;-10.4947201,-40.1613656;;https://drive.google.com/file/d/1BQUEkglESIUPN9p2-04eegHJZn8Mn9v9/view?usp=drive_link;-10,4947201;-40,1613656;SENHOR DO BONFIM;2025-09-01;1204794;Consolidado;N/A
B-1201709;ER-CIND-TRV-15 DE NOVEMBRO 9999-CENTRO;QUEIMADAS;0;Energizada;MARCELO;;DESL;;;23/09;108907;PLANO 7;QLP;;;;1;100%;ago./1;R$ 2.352,25;;;DICSON;;03/09/2025;23/09/2025;08/09/2025;;FALSE;TRUE;FALSE;FALSE;Q054567;-10.9180505,-39.9321525;;https://drive.google.com/file/d/1CRj1DKegLwPKYZ71c-8O6XyY7uyzTTFs/view?usp=drive_link;-10,9180505;-39,9321525;SENHOR DO BONFIM;2025-09-01;1201709;Consolidado;N/A
B-1208719;ER-CIND-POV-GENIPAPO DE BAIXO-RURAL;MONTE SANTO;0;Energizada;OSMAR;;DESL;;;18/09;105858;PLANO 7;QLP;;;;0;100%;ago./1;R$ 5.283,44;;;DICSON;;18/09/2025;18/09/2025;15/09/2025;;FALSE;TRUE;FALSE;FALSE;Q109640;-10.5473676,-39.4017322;;https://drive.google.com/file/d/1DFyhRE-GLg4FHEnaJ4QApHgBulrzZ4P_/view?usp=drive_link;-10,5473676;-39,4017322;SENHOR DO BONFIM;2025-09-01;1208719;Consolidado;N/A
B-1206129;ER-CIND-POV-CARIACA -CARIACA;MONTE SANTO;0;Energizada;OSMAR;;BT;;BT-(110516);;;PLANO 14;QLP;;;;1;100%;ago./1;R$ 2.792,69;;;DICSON;;10/09/2025;10/09/2025;08/09/2025;;FALSE;TRUE;FALSE;FALSE;D263785;-10.5633738,-39.5598497;;https://drive.google.com/file/d/1D_C0sibUSZfzmVYtKaXpjdEYbIICXSiX/view?usp=drive_link;-10,5633738;-39,5598497;SENHOR DO BONFIM;2025-09-01;1206129;Consolidado;N/A
B-1201548;ER-CIND-POV-PANTANAL-RURAL;MONTE SANTO;0;Energizada;OSMAR;;BT;;BT(110573);;;PLANO 14;QLP;;;;0;100%;ago./1;R$ 2.124,72;;;DICSON;;12/09/2025;12/09/2025;08/09/2025;;FALSE;TRUE;FALSE;FALSE;A270791;-10.5284365,-39.55889;;https://drive.google.com/file/d/1CXSJD7k9u-XvwkCugmABKUEYd2KoMYHn/view?usp=drive_link;-10,5284365;-39,55889;SENHOR DO BONFIM;2025-09-01;1201548;Consolidado;N/A
B-1207403;ER-CCOL-POV-LAGOA GRANDE-RURAL;MONTE SANTO;0;Energizada;OSMAR;Pendente;LV + ENERGZ;TRF;108872(LV)    ENERGI-(112559);;;PLANO 7;QLP;;;;1;100%;ago./1;R$ 11.589,08;;;DICSON;;18/09/2025;18/09/2025;08/09/2025;;FALSE;TRUE;FALSE;FALSE;E151608;-10.1771385,-39.4281912;;https://drive.google.com/file/d/1DMHMf8dhU3gHzNndEhGpNzyuuhpdOU6h/view?usp=drive_link;-10,1771385;-39,4281912;SENHOR DO BONFIM;2025-09-01;1207403;Consolidado;N/A
