NOTA;PROJETO;TÍTULO;MUNICIPIO;STATUS;ENCARREGADO;SUPERVISOR;AR COELBA;PLANO;CRITÉRIO;OBRA SIMPLIFICADA;ANÁLISE PROJETO PRÉ-FECH.;SOLICITAÇÃO DE RESERVA;DATA SAQUE MATERIAIS;SOLICITAÇÃO DE TRANSPORTE CONCRETO;PES LV;PES ENCAB. BT / ENERG.;PES PD;DATA PD;STATUS PES PD;SI PG;PG'S;CLIET.;PSTP;CAVA REALIZADA;PST EXEC;Á REALIZAR;AVNP;AVNR;INCIO;FIM;DATA ENERG REAL;OC. ENERG.;REFERENCIA;LATITUDE;LONGITUDE;V. PROJETO;VALOR SERVIÇO;SERV. X % AVNP;TICKET MÉDIO;% VLR SERV X VLR PROJETO;PROVAVEL ROCHA;CABO 1X25;CABO 3X35;OBS;AVALIAÇÃO SERVIÇO;COORD;CARTEIRA_FATO;PROJETO_FATO;STATUS_AUDITORIA;MOTIVO_DESCARTE
9102092974;B-1155714;ER-CIND-FAZ-MARRUAIS 336-FZ VARZEA SUJA;SÃO JOSÉ DO JACUÍPE;ENERGIZADA;JOSE MILTON;EDUARDO;;PLANO 14;;;04/08/2025;08/08/2025;11/08 CONCRETO;11/08/2025;2025-102909;2025-91284;2025-88246;19/08/2025;APROVADO;1034356;E839086 ao E889099;1;14;;13;13;93%;100%;13/08/2025;19/08/2025;27/08/2025;PES 102909 / OC 65447;B850016;-11,432909;-40,016161;R$  110.754,51;R$  23.191,22;2153470%;R$  1.656,52;21%;;;;PES DESL. : ABRIR A CHAVE FUSIVEL  G35298, PARA POSSIBILITAR INTERCALAR POSTE ENTRE OS PG'S B850016 E B850017. (ATERRAR O PG B850016 E B850017)  E ENERGIZAR OBRA PES BT.: FECHAR CHAVE DO TRAFO NOVO, E FECHAR A CHAVE NOVA INSTALADA NA DERIVAÇÃO E ENERGIZAR A OBRA.;;JACOBINA;2025-08-01;1155714;Consolidado;N/A
9102095963;B-1161968;MP-CIND-POV.CONFORTO-RURAL;GAVIÃO;ENERGIZADA;ANTONIO;EDUARDO;MANOEL CONCEICAO;PLANO 14;PRIORIDADE PLANO ANEEL;;30/07/2025;31/07/2025;04/08/2025;04/08/2025;;2025-91287;2025-87995;13/08/2025;APROVADO;1033988;E836589 ao E836604;1;16;;12;12;75%;100%;07/08/2025;13/08/2025;26/08/2025;PES 91287 / OC 63102;B717942;-11,426394;-39,718478;R$  195.970,53;;0%;R$  -;0%;;;;PES DESL. : ABRIR A CHAVE FUSIVEL  G59663, PARA TRANSFORMAR N3 EM N4 NO PG B717942 E ENCABEÇAR REDE NOVA. (ATERRAR O PG B717941 E B717943) PES BT.: FECHAR CHAVE DO TRAFO NOVO, E FECHAR A CHAVE NOVA INSTALADA NA DERIVAÇÃO E ENERGIZAR A OBRA.;;JACOBINA;2025-08-01;1161968;Consolidado;N/A
9101955212;B-1101377;LD CIND POV ASSENT PANORAMA RURAL;PIRITIBA;ENERGIZADA;JOAOZITO;EDUARDO;;PLANO 14;RECLAMAÇÃO;;31/07/2025;31/07/2025;04/08/2025;05/08/2025;;2025-91361;2025-95110;26/08/2025;APROVADO;1034347;E839056 ao E839069;2;14;;13;13;93%;100%;06/08/2025;13/08/2025;28/08/2025;PES 103435/ OC 67421;B833644;-11,779792;-40,669606;R$  165.359,89;R$  29.798,79;2767031%;R$  2.128,49;18%;VER SE A CHAVE ATENDE ESSE PONTO;VER COM RAFAEL;;PES DESL. : ABRIR A CHAVE FUSIVEL  G43378, PARA TRANSFORMAR N3-3 EM N4-3 NO PG B833644 E ENCABEÇAR REDE NOVA E ENERGIZAR OBRA (ATERRAR O PG E833645 E D022602)PES BT.: FECHAR CHAVE DO TRAFO NOVO, E FECHAR A CHAVE NOVA INSTALADA NA DERIVAÇÃO E ENERGIZAR A OBRA.;;JACOBINA;2025-08-01;1101377;Consolidado;N/A
9102276009;B-1206832;UB-SEIN-RUA-DO COQUEIRO-URBANA;MAIRI;ENERGIZADA;JOSE MILTON;EDUARDO;ALBERTO GALINDO;PLANO 7;PRIORIDADE PLANO ANEEL;;31/07/2025;31/07/2025;05/08/2025;06/08/2025;;2025-91566;;;;;E836656 ao E836661;;6;;6;6;100%;100%;05/08/2025;06/08/2025;13/08/2025;PES 95166 / OC 28373;D520981;-11,709870;-40,156671;R$  43.218,14;R$  10.083,96;1008396%;R$  1.680,66;23%;;;;PES BT: ENCABEÇAR REDE BT NOVA NO PG EXISTENTE D520981 E ENERGIZAR A OBRA.;;JACOBINA;2025-08-01;1206832;Consolidado;N/A
9101923953;B-1102882;MP-CCOL-RUA DO COMERCIO-RURAL;CAMPO FORMOSO;MIGRADA - ESCAVADA 120 , REPASSE 31, POSTE IMPLANTADO MT 69 E BT 36;JAIRO/EUDÁRIO;EDLECIO;DIORLAN REIS;PLANO 14;LPT;;28/08/2025;;;;2025-58460;2025-94871;;;;1016761/2024;E698814 ao E698993;20;151;;;151;100%;0%;23/07/2025;30/08/2025;;;B747338;-10.6054705;-40.934601;R$  1.827.457,22;;0%;R$  -;0%;;;;PES BT.: FECHAR CHAVE DO TRAFOS NOVOS, E FECHAR A CHAVE NOVA INSTALADA NA DERIVAÇÃO E ENERGIZAR A OBRA.;;JACOBINA;2025-08-01;1102882;Consolidado;N/A
9102033783;B-1136916;UB-CIND-RUA-ARNALDO BORGES MATOS-AEROPOR;PIRITIBA;ENERGIZADA;JOAOZITO;EDUARDO;;PLANO 7;PRIORIDADE PLANO ANEEL;;30/07/2025;31/07/2025;04/08/2025;05/08/2025;;2025-91449;;;;1034004;E836714 ao E836720;1;10;;10;10;100%;100%;04/08/2025;06/08/2025;12/08/2025;PES 91449 / OC 26400;D713745;-11,742356;-40,559956;R$  34.563,25;R$  16.384,66;1638466%;R$  1.638,47;47%;;;;PES BT: ENCABEÇAR REDE BT NOVA NO PG EXISTENTE D713745 E ENERGIZAR A OBRA.;;JACOBINA;2025-08-01;1136916;Consolidado;N/A
9102163187;B-1186797;UB-CIND-RUA-D 99-JACOBINA III;JACOBINA;ENERGIZADA;;EDUARDO;;PLANO 7;DIA C;SIM;11/08/2025;11/08/2025;16/08/2025;;;CRIAR;;;;;;1;1;;1;1;100%;100%;15/08/2025;15/08/2025;15/08/2025;PES 96908 / OC 33781;R007039;-11,198372;-40,529770;R$  (40,53);R$  1.517,37;151737%;R$  1.517,37;-3744%;;;;PES BT: ENCABEÇAR REDE BT NOVA NO PG EXISTENTE R007039 E ENERGIZAR A OBRA.;;JACOBINA;2025-08-01;1186797;Consolidado;N/A
9102240594;B-1202667;RR-CIND-POV-LAMEIRO VARZEA DANTAS 2233-R;SÃO JOSÉ DO JACUÍPE;ENERGIZADA;ANTONIO;EDUARDO;;PLANO 7;PRIORIDADE PLANO ANEEL;;31/07/2025;31/07/2025;04/08/2025;04/08/2025;;2025-95730;2025-92285;20/08/2025;APROVADO;;E836694 ao E836706;1;13;;13;13;100%;100%;13/09/2025;19/08/2025;26/08/2025;PES 101995 / OC 62753;A266521;-11,400982;-39,848296;R$  114.729,30;R$  23.346,90;2334690%;R$  1.795,92;20%;;;;PES DESL. : ABRIR A CHAVE FUSIVEL  G50771, PARA INSTALAR N3 NO PG A266527 E ENCABEÇAR REDE NOVA. (ATERRAR O PG A266526 E B917381) PES BT.: FECHAR CHAVE DO TRAFO NOVO, E FECHAR A CHAVE NOVA INSTALADA NA DERIVAÇÃO E ENERGIZAR A OBRA.;;JACOBINA;2025-08-01;1202667;Consolidado;N/A
9102100919;B-1157487;RR-CIND-POV-OLHOS DAGUA 845-RURAL;MAIRI;ENERGIZADA;JOSE MILTON;EDUARDO;MANOEL CONCEICAO;PLANO 7;PRIORIDADE PLANO ANEEL;;28/07/2025;31/07/2025;05/08/2025;06/08/2025;;2025-91289;2025-96021;29/08/2025;APROVADO;1033998;E836644 ao E836655;1;12;;12;12;100%;100%;07/08/2025;13/08/2025;29/08/2025;PES 96021 / OC 70038;R043503;-11,638870;-40,207103;R$  82.692,35;R$  21.460,77;2146077%;R$  1.788,40;26%;;;;PES DESL. : ABRIR A CHAVE FUSIVEL  J14549, PARA POSSIBILITAR INTERCALAR POSTE ENTRE OS PG'S R043503 E R043502. (ATERRAR O PG R043503 E R043502)  E ENERGIZAR OBRA PES BT.: FECHAR CHAVE DO TRAFO NOVO, E FECHAR A CHAVE NOVA INSTALADA NA DERIVAÇÃO E ENERGIZAR A OBRA.;;JACOBINA;2025-08-01;1157487;Consolidado;N/A
9102223108;B-1194789;AC-GRUA-RUA-DO CRUZEIRO 20-CENTRO;OUROLÂNDIA;ENERGIZADA;;EDILECIO;;PLANO 7;GOVERNO;;25/08/2025;;;;;;2025-95146;27/08/2025;;1034020;E836694 ao E836713;0;5;;4;4;80%;100%;;;28/08/2025;PES 103200 / OC 68362;B916920;-10,970812;-41,075518;R$  59.739,79;;0%;R$  -;0%;;;;;;JACOBINA;2025-08-01;1194789;Consolidado;N/A
9102143417;B-1173821;ER-CIND-AV-CASTRO ALVES-CENTRO-SUMARE;PIRITIBA;ENERGIZADA;JOAOZITO;EDILECIO;;PLANO 7;DIA C;SIM;08/08/2025;11/08/2025;PENDENTE;18/07/2025;;CRIAR;;;;;;1;5;;5;5;100%;100%;21/08/2025;22/08/2025;22/08/2025;PES 99848 / OC 52402;E287172;-11,674132;-40,602879;R$  29.508,70;R$  8.374,45;837445%;R$  1.674,89;28%;;;;PES BT: ENCABEÇAR REDE BT NOVA NO PG EXISTENTE E287172 E ENERGIZAR A OBRA.;;JACOBINA;2025-08-01;1173821;Consolidado;N/A
9101938372;B-1097443;UB-CCOL-AV-NUMA ALVES BARRETO-CENTRO;MUNDO NOVO;ENERGIZADA;HERMOGENS;EDILECIO;ALBERTO GALINDO;PLANO 7;DIA C;SIM;11/08/2025;11/08/2025;PENDENTE;18/07/2025;;CRIAR;;;;;;1;1;;1;1;100%;100%;23/08/2025;23/08/2025;23/08/2025;PES 99850 / OC 55093;D267118;-11,873881;-40,459037;R$  4.014,87;R$  1.780,37;178037%;R$  1.780,37;44%;;;;"PES BT: ENCABEÇAR REDE BT NOVA NO PG EXISTENTE D267118
 E ENERGIZAR A OBRA.";;JACOBINA;2025-08-01;1097443;Consolidado;N/A
9102172172;B-1191270;IS-COEL-AV-SERRA-RURAL-MUNDO NOVO;MUNDO NOVO;FINALIZAR NA PRIMEIRA SEMANA DE SETEMBRO - NÃO INICIADO;HERMOGENES;EDLECIO;;PLANO 8;RECLAMAÇÃO;;26/08/2025;;;;;;;;;;E836608 ao E836610;0;4;;;2;50%;0%;27/08/2025;12/09/2025;;;T14218;-11.85910;-40.46833;R$  61.025,64;;0%;R$  -;;;;;;;JACOBINA;2025-08-01;1191270;Consolidado;N/A
9101973363;B-1112020;IS-COEL-PR -JAIRO M ALMEIDA-CENTRO;MUNDO NOVO;FINALIZAR NA PRIMEIRA SEMANA DE SETEMBRO - NÃO INICIADO;HERMOGENES;EDLECIO;;PLANO 8;RECLAMAÇÃO;;29/07/2025;;;;;;;;;;L381094 ao L381096 E L381073;0;4;;;2;50%;0%;25/08/2025;10/09/2025;;;L381073;-11,856478;-40,468484;R$  80.107,53;;0%;R$  -;0%;;;;;;JACOBINA;2025-08-01;1112020;Consolidado;N/A
9102130568;B-1174903;AL-COEL-03-CAPIM GROSSO II -CONSTR-RURAL;CAPIM GROSSO;CONCLUIDA;MIZAEL;RAFAEL;WELLINGTON SOUZA;PLANO 1;AL/MELHORAMENTO;;29/05/2025;;;;;;2025-80176;29/07/2025;APROVADA;1035457;E849585 AO E849644;0;25;;;16;100%;0%;26/05/2025;30/08/2025;;;D702248;-11.3971031;-40.0192211;R$  779.557,88;;0%;R$  -;0%;;;;;;JACOBINA;2025-08-01;1174903;Consolidado;N/A
9102130564;B-1173754;ME-COEL-ROD-BA130-CAPIM GROSSO;CAPIM GROSSO;CONCLUIDA;MIZAEL;RAFAEL;WELLINGTON SOUZA;PLANO 8;AL/MELHORAMENTO;;29/05/2025;;;;;;;;;;;1;39;;;39;100%;0%;26/05/2025;30/08/2025;;;;-11,3779303;-40,0183686;R$  69.777,66;;0%;R$  -;0%;;;;;;JACOBINA;2025-08-01;1173754;Consolidado;N/A
9102098981;B-1158098;ER-CIND-POV-DE IVO LUCIANO-IVO;CAPIM GROSSO;ENERGIZADA;JOSE MILTON;EDUARDO;MANOEL CONCEICAO;PLANO 14;PRIORIDADE PLANO ANEEL;;30/07/2025;08/08/2025;PENDENTE;18/08/2025;;2025-91206;2025-88215;29/08/2025;APROVADO;1034207;E838916 ao E838930;1;15;;15;15;100%;100%;23/08/2025;29/08/2025;30/08/2025;PES 91206 / OC 72975;D360178;-11,244933;-40,074722;R$  159.534,19;R$  32.575,09;3257509%;R$  2.171,67;20%;;;;PES DESL. : ABRIR A CHAVE FUSIVEL  W46668, PARA TRANSFORMAR N3 EM N4 NO PG D360178 E ENCABEÇAR REDE NOVA. (ATERRAR O PG D360182 E D360177)PES BT.: FECHAR CHAVE DO TRAFO NOVO, E FECHAR A CHAVE NOVA INSTALADA NA DERIVAÇÃO E ENERGIZAR A OBRA.;;JACOBINA;2025-08-01;1158098;Consolidado;N/A
9102161944;B-1191732;AC-CIND-RUA-DEPUTADO ROCHA PIRES-URBANA;CAPIM GROSSO;ESCAVAÇÃO;ANTONIO/JOSE MILTON;EDUARDO;MANOEL CONCEICAO;PLANO 7;PRIORIDADE PLANO ANEEL;;07/08/2025;08/08/2025;PENDENTE;18/08/2025;2025-91239;2025-91252;2025-91095;27/08/2025;ANALISE;;E836688 ao E836692;0;6;;;5;83%;0%;23/08/2025;27/08/2025;;;R003770;-11,382178;-40,008527;R$  112.712,75;R$  12.470,99;1039249%;R$  2.078,50;11%;;;;PES LV: TRANSFORMAR B3 EM B4 NO PG R003768 E ENCABEÇAR REDE NOVA MT E ENERGIZAR OBRA. PES BT.: TRANSFERIR REDE BT E RAMAL DOS PG'S R003769 AO R003771. PES DESL. : ABRIR CHAVE DO TRAFO J02275, PARA POSSIBILITAR A SUBSTITUIÇÃO DOS PG'S D056423 AO R003808(SECCIONAR BT) E REDE BT, LANÇAR REDE MT DO PG'S R003808 AO R003769.(ATERRAR OS PG'S R003768, R003769, R003770, R003751 E R003808).;;JACOBINA;2025-08-01;1191732;Consolidado;N/A
9102150098;B-1189394;IE-RELIGADOR-SAU-01L2-N79422;SAUDE;NÃO INICIADA;ANTONIO;EDUARDO;NATALICIO;PLANO 8;MAIS OBRAS;;29/07/2025;;;;2025-109660;;;;;;E836607;0;1;;;1;100%;0%;20/08/2025;23/08/2025;;;R013606;-10,937743;-40,418121;R$  98.222,48;;0%;R$  -;0%;;;;;;JACOBINA;2025-08-01;1189394;Consolidado;N/A
9102152957;B-1191744;AC-CIND-AV-RUI BARBOSA-OLIVEIRA;CAPIM GROSSO;NÃO INICIADA;ANTONIO;EDUARDO;MANOEL CONCEICAO;PLANO 7;QLP;;08/08/2025;11/08/2025;PENDENTE;;2025-96266;2025-96275;;;;;E836693;0;0;;;0;#DIV/0!;#DIV/0!;20/08/2025;20/08/2025;;;D777046;-11,385077;-40,010140;R$  31.543,57;R$  1.058,00;#DIV/0!;#DIV/0!;3%;;;;PES LV: INSTALAR BANCADA  DE TRAFO NO PG D777046, INSTALAR TRAFO E ENERGIZAR OBRA. PES BT: FECHA CHAVE DO TRAFO DO PG NOVO E ENERGIZAR A OBRA.;;JACOBINA;2025-08-01;1191744;Consolidado;N/A
9102170257;B-1191697;ME-COEL-AV-SERRA-RURAL (REGULADOR);MUNDO NOVO;ENERGIZADA;HERMOGENES;EDUARDO;ANTONIO GALINDO;PLANO 8;QLP;;;;;;CRIAR;;;;;;;0;2;;;2;100%;0%;15/06/2025;15/08/2025;;;D244770;-11.697439;-40.390696;R$  404.975,95;;0%;R$  -;0%;;;;;;JACOBINA;2025-08-01;1191697;Consolidado;N/A
9102225311;B-1199720;UB-CIND-AV-LOMANTO JUNIOR-CENTRO;GAVIÃO;ENERGIZADA;ANTONIO;EDUARDO;MANOEL CONCEICAO;PLANO 7;PRIORIDADE PLANO ANEEL;;30/07/2025;31/07/2025;04/08/2025;04/08/2025;;2025-104348;;;;1033996;E836614 ao E836623;1;7;;7;7;100%;100%;04/08/2025;06/08/2025;30/08;PES 104348 / OC 72634;E184242;-11,478200;-39,780833;R$  54.476,31;R$  11.595,76;1159576%;R$  1.656,54;21%;;;;PES BT: ENCABEÇAR REDE BT NOVA NO PG EXISTENTE E184242 E ENERGIZAR A OBRA.;;JACOBINA;2025-08-01;1199720;Consolidado;N/A
9101977642;B-1114109;AL GRUA AG SERRA RURAL;MUNDO NOVO;MIGRADA - F;HERMOGENES;RAFAEL;ANTONIO GALINDO;PLANO 7;TRANSGRESSÃO;;20/03/25;20/03/25;;;;;2025-78434;25/07/2025;APROVADA;1019600/2025;E719592 ao E719768;0;62;;;62;100%;0%;06/04/2025;02/08/2025;;;D262172;-11.851556;-40.481278;R$ 2.996.234,13;R$ 123.370,00;R$ 123.370,00;R$ 1.989,84;4%;;;;;;JACOBINA;2025-08-01;1114109;Consolidado;N/A
9102130566;B-1165581;ME-COEL-ROD-AL DAS ARVORES-CONTORNOLANDI (RELOCAR RELIGADOR);SERROLÂNDIA;MIGRADA - TIRAR DA CARTEIRA;;;WELLINGTON SOUZA;PLANO 8;AL/MELHORAMENTO;;;;;;CRIAR;;;;;;;0;4;;;4;100%;0%;28/07/2025;30/08/2025;;;D304365;-11.3202913;-40.1612981;R$  80.980,78;;0%;R$  -;0%;;;;;;JACOBINA;2025-08-01;1165581;Consolidado;N/A
9102130565;B-1165971;ME-COEL-RUA-DAS ARVORES-CONTORNOLANDIA (RELOCAR RELIGADOR);SERROLÂNDIA;MELHORAMENTO - TIRAR DA CARTEIRA;;EDUARDO;WELLINGTON SOUZA;PLANO 8;AL/MELHORAMENTO;;;;;;CRIAR;;;;;;;0;1;;;1;100%;0%;28/07/2025;29/07/2025;;;D408825;-11.4350973;-40.0347883;R$  35.593,82;;0%;R$  -;0%;;;;;;JACOBINA;2025-08-01;1165971;Consolidado;N/A
9102158250;B-1181807;ME-COEL-RUA-REINALDO JACOBINA-PERU;JACOBINA;MELHORAMENTO - VAI PARA SETEMBRO - FAZER VISITA - EDUARDO;;;;PLANO 8;AL/MELHORAMENTO;;23/07/2025;;;;;;;;;1034018;E836624 ao E836643;0;4;;;4;100%;0%;;;;;R006079;-11,184922;-40,519692;R$  80.058,63;;0%;R$  -;0%;;;;;;JACOBINA;2025-08-01;1181807;Consolidado;N/A
9102227806;B-1199984;IE-RELIGADOR-JCB-09N3-D11934;SERROLÂNDIA;NÃO INICIADA;;EDUARDO;;PLANO 8;AL/MELHORAMENTO;;;;;;;;;;;;;0;1;;;1;100%;0%;;;;;D119343;-11,386928;-40,285409;R$  192.309,06;;0%;R$  -;0%;;;;;;JACOBINA;2025-08-01;1199984;Consolidado;N/A
9102244026;B-1194733;AC-GRUA-RUA-CAMINHO DAS ARVORES -19;VÁRZEA NOVA;RETIRAR DA PROGRAMAÇÃO PELA COELBA;;;;PLANO 7;GOVERNO;;;;;;;;;;;;;0;3;;;3;100%;0%;;;;;Q154235;-11,259200;-40,946520;R$  60.283,06;;0%;R$  -;0%;;;;;;JACOBINA;2025-08-01;1194733;Consolidado;N/A
9102130563;B-1199785;RS-CAPIM GROSSO II-JCB-09N2  JCB-09N3;CAPIM GROSSO;MIGRADA - TIRAR DA CARTEIRA;MIZAEL;RAFAEL;WELLINGTON SOUZA;PLANO 1;AL/MELHORAMENTO;;;;;;;;;;;;;0;0;;;0;#DIV/0!;#DIV/0!;;;;;;-11.3971031;-40.0192211;R$  263.013,14;;#DIV/0!;#DIV/0!;0%;;;;;;JACOBINA;2025-08-01;1199785;Consolidado;N/A
9101923953;B-1102882;MP-CCOL-RUA DO COMERCIO-RURAL;CAMPO FORMOSO;ENERGIZADA;JAIRO/EUDÁRIO;EDLECIO;DIORLAN REIS;PLANO 14;LPT;;;;;"2025-102701
2025-102658";CRIAR;;;;1016761/2024;E698814 ao E698993;;20;179;;155;155;87%;100%;30/07/2025;29/08/2025;29/08/2025;PES 104147 / OC 71649 PES  104142 / OC 71271;-10.6054705;-40.934601;R$  1.827.457,22;;0%;R$  -;0%;;;;;PES LV 01: INTERCALAR POSTE MT COM ESTRUTURA N1-3 ENTRE PG'S E690923 E E690922 E ENCABEÇAR REDE MT NOVA, INSTALAR BANCADA DO TRAFO  E TRAFO NO POSTE DE PG E690909 (D01962), TRANSFORMAR N3 EM N4 NO PG B747338 E ENCABEÇAR REDE NOVA MT E ENERGIZAR OBRA. (G95631);;JACOBINA;2025-08-01;1102882;Consolidado;N/A
;;;;;;;;;;;;;;;;;;;;;;;;;;;;;;;;;;;;;;;;;;;;;;JACOBINA;2025-08-01;0000nan;Consolidado;N/A
;;;;;;;;;;;;;;;;;;;;;;;;;;;;;;;;;;;;;;;;;;;;;;JACOBINA;2025-08-01;0000nan;Consolidado;N/A
;;;;;;;;;;;;;;;;;;;;;;;;;;;;;;;;;;;;;;;;;;;;;;JACOBINA;2025-08-01;0000nan;Consolidado;N/A
;;;;;;;;;;;;;;;;;;;;;;;;;;;;;;;;;;;;;;;;;;;;;;JACOBINA;2025-08-01;0000nan;Consolidado;N/A
;;;;;;;;;;;;;;;;;;;;;;;;;;;;;;;;;;;;;;;;;;;;;;JACOBINA;2025-08-01;0000nan;Consolidado;N/A
;ANTONIO;41;41;;;;;;;;;;;;;;;;;;;;;;;;;;;;;;;;;;;;;;;;;;;JACOBINA;2025-08-01;ANTONIO;Consolidado;N/A
;JAIRO;75;;;;;;;;;;;;;;;;;;;;;;;;;;;;;;;;;;;;;;;;;;;;JACOBINA;2025-08-01;00JAIRO;Consolidado;N/A
;EUDARIO;76;;;;;;;;;;;;;;;;;;;;;;;;;;;;;;;;;;;;;;;;;;;;JACOBINA;2025-08-01;EUDARIO;Consolidado;N/A
;JOSE MILTON;50;50;;;;;;;;;;;;;;;;;;;;;;;;;;;;;;;;;;;;;;;;;;;JACOBINA;2025-08-01;JOSE MILTON;Consolidado;N/A
;JOAOZITO;50;50;;;;;;;;;;;;;;;;;;;;;;;;;;;;;;;;;;;;;;;;;;;JACOBINA;2025-08-01;JOAOZITO;Consolidado;N/A
;HERMOGENES;49;49;;;;;;;;;;;;;;;;;;;;;;;;;;;;;;;;;;;;;;;;;;;JACOBINA;2025-08-01;HERMOGENES;Consolidado;N/A
;MIZAEL;;;;;;;;;;;;;;;;;;;;;;;;;;;;;;;;;;;;;;;;;;;;;JACOBINA;2025-08-01;0MIZAEL;Consolidado;N/A
;;;;;;;;;;;;;;;;;;;;;;;;;;;;;;;;;;;;;;;;;;;;;;JACOBINA;2025-08-01;0000nan;Consolidado;N/A
;POSTE/TURMA;56,83333333;;;;;;;;;;;;;;;;;;;;;;;;;;;;;;;;;;;;;;;;;;;;JACOBINA;2025-08-01;POSTE/TURMA;Consolidado;N/A
;;;;;;;;;;;;;;;;;;;;;;;;;;;;;;;;;;;;;;;;;;;;;;JACOBINA;2025-08-01;0000nan;Consolidado;N/A
;;;;;;;;;;;;;;;;;;;;;;;;;;;;;;;;;;;;;;;;;;;;;;JACOBINA;2025-08-01;0000nan;Consolidado;N/A
;;;;;;;;;;;;;;;;;;;;;;;;;;;;;;;;;;;;;;;;;;;;;;JACOBINA;2025-08-01;0000nan;Consolidado;N/A
;;;;;;;;;;;;;;;;;;;;;;;;46,5;;;;;;;;;;;;;;;;;;;;;;JACOBINA;2025-08-01;0000nan;Consolidado;N/A
