CRITÉRIO;NOTA;PROJETO;TITULO;MUNICIPIO;SEPARAR MATERIAL;PRE FECHAMENTO;STATUS;STATUS 1;TITULO.1;GPM;STATUS 1.1;DATA DE ENERG.;CLIET.;PSTP;PST REALZ;PST EXEC;CAVA PRONTA;CAVA P/ DETON;PLANO;AVANÇO;V. PROJETO;VALOR A FATURAR;VALOR/PST;PV. INÍCIO;PV. FIM;ENCARREGADO;SUPERVISOR;LATITUDE;LONGITUDE;CARTEIRA;OBRAS SIMPLIFICADAS;SI PG;PG INICIAL;PG FINAL;COORD;Carteira;PROJETO_FATO;STATUS_AUDITORIA;MOTIVO_DESCARTE
PRIORIDADE PLANO ANEEL;9102166517;1183167;UB-CIND-CA-7 9995-JO O PAULO II;JUAZEIRO;;;MIGRAR;;;;NÃO INICIADA;;1;0;;0;;;PLANO 7;100%;;;R$ 0,00;18/06/2025;25/06/2025;PEDRO BATISTA;ANDERSON;;;;;0 POSTE;;;JUAZEIRO;2025-06-01;1183167;Consolidado;N/A
REPUTACIONAL;9102012793;1125892;ER-CIND-ROD-BR 349 KM 20 20-RURAL;CASA NOVA;;;OURO;DEPENDE NILO COELHO;;;PARALIZADA;;1;1;;1;;;PLANO 7;100%;;;R$ 1.700,00;;;;;;;;;;;;JUAZEIRO;2025-06-01;1125892;Descartado;Status Excluído (STATUS, STATUS 1, STATUS 1.1)
GOVERNO OURO;9102074965;1145056;RR-SEIN-POV-CALDEIRAOZINHO-RURAL;UAUÁ;;OK;;;;;CONCLUIDA;11/06/2025;11;149;148;149;;;PLANO 14;100%;R$ 1.070.372,80;;R$ 253.300,00;02/06/2025;21/06/2025;RUBEM;RUBEM;;;;;;;;JUAZEIRO;2025-06-01;1145056;Consolidado;N/A
RECLAMAÇÃO REITERADA OURO;9102025347;1126041;IT CIND FAZ CURAÇA PEQUENO RURAL;JUAZEIRO;;OK;MIGRAR;;;;CONCLUIDA;30/06/2025;0;95;121;95;;;PLANO 7;100%;R$ 1.638.439,13;;R$ 161.500,00;01/06/2025;28/06/2025;FABIO/ FERNANDO;SANTIAGO;;;;;DA PLANILHA;E619540;E619634;JUAZEIRO;2025-06-01;1126041;Consolidado;N/A
PRIORIDADE PLANO ANEEL;9102038108;1131343;LD CIND POV SACO DA CANOA RURAL;CURAÇÁ;;;;;;;CANCELADA;;3;21;;21;;;PLANO 7;100%;;;R$ 35.700,00;;;;;;;;;da PLANILHA;E774251;E774271;JUAZEIRO;2025-06-01;1131343;Descartado;Status Excluído (STATUS, STATUS 1, STATUS 1.1)
EQUIPAMENTO;9102103396;1136743;EQ-CIND-POV-CURAÇA PEQUENO-RURAL;JUAZEIRO;;;MIGRAR;;;;NÃO INICIADA;;0;2;;2;;;PLANO 7;100%;R$ 423.821,91;;R$ 3.400,00;16/06/2025;30/06/2025;FABIO/ FERNANDO;SANTIAGO;;;;;DA PLANILHA;E774768;E774769;JUAZEIRO;2025-06-01;1136743;Consolidado;N/A
QLP;9102019137;1127877;ER-CIND-POV-CURACA-RURAL;JUAZEIRO;;;MIGRAR;;;;NÃO INICIADA;;1;2;;2;;;PLANO 7;100%;;;R$ 3.400,00;26/06/2025;30/06/2025;PEDRO BATISTA;ANDERSON;;;;;DA PLANILHA;E799867;E799868;JUAZEIRO;2025-06-01;1127877;Consolidado;N/A
GOVERNO;9100061120;556240;RR-CCOL-POV.SÃO FRANCISCO-RURAL;REMANSO;;OK;ENTREGA;;;;CONCLUIDA;23/06/2025;15;77;77;77;;;PLANO 14;100%;R$ 416.825,23;;R$ 130.900,00;01/06/2025;23/06/2025;AILTON / DANIEL;PAULO JUNIOR;;;;;DA PLANILHA;E774000;E774072;JUAZEIRO;2025-06-01;0556240;Consolidado;N/A
PRIORIDADE PLANO ANEEL;9102223744;1196674;UB-CIND-RUA-DOS UMBUZEIROS-QUADRA 14;REMANSO;;;;;;;NÃO INICIADA;;3;2;;2;;;PLANO 7;100%;;;R$ 3.400,00;23/06 2025;28/06/2025;MANUTENÇÃO;ANDERSON;;;;;DA PLANILHA;E799935;E799936;JUAZEIRO;2025-06-01;1196674;Consolidado;N/A
AIC AUDITORIA;9102149357;1176366;RU-CIND-RUA-DAS PALMEIRAS-CENTRO;CAMPO ALEGRE DE LOURDES;;;MIGRAR;;;;NÃO INICIADA;;1;3;;3;;;PLANO 7;100%;;;;15/06/2025;30/06/2025;MANUTENÇÃO;ANDERSON;;;;;;;;JUAZEIRO;2025-06-01;1176366;Consolidado;N/A
QLP;9102083406;1145803;MP CIND POV TOME RURAL;JUAZEIRO;;;;;;;CANCELADA;;1;19;;19;;;PLANO 7;100%;;;;;;;;;;;;;;;JUAZEIRO;2025-06-01;1145803;Descartado;Status Excluído (STATUS, STATUS 1, STATUS 1.1)
PRIORIDADE PLANO ANEEL;9101883450;1073669;ER-CIND-POV S DA BATATEIRA-J PAULO-RURAL;JUAZEIRO;;;;;;;NÃO INICIADA;;1;3;;3;;;;100%;;;R$ 5.100,00;19/06/2025;21/06/2025;PEDRO BATISTA;ANDERSON;;;;;DA PLANILHA;E799874;E799876;JUAZEIRO;2025-06-01;1073669;Consolidado;N/A
QLP;9102039849;1139392;MP CIND FAZ SURUBIM RURAL;CURAÇÁ;;OK;MIGRAR;;;;CONCLUIDA;19/06/2025;2;25;25;25;;;PLANO 7;100%;R$ 397.670,97;;R$ 42.500,00;01/06/2025;14/06/2025;GISMARIO;EDIE JONNES;;;;;DA PLANILHA;E774321;E774345;JUAZEIRO;2025-06-01;1139392;Consolidado;N/A
QLP;9102160548;1181568;ER-CIND-POV-ILHA ANDORINHA-I ANDORINHA;SENTO SÉ;;OK;ENTREGA;;DESLIGAMENTO;;CONCLUIDA;09/06/2025;3;19;19;19;;;PLANO 7;100%;R$ 137.245,97;;R$ 32.300,00;18/06/2025;25/06/2025;JACKSON;SANTIAGO;;;;;DA PLANILHA;E777508;E777526;JUAZEIRO;2025-06-01;1181568;Consolidado;N/A
AIC OBJETIVO;9102091293;1152118;ER-CIND-POV-LAGOA DOS TITINOS-RURAL;CASA NOVA;;;;;;;RETIRADA;;1;9;;9;;;PLANO 14;100%;;;;;;;;;;;;;;;JUAZEIRO;2025-06-01;1152118;Descartado;Status Excluído (STATUS, STATUS 1, STATUS 1.1)
QLP;9102124885;1165884;ER-CIND-FAZ-IPUEIRA-BARRO VERMELHO;CURAÇÁ;;;;;;;CONCLUIDA;21/06/2025;2;18;18;18;;;PLANO 7;100%;;;R$ 30.600,00;12/06/2025;25/06/2025;GISMARIO;EDIE JONNES;;;;;DA PLANILHA;E799610;E799627;JUAZEIRO;2025-06-01;1165884;Consolidado;N/A
AIC OBJETIVO;9102087522;1145356;ER-CIND-SI-BARRO RACHADO 145 --A-RURAL;CASA NOVA;;;;;;;RETIRADA;;1;4;;4;;;PLANO 7;100%;;;;;;;;;;;;;;;JUAZEIRO;2025-06-01;1145356;Descartado;Status Excluído (STATUS, STATUS 1, STATUS 1.1)
PRIORIDADE PLANO ANEEL;9102166569;1183798;ER-CIND-POV-LAGOA DE S BENTO-RURAL;REMANSO;;OK;ENTREGA;;;;CONCLUIDA;05/06/2025;3;18;18;18;;;PLANO 7;100%;R$ 148.133,83;;R$ 30.600,00;02/06/2025;14/06/2025;AILTON;PAULO JUNIOR;;;;;DA PLANILHA;E778042;E778059;JUAZEIRO;2025-06-01;1183798;Consolidado;N/A
PRIORIDADE PLANO ANEEL;9102048943;1144743;MP CIND POV FIRMEZA ITAMOINGA RURAL;JUAZEIRO;;;OURO;;;;CONCLUIDA;;1;17;17;17;;;PLANO 7;100%;;;R$ 28.900,00;19/06/2025;28/06/2025;DOMINGOS;SANTIAGO;;;;;DA PLANILHA;E800477;E800493;JUAZEIRO;2025-06-01;1144743;Consolidado;N/A
QLP;9102138659;1166752;ER-CIND-POV-LAGOA DO TOURO-SERTAOZINHO;JUAZEIRO;;;;;;;CONCLUIDA;18/06/2025;1;16;20;16;;;PLANO 7;100%;;;R$ 27.200,00;25/06/2025;30/06/2025;JACKSON;SANTIAGO;;;;;DA PLANILHA;E800625;E800644;JUAZEIRO;2025-06-01;1166752;Consolidado;N/A
RECLAMAÇÃO;9101769479;1045158;MP-CCOL-POV-CANAA CALDEIRAOZINHO RURAL;SOBRADINHO;;OK;MIGRAR;;LV;;CONCLUIDA;27/06/2025;3;15;11;15;;;PLANO 14;100%;R$ 135.319,31;;R$ 25.500,00;23/06/2025;27/06/2025;JUAREZ;SANTIAGO;;;;;DA PLANILHA;E774073;E774087;JUAZEIRO;2025-06-01;1045158;Consolidado;N/A
AL/MELHORAMENTO;9102128052;1160624;ME-COEL-AG AGUAS BELAS-99999;JUAZEIRO;;OK;MIGRAR;;;;CONCLUIDA;07/06/2025;1;13;13;13;;;PLANO 8;100%;R$ 127.773,10;;R$ 22.100,00;03/06/2025;07/06/2025;IVONALDO;EDIE JONNES;;;;;DA PLANILHA;E774801;E774813;JUAZEIRO;2025-06-01;1160624;Consolidado;N/A
PRIORIDADE PLANO ANEEL;9102124586;1161420;ER-CIND-FAZ-BRANDAO-RURAL;CURAÇÁ / UAUÁ;;;;;;;CONCLUIDA;12/06/2025;1;12;12;12;;;PLANO 7;100%;;;R$ 20.400,00;03/06/2025;15/06/2025;JOÃO BATISTA;EDIE JONNES;;;;;DA PLANILHA;E799832;E799843;JUAZEIRO;2025-06-01;1161420;Consolidado;N/A
QLA;9101725732;1009250;ER CIND POV BREJO DE FORA RURAL;SENTO SÉ;;;MIGRAR;;;;NÃO INICIADA;;;3;;3;;;PLANO 7;100%;R$ 23.591,18;;R$ 5.100,00;15/06/2025;13/06/2025;JACKSON;SANTIAGO;;;;;DA PLANILHA;E800436;E800438;JUAZEIRO;2025-06-01;1009250;Consolidado;N/A
ESTRATÉGICA;9102045961;1135898;ER-CIND-POV-CARNAIBA DO SERTAO-RURAL;JUAZEIRO;;;MIGRAR;;;;NÃO INICIADA;;1;3;;3;;;PLANO 7;100%;;;R$ 5.100,00;30/06/2025;30/06/2025;PEDRO BATISTA;ANDERSON;;;;;DA PLANILHA;E774746;E774748;JUAZEIRO;2025-06-01;1135898;Consolidado;N/A
AIC AUDITORIA;9101770901;1057733;MP-CIND-POV-CRUZ II-RIO RURAL;JUAZEIRO;;OK;MIGRAR;;;;CONCLUIDA;26/06/2025;1;10;5;10;;;PLANO 14;100%;R$ 202.269,44;;R$ 17.000,00;25/06/2025;30/06/2025;PEDRO BATISTA;ANDERSON;;;;;DA PLANILHA;E774304;E774313;JUAZEIRO;2025-06-01;1057733;Consolidado;N/A
QLP;9102195507;1191865;ER-CIND-POV-TATAUI-RURAL;SOBRADINHO;;OK;MIGRAR;;;;CONCLUIDA;07/06/2025;2;9;9;9;;;PLANO 7;100%;R$ 66.652,13;;R$ 15.300,00;18/06/2025;30/06/2025;JUAREZ;SANTIAGO;;;;;DA PLANILHA;E777237;E777245;JUAZEIRO;2025-06-01;1191865;Consolidado;N/A
PRIORIDADE PLANO ANEEL;9102096113;1152296;ER-CCOL-FAZ-ROCADO-CORRENTEZA;SOBRADINHO;;;;;;;CONCLUIDA;20/06/2025;4;6;6;6;;;PLANO 7;100%;;;R$ 10.200,00;16/06/2025;20/06/2025;JUAREZ;SANTIAGO;;;;;DA PLANILHA;E800471;E800476;JUAZEIRO;2025-06-01;1152296;Consolidado;N/A
INTERV SEGURANÇA;9102244605;1197173;IS-COEL-AV-MARIA DA G  DE JESUS-J  VITOR;JUAZEIRO;;;MIGRAR;;;;NÃO INICIADA;;0;8;;8;;;PLANO 8;100%;;;R$ 13.600,00;13/06/2025;30/06/2025;PEDRO BATISTA;ANDERSON;;;;;DA PLANILHA;E777259;E777266;JUAZEIRO;2025-06-01;1197173;Consolidado;N/A
REPUTACIONAL;9102011034;1122838;RR-CIND-FAZ-PROJETO NILO COELHO-CASA NOV;CASA NOVA;;;;;;;NÃO INICIADA;;0;10;;10;;;PLANO 7;100%;;;R$ 17.000,00;25/06/2025;30/06/2025;DANIEL;PAULO JUNIOR;;;;;DA PLANILHA;E799849;E799858;JUAZEIRO;2025-06-01;1122838;Consolidado;N/A
QLP;9102128878;1164868;ER-CIND-POV-GOIABEIRA II-GOIABEIRA II;JUAZEIRO;;OK;MIGRAR;MIGRAR;;;CONCLUIDA;04/06/2025;2;5;5;5;;;;100%;R$ 62.327,12;;R$ 8.500,00;04/06/2025;10/06/2025;PEDRO BATISTA;ANDERSON;;;;;DA PLANILHA;E750187;E750191;JUAZEIRO;2025-06-01;1164868;Consolidado;N/A
QLP;9102107113;1157820;UB-CIND-RUA-21 DE ABRIL-CAMPO ALEGRE;CAMPO ALEGRE DE LOURDES;;;;;;;RETIRADA;;1;2;;2;;;PLANO 7;100%;;;;;;;;;;;;;;;JUAZEIRO;2025-06-01;1157820;Descartado;Status Excluído (STATUS, STATUS 1, STATUS 1.1)
RECLAMAÇÃO;9102068123;1141818;ER-CIND-SI-PASCACIO-RURAL;CASA NOVA;;;;;;;RETIRADA;;0;0;;0;;;PLANO 7;100%;;;;;;;;;;;;0 POSTE;;;JUAZEIRO;2025-06-01;1141818;Descartado;Status Excluído (STATUS, STATUS 1, STATUS 1.1)
AL/MELHORAMENTO;9101915087;1101887;IE 01V2 NOVA TOURÃO RURAL EQUIP  N61580;JUAZEIRO;;;;;;;RETIRADA;;0;2;;2;;;PLANO 1;100%;;;R$ 3.400,00;;;IVONALDO;SANTIAGO;;;;;DA PLANILHA;E799863;E799864;JUAZEIRO;2025-06-01;1101887;Descartado;Status Excluído (STATUS, STATUS 1, STATUS 1.1)
QLP;9102131339;1164340;ER-CIND-POV-TATAUI-RURAL;SOBRADINHO;;OK;MIGRAR;;;;CONCLUIDA;04/06/2025;2;4;4;4;;;PLANO 7;100%;R$ 24.026,53;;R$ 6.800,00;03/06/2025;07/06/2025;JUAREZ;SANTIAGO;;;;;DA PLANILHA;E774814;E774817;JUAZEIRO;2025-06-01;1164340;Consolidado;N/A
SOLICITAÇÃO ATENDIMENTO;9101977212;1115260;AC-CIND-RUA-PADRE JOAO FRE-CENTRO;PILÃO ARCADO;;OK;ENTREGA;;;;CONCLUIDA;26/06/2025;1;4;4;4;;;PLANO 7;100%;R$ 69.502,35;;R$ 6.800,00;24/06/2025;28/06/2025;AILTON / DANIEL;PAULO JUNIOR;;;;;1016690/APROVADA;E710834;E710841;JUAZEIRO;2025-06-01;1115260;Consolidado;N/A
RECLAMAÇÃO;9102149813;1177525;AC-CIND-RUA- XIQUE XIQUE-CENTRO;PILÃO ARCADO;;;;;;;RETIRADA;;0;1;;1;;;PLANO 7;100%;;;;;;;;;;;;DA PLANILHA;E750525;E750525;JUAZEIRO;2025-06-01;1177525;Descartado;Status Excluído (STATUS, STATUS 1, STATUS 1.1)
RECLAMAÇÃO;9102021225;1129437;LD CIND FAZ MANI OBA VELHA RURAL;JUAZEIRO;;;;;;;NÃO INICIADA;;1;15;;15;;;PLANO 7;100%;;;R$ 25.500,00;12/06/2025;21/06/2025;DOMINGOS;SANTIAGO;;;;;DA PLANILHA;E799948;E799948;JUAZEIRO;2025-06-01;1129437;Consolidado;N/A
ESTRATÉGICA;9102131257;1163416;ER CIND POV JUNCO SALITRE RURAL;JUAZEIRO;;;;;;;RETIRADA;;1;5;;5;;;PLANO 14;100%;;;R$ 8.500,00;;;PEDRO BATISTA;;;;;;DA PLANILHA;E799877;E799881;JUAZEIRO;2025-06-01;1163416;Descartado;Status Excluído (STATUS, STATUS 1, STATUS 1.1)
GRUPO A;9102238566;1193657;RR-GRUA-FAZ-VERMELHO-RURAL;JUAZEIRO;;OK;ENTREGA;;;;CONCLUIDA;05/06/2025;0;3;3;3;;;PLANO 8;100%;R$ 255.026,24;;R$ 5.100,00;01/06/2025;07/06/2025;LINHA VIVA;ANDERSON;;;;;DA PLANILHA;E619946;E619948;JUAZEIRO;2025-06-01;1193657;Consolidado;N/A
PRIORIDADE PLANO ANEEL;9102158911;1183616;UB-CIND-RUA- PROJETADA 21-M DA AREIA;JUAZEIRO;;;;;;;CONCLUIDA;14/06/2025;0;3;3;3;;;PLANO 7;100%;;;R$ 5.100,00;16/06/2025;20/06/2025;PEDRO BATISTA;ANDERSON;;;;;DA PLANILHA;E799871;E799873;JUAZEIRO;2025-06-01;1183616;Consolidado;N/A
AIC OBJETIVO;9101932015;1092651;MP-CCOL-RUA DA CONCEIÇÃO-RURAL;SENTO SÉ;;;MIGRAR;;;;NÃO INICIADA;;3;15;;15;;;PLANO 14;100%;;;R$ 25.500,00;04/06/2025;15/06/2025;JACKSON;SANTIAGO;;;;;DA PLANILHA;E750027;E750041;JUAZEIRO;2025-06-01;1092651;Consolidado;N/A
SOLICITAÇÃO ATENDIMENTO;9102157567;1177513;UB-CIND-LOT-QD QUIL 100-URBANA;JUAZEIRO;;;;;;;CONCLUIDA;18/06/2025;0;2;2;2;;;PLANO 7;100%;;;R$ 3.400,00;20/06/2025;27/06/2025;PEDRO BATISTA;ANDERSON;;;;;DA PLANILHA;E799865;E799866;JUAZEIRO;2025-06-01;1177513;Consolidado;N/A
PRIORIDADE PLANO ANEEL;9102168277;1190765;ER-CIND-SI-MARTINS DO CORDEIRO-V DE CIMA;CAMPO ALEGRE DE LOURDES;;;;;;;RETIRADA;;1;2;;2;;;PLANO 7;100%;;;;;;;;;;;;;;;JUAZEIRO;2025-06-01;1190765;Descartado;Status Excluído (STATUS, STATUS 1, STATUS 1.1)
PRIORIDADE PLANO ANEEL;9102227609;1192026;UB-CIND-TRV-ALVORADA 10-CENTRO;CAMPO ALEGRE DE LOURDES;;;;;;;RETIRADA;;1;1;;1;;;PLANO 7;100%;;;;;;;;;;;;;;;JUAZEIRO;2025-06-01;1192026;Descartado;Status Excluído (STATUS, STATUS 1, STATUS 1.1)
GOVERNO;9102096483;1132085;ER-SEIN-RUA-DAS FLORES-XIQUE-XIQUE;PILÃO ARCADO;;;OURO;EMERSON;;;NÃO INICIADA;;11;26;;13;;;PLANO 7;50%;;;;25/06/2025;31/07/2025;AILTON / DANIEL;PAULO JUNIOR;;;;;DA PLANILHA;E799629;E799654;JUAZEIRO;2025-06-01;1132085;Consolidado;N/A
RECLAMAÇÃO;9102158308;1182674;ER-CIND-POV-SERRA DOS ESPINHOS-RURAL;JUAZEIRO;;;MIGRAR;;;;RETIRADA;;1;5;;5;;;PLANO 7;100%;;;R$ 8.500,00;;;;;;;;;DA PLANILHA;E799882;E799886;JUAZEIRO;2025-06-01;1182674;Descartado;Status Excluído (STATUS, STATUS 1, STATUS 1.1)
PRIORIDADE PLANO ANEEL;9102232840;1199748;UB-CIND-POV-NUCLEO-CENTRO-CURACA;JUAZEIRO;;;;;;;CONCLUIDA;16/06/2025;2;2;2;2;;;;100%;;;R$ 3.400,00;14/06/2025;20/06/2025;PEDRO BATISTA;ANDERSON;;;;;DA PLANILHA;E799869;E799870;JUAZEIRO;2025-06-01;1199748;Consolidado;N/A
RECLAMAÇÃO;9102156669;1178531;UB-CIND-RUA-DA AREIA-PAU A PIQUE;CASA NOVA;;;;;;;RETIRADA;;1;1;;1;;;PLANO 7;100%;;;;;;;;;;;;;;;JUAZEIRO;2025-06-01;1178531;Descartado;Status Excluído (STATUS, STATUS 1, STATUS 1.1)
ESTRATÉGICA;9101959815;1105624;ER-CIND-SI-BOM CONSELHO-RURAL-RIO SALITR;JUAZEIRO;;;;;;;RETIRADA;;1;7;;7;;;PLANO 14;100%;;;R$ 11.900,00;;;DOMINGOS;;;;;;DA PLANILHA;E799887;E799893;JUAZEIRO;2025-06-01;1105624;Descartado;Status Excluído (STATUS, STATUS 1, STATUS 1.1)
QLP;9102075676;1157515;MP-CIND-POV.RURAL;CURAÇÁ;;;;;;;EM EXECUÇÃO;;1;30;;30;;;PLANO 7;100%;;;R$ 51.000,00;16/06/2025;30/06/2025;FABIO;EDIE JONNES;;;;;DA PLANILHA;E799580;E799609;JUAZEIRO;2025-06-01;1157515;Consolidado;N/A
AL/MELHORAMENTO;9102051310;1142287;ME-INTERL-SBO-01S1-SBO-01S4;SOBRADINHO;;;;;;;PARALIZADA;;0;32;;32;;;PLANO 8;100%;;;R$ 54.400,00;03/06/2025;30/06/2025;JUAREZ;SANTIAGO;;;;;DA PLANILHA;E800439;E800470;JUAZEIRO;2025-06-01;1142287;Descartado;Status Excluído (STATUS, STATUS 1, STATUS 1.1)
PRIORIDADE PLANO ANEEL;9102034008;1129174;MP CIND POV LAGOINHA RURAL;PILÃO ARCADO;;;MIGRAR;EMERSON;;;NÃO INICIADA;;5;33;;33;;;PLANO 7;100%;;;;02/06/2025;30/06/2025;EMERSON;JORGE;;;;;DA PLANILHA;E799655;E799687;JUAZEIRO;2025-06-01;1129174;Consolidado;N/A
RECLAMAÇÃO;9101967243;1112429;MP-CIND-POV-JAZIDA RURAL;JUAZEIRO;;;;;;;EM EXECUÇÃO;;3;33;;33;;;PLANO 14;100%;;;R$ 56.100,00;03/06/2025;16/06/2025;DOMINGOS;SANTIAGO;;;;;DA PLANILHA;E800494;E800526;JUAZEIRO;2025-06-01;1112429;Consolidado;N/A
RECLAMAÇÃO;9102093355;1156209;AC REG FV CIND FAZ CAPUCHU 16 RURAL;CURAÇÁ;;;MIGRAR;;;;NÃO INICIADA;;2;37;;37;;;PLANO 7;100%;R$ 374.111,28;;R$ 62.900,00;23/06/2025;30/06/2025;JOÃO BATISTA;EDIE JONNES;;;;;DA PLANILHA;E773943;E773979;JUAZEIRO;2025-06-01;1156209;Consolidado;N/A
SOLICITAÇÃO ATENDIMENTO;9102157612;1172946;IE-REGULADOR-RMN-09X1-Q076477;PILÃO ARCADO;;;;;;;RETIRADA;;0;2;;2;;;PLANO 8;100%;;;;;;;;;;;;1020107/APROVADA;E725932;E725933;JUAZEIRO;2025-06-01;1172946;Descartado;Status Excluído (STATUS, STATUS 1, STATUS 1.1)
JUDICIAL;9102238517;1196129;ER-CIND-POV-POCO DANTAS-PEDRA BRANCA;PILÃO ARCADO;;;MIGRAR;OURO;;;EM EXECUÇÃO;;2;41;;41;;;PLANO 7;100%;;;R$ 69.700,00;11/06/2025;28/06/2025;DANIEL;PAULO JUNIOR;;;;;DA PLANILHA;E799894;E799934;JUAZEIRO;2025-06-01;1196129;Consolidado;N/A
ESTRATÉGICA;9102026111;1127945;RR-CIND-FAZ-CAPELA CEMITERIO-RURAL;JUAZEIRO;;;;;;;RETIRADA;;1;9;;9;;;PLANO 14;100%;;;R$ 15.300,00;;;DOMINGOS;;;;;;DA PLANILHA;E799937;E799945;JUAZEIRO;2025-06-01;1127945;Descartado;Status Excluído (STATUS, STATUS 1, STATUS 1.1)
QLP;9102169524;1184428;ER-CIND-CJN-PROJETO CURACA-CURACA 1;JUAZEIRO;;;;;;;RETIRADA;;1;14;;14;;;PLANO 7;100%;;;R$ 23.800,00;;;PEDRO BATISTA;;;;;;DA PLANILHA;E799947;E799947;JUAZEIRO;2025-06-01;1184428;Descartado;Status Excluído (STATUS, STATUS 1, STATUS 1.1)
PRIORIDADE PLANO ANEEL;9102088735;1144724;AC CIND POV SÃO MATEUS (REGUL-FV) RURAL;CURAÇÁ;;;;;;;CANCELADA;;3;27;;27;;;PLANO 7;100%;;;;;;;;;;;;DA PLANILHA;E777267;E777293;JUAZEIRO;2025-06-01;1144724;Descartado;Status Excluído (STATUS, STATUS 1, STATUS 1.1)
SOLICITAÇÃO ATENDIMENTO;9101996009;1119796;RR-CIND-FAZ-FRADE-CANOA;JUAZEIRO;;;;;;;RETIRADA;;1;12;;12;;;PLANO 14;100%;;;R$ 20.400,00;;;DOMINGOS;;;;;;DA PLANILHA;E799946;E799946;JUAZEIRO;2025-06-01;1119796;Descartado;Status Excluído (STATUS, STATUS 1, STATUS 1.1)
PRIORIDADE PLANO ANEEL;9102081086;1144577;UB-CIND-AV-DEP R QUEIROZ-CENTRO;REMANSO;;;;;;;CONCLUIDA;26/06/2025;1;2;2;2;;;;100%;;;R$ 3.400,00;25/06/2025;30/06/2025;MANUTENÇÃO;ANDERSON;;;;;DA PLANILHA;E750523;E750524;JUAZEIRO;2025-06-01;1144577;Consolidado;N/A
RECLAMAÇÃO;9102160395;1189508;UCIND-RUA-11-VILA SAO JOAQUIM;SOBRADINHO;;OK;MIGRAR;;;;CONCLUIDA;02/06/2025;3;2;2;2;;;PLANO 7;100%;R$ 12.961,61;;R$ 3.400,00;02/06/2025;03/06/2025;JUAREZ;SANTIAGO;;;;;DA PLANILHA;E777235;E777236;JUAZEIRO;2025-06-01;1189508;Consolidado;N/A
QLP;9102060561;1138495;ER-CIND-RUA-DA BARRAGEM-PEDRA GRANDE;UAUÁ;;;MIGRAR;;;;EM EXECUÇÃO;;1;41;;41;;;PLANO 7;100%;;;R$ 69.700,00;10/06/2025;20/06/2025;JOÃO BATISTA;EDIE JONNES;;;;;DA PLANILHA;E800584;E800624;JUAZEIRO;2025-06-01;1138495;Consolidado;N/A
PRIORIDADE PLANO ANEEL;9102033317;1128925;LD-CIND-POV BAIXAO-RURAL-CSN;CASA NOVA;;;;;;;RETIRADA;;1;6;;6;;;PLANO 7;100%;;;;;;;;;;;;;;;JUAZEIRO;2025-06-01;1128925;Descartado;Status Excluído (STATUS, STATUS 1, STATUS 1.1)
PRIORIDADE PLANO ANEEL;9101980788;1116565;MP-CIND-POV-MALVINAS 1000-RURAL-MOD;SENTO SÉ;;;;;;;RETIRADA;;1;23;;23;;;PLANO 7;100%;;;;;;;;;;;;;;;JUAZEIRO;2025-06-01;1116565;Descartado;Status Excluído (STATUS, STATUS 1, STATUS 1.1)
AL/MELHORAMENTO;9101909687;1085220;AL - 01V3 - SE NOVA TOURÃO-EQUIP-Q008200;JUAZEIRO;;OK;ENTREGA;;;;CONCLUIDA;04/06/2025;0;2;2;2;;;PLANO 1;100%;R$ 90.897,71;;R$ 3.400,00;01/06/2025;07/06/2025;IVONALDO;SANTIAGO;;;;;DA PLANILHA;E619909;E619910;JUAZEIRO;2025-06-01;1085220;Consolidado;N/A
PRIORIDADE PLANO ANEEL;9102156197;1179957;ER-CIND-POV-BAIX O-RURAL;CASA NOVA;;;;;;;CONCLUIDA;30/06/2025;1;2;2;2;;;7.1.2.3;100%;R$ 34.124,54;R$ 6.824,91;R$ 3.400,00;;;JORGE;JORGE;DIEGO CARVALHO;0;0;;;;;JUAZEIRO;2025-06-01;1179957;Consolidado;N/A
GOVERNO;9102125670;1159894;UB-CIND-RUA-JUAZEIRO-2;JUAZEIRO;;;OURO;;;;NÃO INICIADA;;0;66;;52,8;;;PLANO 7;80%;;;;05/06/2025;31/07/2025;IVONALDO;EDIE JONNES;;;;;DA PLANILHA;E750526;E750585;JUAZEIRO;2025-06-01;1159894;Consolidado;N/A
PRIORIDADE PLANO ANEEL;9102052629;1137500;ER-CIND-POV-CURRAL-CURRAL VELHO;CURAÇÁ;;;;;;;CONCLUIDA;18/06/2025;1;1;1;1;;;PLANO 7;100%;;;R$ 1.700,00;18/06/2025;30/06/2025;GISMARIO;EDIE JONNES;;;;;DA PLANILHA;E799628;E799628;JUAZEIRO;2025-06-01;1137500;Consolidado;N/A
JUDICIAL;9101293497;921232;ER-CIND-POV BARRO VERMELHO-BARRO-CRC;CURAÇÁ / UAUÁ;;;OURO;;;;NÃO INICIADA;;6;70;;35;;;PLANO 14;50%;;;;25/06/2025;30/07/2025;JOÃO BATISTA;EDIE JONNES;;;;;DA PLANILHA;E799688;E799757;JUAZEIRO;2025-06-01;0921232;Consolidado;N/A
PRIORIDADE PLANO ANEEL;9102156418;1183735;ER-CIND-POV-JUREMAL 1026-RURAL;JUAZEIRO;;;;;;;CONCLUIDA;03/06/2025;1;1;1;1;;;PLANO 7;100%;;;R$ 1.700,00;03/06/2025;06/06/2025;PEDRO BATISTA;ANDERSON;;;;;DA PLANILHA;E799860;E799860;JUAZEIRO;2025-06-01;1183735;Consolidado;N/A
RECLAMAÇÃO;9101865235;1062682;LD- CIND POV  MARCOS RURAL- REM;REMANSO;;;;;;;EM EXECUÇÃO;;5;70;;35;;;PLANO 14;50%;;;;12/06/2025;31/07/2025;AILTON;PAULO JUNIOR;;;;;DA PLANILHA;E800366;E800435;JUAZEIRO;2025-06-01;1062682;Consolidado;N/A
ESTRATÉGICA;9101708533;1058096;MP-CCOL-POV-PONTA DA SERRA-RURAL;REMANSO;;;;RUBEM;;;NÃO INICIADA;;6;74;;55,5;;;PLANO 14;75%;;;;02/06/2025;31/07/2025;RUBEM;RUBEM;;;;;DA PLANILHA;E799758;E799831;JUAZEIRO;2025-06-01;1058096;Consolidado;N/A
REPUTACIONAL;9101949445;1101591;IT-GRUA-FAZ-PROJETO NILO COELH-RURAL-MOD;CASA NOVA;;;;;;;NÃO INICIADA;;0;176;;132;;;PLANO 7;75%;;;R$ 299.200,00;03/06/2025;31/07/2025;FERNANDO;PAULO JUNIOR;;;;;DA PLANILHA;E777332;E777507;JUAZEIRO;2025-06-01;1101591;Consolidado;N/A
QLP;9102130432;1168465;ER-CIND-POV-RURAL-LAGOA DOS CAVALOS;JUAZEIRO;;;;;;;CONCLUIDA;10/06/2025;1;1;1;1;;;PLANO 7;100%;;;R$ 1.700,00;05/06/2025;14/06/2025;PEDRO BATISTA;ANDERSON;;;;;DA PLANILHA;E799848;E799848;JUAZEIRO;2025-06-01;1168465;Consolidado;N/A
QLP;9102103367;1157956;ER-CIND-POV-MORCEGO-AGROVALE;JUAZEIRO;;;;;;;CONCLUIDA;12/06/2025;0;1;1;1;;;PLANO 7;100%;;;R$ 1.700,00;06/06/2025;12/06/2025;PEDRO BATISTA;ANDERSON;;;;;DA PLANILHA;E799845;E799845;JUAZEIRO;2025-06-01;1157956;Consolidado;N/A
JUDICIAL;9101038464;806660;MP-CCOL-POV. CHAMUSCADO-RURAL;PILÃO ARCADO;;;OURO;EMERSON;;;EM EXECUÇÃO;;19;208;;104;;;PLANO 14;50%;;;;02/06/2025;31/07/0205;EMERSON;EMERSON;;;;;DA PLANILHA;E773493;E773700;JUAZEIRO;2025-06-01;0806660;Consolidado;N/A
PRIORIDADE PLANO ANEEL;9102044592;1130710;ER-CCOL-FAZ TATUI 15-RURAL-CORRENTEZA;SOBRADINHO;;;;;;;CANCELADA;;3;57;;57;;;PLANO 7;100%;;;R$ 96.900,00;;;;;;;;;DA PLANILHA;E800527;E800583;JUAZEIRO;2025-06-01;1130710;Descartado;Status Excluído (STATUS, STATUS 1, STATUS 1.1)
EQUIPAMENTO;9102137497;1172482;IE-RELIGADOR-NCU-01Z4-J00704;JUAZEIRO;;;;;;;CONCLUIDA;;0;1;1;1;;;PLANO 8;100%;;;R$ 1.700,00;09/06/2025;28/06/2025;PEDRO BATISTA;ANDERSON;;;;;DA PLANILHA;E799844;E799844;JUAZEIRO;2025-06-01;1172482;Consolidado;N/A
AIC OBJETIVO;9102124064;1159873;LD - CIND - POV - BARRA GRANDE - RURAL;JUAZEIRO;;;;;;;CONCLUIDA;11/06/2025;1;1;1;1;;;PLANO 7;100%;;;R$ 1.700,00;11/06/2025;16/06/2025;PEDRO BATISTA;ANDERSON;;;;;DA PLANILHA;E799847;E799847;JUAZEIRO;2025-06-01;1159873;Consolidado;N/A
AIC OBJETIVO;9102125568;1160390;UB-CIND-AV.JORGE KHOURY VILA SANTANA;JUAZEIRO;;;;;;;CONCLUIDA;13/06/2025;1;1;1;1;;;PLANO 7;100%;;;R$ 1.700,00;12/06/2025;14/06/2025;PEDRO BATISTA;ANDERSON;;;;;DA PLANILHA;E799846;E799846;JUAZEIRO;2025-06-01;1160390;Consolidado;N/A
QLP;9101867742;1058100;AC-CIND-POV-PONTA DA SERRA-RURAL;REMANSO;;;;RUBEM;;;NÃO INICIADA;;59;380;;0;;;PLANO 7;0%;;;;;31/09/2025;RUBEM;RUBEM;;;;;DA PLANILHA;E774354;E774683;JUAZEIRO;2025-06-01;1058100;Consolidado;N/A
EQUIPAMENTO;9102140367;1171264;IE-RELIGADOR-CSN-01C5-J05899;REMANSO;;;;;;;CONCLUIDA;20/06/2025;0;1;1;1;;;PLANO 8;100%;;;R$ 1.700,00;09/06/2025;11/06/2025;AILTON;PAULO JUNIOR;;;;;DA PLANILHA;E799862;E799862;JUAZEIRO;2025-06-01;1171264;Consolidado;N/A
SOLICITAÇÃO ATENDIMENTO;9102156696;1180015;ER-CIND-AV-DR JORGE KHOURY-MATA BURRO;JUAZEIRO;;;;;;;CONCLUIDA;28/06/2025;1;1;0;1;;;PLANO 7;100%;;;R$ 1.700,00;27/06/2025;30/06/2025;PEDRO BATISTA;ANDERSON;;;;;DA PLANILHA;E799861;E799861;JUAZEIRO;2025-06-01;1180015;Consolidado;N/A
QLP;9101976713;1113834;AC-CIND ESCOLA MUN.DE BREJINHO-RURAL;PILÃO ARCADO;;;;;;;NÃO INICIADA;;65;416;;41,6;;;PLANO 7;10%;;;;20/06/2025;30/08/2025;DANIEL;PAULO JUNIOR;;;;;DA PLANILHA;E799950;E800365;JUAZEIRO;2025-06-01;1113834;Consolidado;N/A
EQUIPAMENTO;9102136954;1170871;IE-RELIGADOR-CSN-01C3-J06102;CASA NOVA;;;;;;;CONCLUIDA;;0;1;1;1;;;PLANO 8;100%;;;;18/06/2025;21/06/2025;DANIEL / AILTON;PAULO JUNIOR;;;;;;;;JUAZEIRO;2025-06-01;1170871;Consolidado;N/A
PRIORIDADE PLANO ANEEL;9102153932;1182613;AC-CIND-FAZ-RIO SALITRE-RURAL;JUAZEIRO;;;;;;;CONCLUIDA;17/06/2025;1;1;1;1;;;PLANO 7;100%;;;R$ 1.700,00;17/06/2025;23/06/2025;PEDRO BATISTA;ANDERSON;;;;;DA PLANILHA;E799859;E799859;JUAZEIRO;2025-06-01;1182613;Consolidado;N/A
REPUTACIONAL;9102132629;1161619;ER-CIND-FAZ-MASSAYO-RURAL;JUAZEIRO;;OK;MIGRAR;;;;CONCLUIDA;12/06/2025;1;1;1;1;;;PLANO 7;100%;R$ 91.201,34;;R$ 1.700,00;15/06/2025;30/06/2025;MANUTEÇÃO;ANDERSON;;;;;1020103/APROVADA;E725929;E725929;JUAZEIRO;2025-06-01;1161619;Consolidado;N/A
EQUIPAMENTO;9102136919;1170266;IE-RELIGADOR-CSN-01C3-G58377;CASA NOVA;;;;;;;CONCLUIDA;21/06/2025;0;1;1;1;;;PLANO 8;100%;R$ 98.146,95;;R$ 1.700,00;16/06/2025;19/06/2025;AILTON;PAULO JUNIOR;;;;;DA PLANILHA;E777197;E777197;JUAZEIRO;2025-06-01;1170266;Consolidado;N/A
RECLAMAÇÃO;9102163350;1185415;AC-CIND-POV-CHAPADINHA-RURAL-SOBRADINHO;SOBRADINHO;;OK;MIGRAR;;;;CONCLUIDA;03/06/2025;1;1;1;1;;;PLANO 7;100%;R$ 33.004,23;;R$ 1.700,00;03/06/2025;03/06/2025;JUAREZ;SANTIAGO;;;;;DA PLANILHA;E778060;E778060;JUAZEIRO;2025-06-01;1185415;Consolidado;N/A
JUDICIAL;9100096585;515938;MP-CCOL-FAZ SERRA BRANCA E ARRED.-RURAL;REMANSO;;;OURO;JORGE;;;NÃO INICIADA;;21;1392;;835,2;;;PLANO 14;60%;;;;02/06/2025;31/08/2025;JORGE;JORGE;;;;;DA PLANILHA;E618988;E619487;JUAZEIRO;2025-06-01;0515938;Consolidado;N/A
EQUIPAMENTO;9102136917;1170253;IE-RELIGADOR-CSN-01C6-J54312;CASA NOVA;;OK;ENTREGA;;;;CONCLUIDA;02/06/2025;0;1;1;1;;;PLANO 8;100%;R$ 93.430,26;;R$ 1.700,00;02/06/2025;02/05/2025;DANIEL;PAULO JUNIOR;;;;;DA PLANILHA;E777196;E777196;JUAZEIRO;2025-06-01;1170253;Consolidado;N/A
AIC OBJETIVO;9102095255;1151010;AC-REG.FV-CIND-POV PEDRA GRANDE 160-RURA;CASA NOVA;;;;;;;CONCLUIDA;;1;0;0;0;;;PLANO 7;100%;;;;14/06/2025;14/06/2025;;;;;;;;;;JUAZEIRO;2025-06-01;1151010;Consolidado;N/A
ESTRATÉGICA;9102089916;1151587;ER-CIND-POV-MANICOBA 29-RURAL;JUAZEIRO;;;;;;;CONCLUIDA;13/06/2025;1;0;0;0;;;PLANO 7;100%;;;R$ 0,00;12/06/2025;16/06/2025;PEDRO BATISTA;ANDERSON;;;;;0 POSTE;;;JUAZEIRO;2025-06-01;1151587;Consolidado;N/A
