CRITÉRIO;NOTA;PROJETO;TÍTULO;MUNICIPIO;SEPARAR MATERIAL;PRE FECHAMENTO;STATUS;DATA DESLIG;STATUS 1;CLIET.;PSTP;PST REALZ;PST EXEC;CAVA PRONTA;CAVA P/ DETON;PLANO;AVANÇO;V. PROJETO;VALOR 25%;PV. INÍCIO;PV. FIM;ENCARREGADO;SUPERVISOR;AR;LATITUDE;LONGITUDE;OBS;CARTEIRA;OBRAS SIMPLIFICADAS;TECNICO FECHAMENTO;VISITA PRÉVIA;PRÉ FECHAMENTO;SI PG;PG INICIAL;PG FINAL;COORD;Carteira;PROJETO_FATO;STATUS_AUDITORIA;MOTIVO_DESCARTE
REPUTACIONAL;9002801571;237059;MP-CCOL-POV DESTERRO-CAIÇARA-RURAL;CASA NOVA;;;ENTREGAR;;CONCLUIDA;66;733;;;;;PLANO 14;100%;R$ 4.373.226,44;R$ 1.093.306,61;01/03/2025;31/03/2025;JORGE;JORGE;DIEGO;-9,235169;-41,7628759;;fev.-25;FALSE;;FALSE;FALSE;APROVADA;E680195;E680939;JUAZEIRO;2025-03-01;0237059;Consolidado;N/A
NOVOS QUESTIONAMENTOS ANEEL;9101575275;1040604;MP-CCOL-POV DESENGANO-RURAL;SENTO SÉ;;;ENTREGA;;CONCLUIDA;32;278;;;;;PLANO 14;20%;R$ 2.756.104,87;R$ 689.026,22;01/03/2025;31/03/2025;;EMERSON;SANDRO;-9,7533815;-41,8857659;;fev.-25;FALSE;;FALSE;FALSE;1019161/APROVADA;E724391;E724668;JUAZEIRO;2025-03-01;1040604;Consolidado;N/A
REPUTACIONAL;9101940561;1093655;AL - GRUA - FAZ. BAIXA - RURAL;JUAZEIRO;;;ENERGIZADA;;CONCLUIDA;1;200;;;;;PLANO 7;100%;R$ 3.555.398,98;R$ 1.066.619,69;01/03/2025;05/03/2025;PAULO / JUAREZ;SANTIAGO;VICTOR;-9,5502028;-40,5219799;;;;;;;APROVADA;E628933;E629122;JUAZEIRO;2025-03-01;1093655;Consolidado;N/A
NOVOS QUESTIONAMENTOS ANEEL;9102025347;1126041;IT CIND FAZ CURAÇA PEQUENO RURAL;JUAZEIRO;;;ENTREGA;;ESCAVAÇÃO;0;108;;48;;;PLANO 7;100%;R$ 1.565.846,66;;05/03/2025;31/03/2025;FABIO;SANTIAGO;CARLOS EDUARDO;-9,1258481;-40,0323912;;mar.-25;;;;;DA PLANILHA;E619540;E619634;JUAZEIRO;2025-03-01;1126041;Consolidado;N/A
GOVERNO;9102125670;1159894;UB-CIND-RUA-JUAZEIRO-2;JUAZEIRO;;;AVANÇO;;NÃO INICIADA;0;66;;;;;PLANO 7;75%;R$ 1.402.835,24;R$ 350.708,81;01/03/2025;31/05/2025;GISMARIO;EDIE JONNES;VICTOR;-9,46663;-40,4997943;;fev.-25;FALSE;;FALSE;FALSE;1016645/APROVADA;E710264;E710333;JUAZEIRO;2025-03-01;1159894;Consolidado;N/A
ESTRATÉGICA;9101893156;1084183;RR-CCOL-RCL-POV-DE LAJES-LAJES;JUAZEIRO;13/03;;ENTREGA;;NÃO INICIADA;75;55;;51;19/03;;PLANO 7;100%;R$ 274.737,62;R$ 68.684,41;01/03/2025;31/03/2025;PAULO;EDIE JONNES;VICTOR;-9,4790867;-40,5060819;;fev.-25;TRUE;;FALSE;FALSE;1019173/APROVADA;E724694;E724750;JUAZEIRO;2025-03-01;1084183;Consolidado;N/A
JUDICIAL;9101664952;997469;ER-CIND-POV-ALMAS-ALEGRE;SENTO SÉ;;;S/ ACESSO;;NÃO INICIADA;1;43;;;;;PLANO 7;50%;R$ 169.739,61;;24/03/2025;30/04/2025;CARLOS/FERNANDO;SANTIAGO;SANDRO;-10,2638619;-41,3329393;;mar.-25;;;;;DA PLANILHA;E619755;E619797;JUAZEIRO;2025-03-01;0997469;Consolidado;N/A
JUDICIAL;9102103285;1157069;ER-CIND-POV-BARRO VERMELHO-RURAL;CURAÇÁ;;;AVANÇO;;NÃO INICIADA;1;42;;;;;PLANO 7;50%;R$ 235.113,59;;;;;;CARLOS EDUARDO;;;;mar.-25;;;;;DA PLANILHA;E619712;E619753;JUAZEIRO;2025-03-01;1157069;Consolidado;N/A
AL/MELHORAMENTO;9101909684;1085090;AL-01V2-NOVA TOURÃO-CONSTRUÇÃO (ITEM 2);JUAZEIRO;;;ENTREGA;13/03 - 19/03;EM EXECUÇÃO;0;41;;;;;PLANO 8;100%;R$ 717.378,39;R$ 179.344,60;01/03/2025;31/03/2025;IVONALDO;RODRIGUES;SANDRO;-9,436886049;-40,38081355;;fev.-25;FALSE;;FALSE;FALSE;DA PLANILHA;E619983;E620023;JUAZEIRO;2025-03-01;1085090;Consolidado;N/A
SOLICITAÇÃO ATENDIMENTO;9101190009;875302;MP-CCOL-POV.LAGOA DOS BOIS-RURAL;JUAZEIRO;;;AVANÇO;;NÃO INICIADA;2;37;MANTER;;;;PLANO 14;50%;R$ 394.092,32;;01/03/2025;30/04/2025;;EDIE JONNES;VICTOR;;;;mar.-25;;;;;DA PLANILHA;E619663;E619699;JUAZEIRO;2025-03-01;0875302;Consolidado;N/A
LPT;9101503225;984432;RR-CIND-POV-SAO MIGUEL-RURAL;CASA NOVA;;;AVANÇO;;NÃO INICIADA;1;35;;;;;PLANO 14;50%;R$ 210.818,71;;17/03/2024;24/03/2025;;PAULO JUNIOR;DIEGO;-9,2419512;-41,4160863;;mar.-25;;;;;DA PLANILHA;E619494;E619528;JUAZEIRO;2025-03-01;0984432;Consolidado;N/A
JUDICIAL;9102154209;1183249;RR-CIND-POV-ALMAS-ALMAS;SENTO SÉ;;;S/ ACESSO;18/03;NÃO INICIADA;1;35;;;;;PLANO 7;100%;R$ 209.623,78;;05/03/2025;18/03/2025;CARLOS/FERNANDO;SANTIAGO;SANDRO;-10,2825125;-41,3736722;;mar.-25;;;;;DA PLANILHA;E619804;E619838;JUAZEIRO;2025-03-01;1183249;Consolidado;N/A
JUDICIAL;9101772675;1024582;ER CIND POV MALHADA DA AREIA RURAL;JUAZEIRO;14/03;ok;ENTREGA;;CONCLUIDA;1;35;;35;21;14;PLANO 14;100%;R$ 276.441,01;R$ 69.110,25;13/03/2025;25/03/2025;JUAREZ;EDIE JONNES;VICTOR;-9,5731822;-40,1167404;;;;;;;1019631/APROVADA;E724751;E724785;JUAZEIRO;2025-03-01;1024582;Consolidado;N/A
JUDICIAL;9102145299;1173118;ER-CIND-FAZ-SERRA BRANCA-RURAL-SENTO SE;SENTO SÉ;;;PARALIZADA;;PARALIZADA;1;31;;;;;PLANO 14;100%;R$ 228.569,67;R$ 57.142,42;01/03/2025;28/03/2025;CARLOS/FERNANDO;SANTIAGO;SANDRO;-10,550458;-41,847607;;;;;;;1019884;;;JUAZEIRO;2025-03-01;1173118;Descartado;Status Excluído (STATUS, STATUS 1)
AL/MELHORAMENTO;9101915080;1088197;AL - 01V5 - NOVA TOUR O - CONSTRU  O;JUAZEIRO;;;ENTREGA;;EM EXECUÇÃO;0;27;;;;;PLANO 1;100%;R$ 321.516,58;R$ 80.379,15;01/03/2025;31/03/2025;IVONALDO;RODRIGUES;SANDRO;-9,436886049;-40,38081355;;;;;;;DA PLANILHA;E620024;E620050;JUAZEIRO;2025-03-01;1088197;Consolidado;N/A
SOLICITAÇÃO ATENDIMENTO;9101732105;1007462;ER-CIND-POV-MASSAPE-BOQUEIRAO;JUAZEIRO;11/03;OK;ENERGIZADA;14/03;CONCLUIDA;1;26;20;16;20;;PLANO 14;100%;R$ 92.870,13;;10/03/2025;14/03/2025;GISMARIO;EDIE JONNES;VICTOR;;;;mar.-25;;;;;10 +11 DA PLANILHA;E725847/E725892;E725856/E724371;JUAZEIRO;2025-03-01;1007462;Consolidado;N/A
REPUTACIONAL;9102030558;1122206;AL GRUA ROD BR 324 RURAL;REMANSO;;;ENERGIZADA;;CONCLUIDA;0;25;;;;;PLANO 7;100%;R$ 503.024,54;R$ 125.756,14;01/03/2025;31/03/2025;;PAULO JUNIOR;DEBORA;-9,6020105;-42,0841233;;fev.-25;FALSE;;FALSE;FALSE;1019168/APROVADA;E724669;E724693;JUAZEIRO;2025-03-01;1122206;Consolidado;N/A
AL/MELHORAMENTO;9101909683;1085504;AL - 01V1 - NOVA TOURÃO - CONSTRUÇÃO;JUAZEIRO;;;ENTREGA;;CONCLUIDA;0;19;;;;;PLANO 8;100%;R$ 609.832,67;R$ 152.458,17;01/03/2025;31/03/2025;IVONALDO;RODRIGUES;SANDRO;-9,436886049;-40,38081355;;;;;;;DA PLANILHA;E620051;E620069;JUAZEIRO;2025-03-01;1085504;Consolidado;N/A
ESTRATÉGICA;9101963531;1106990;UB-COEL-RCL-AV-JORGE KHOURY-QUIDE;JUAZEIRO;13/02;OK;ENERGIZADA;;CONCLUIDA;45;17;;4;;;PLANO 7;100%;R$ 90.640,50;R$ 22.660,13;17/02/2025;22/02/2025;CARLOS / PAULO;EDIE JONNES / SANTIAGO;VICTOR;-9,426099;-40,5204124;https://maps.app.goo.gl/uomEHKtg9E6ZFUmz5;fev.-25;FALSE;;FALSE;FALSE;DA PLANILHA;E710944;E711828;JUAZEIRO;2025-03-01;1106990;Consolidado;N/A
RECLAMAÇÃO;9101899704;1078188;ER-CIND-SI-MONTE ALEGRE-BARAUNA RURAL;JUAZEIRO;;;ENTREGA;;CONCLUIDA;1;14;;;;;PLANO 14;100%;R$ 84.598,67;;26/03/2025;31/03/2025;JUAREZ;EDIE JONNES;CARLOS EDUARDO;;;;mar.-25;;;;;DA PLANILHA;E619839;E619852;JUAZEIRO;2025-03-01;1078188;Consolidado;N/A
LPT;9101731670;1041388;MP CIND POV. BARRA POÇO DA PEDRA RURAL;CASA NOVA;;;ENERGIZADA;;CONCLUIDA;1;13;;;;;PLANO 14;100%;R$ 133.578,06;;13/03/2025;15/03/2025;;PAULO JUNIOR;DIEGO;-9,0240293;-41,0531992;;mar.-25;;;;;DA PLANILHA;E619650;E619662;JUAZEIRO;2025-03-01;1041388;Consolidado;N/A
QLP;9102102966;1157357;RR-CIND-POV-POCO DE PEDRA-RURAL-CASA NOV;CASA NOVA;;;ENERGIZADA;;CONCLUIDA;1;12;;;;;PLANO 7;100%;R$ 89.399,76;;25/03/2025;26/03/2025;;PAULO JUNIOR;DIEGO;-8,975079444;-41,01734895;;mar.-25;;;;;DA PLANILHA;E619887;E619898;JUAZEIRO;2025-03-01;1157357;Consolidado;N/A
QLP;9102124586;1161420;ER-CIND-FAZ-BRANDAO-RURAL;CURAÇÁ;;;RETIRADA;;PARALIZADA;1;12;;;;;PLANO 7;100%;R$ 75.221,06;;22/03/2025;27/03/2025;MAURICIO;EDIE JONNES;CARLOS EDUARDO;;;;mar.-25;;;;;DA PLANILHA;E620089;E620100;JUAZEIRO;2025-03-01;1161420;Descartado;Status Excluído (STATUS, STATUS 1)
LPT;9101924775;1093845;LD-CIND-POV LIMOEIRO-RURAL;SENTO SÉ;;;ENTREGA;;ESCAVAÇÃO;1;12;;;12;;PLANO 14;100%;R$ 167.046,83;;17/03/2025;24/03/2025;FERNANDO;SANTIAGO;SANDRO;-10,073223;-41,370786;;mar.-25;;;;;DA PLANILHA;E619929;E619940;JUAZEIRO;2025-03-01;1093845;Consolidado;N/A
QLP;9102070977;1157044;MP-CIND -POV-SERRA DA B VISTA -RURAL;JUAZEIRO;24/03;OK;ENTREGA;27/03;CONCLUIDA;1;11;;;;;PLANO 7;100%;R$ 122.571,24;;25/03/2025;27/03/2025;PAULO;EDIE JONNES;EDVALDO;-9,9115869;-40,3273726;;mar.-25;;;;;DA PLAHILHA;E619529;E619539;JUAZEIRO;2025-03-01;1157044;Consolidado;N/A
REPUTACIONAL;9100416051;587070;MP-CIND-FAZ CAPIM RURAL;UAUÁ;11/03;OK;ENTREGA;;CONCLUIDA;2;11;;9;10;1;PLANO 14;100%;R$ 105.002,47;;10/03/2025;14/03/2025;MAURICIO;EDIE JONNES;CARLOS EDUARDO;-9,8738187;-39,4868025;;mar.-25;;;;;DA PLANILHA;E619639;E619649;JUAZEIRO;2025-03-01;0587070;Consolidado;N/A
LPT;9101743901;1058016;MP-CIND POV-MARAVILHA-RURAL;REMANSO;;;;31/03;CONCLUIDA;1;11;;;;;PLANO 14;100%;R$ 94.874,50;;10/03/2025;13/03/2025;;;DEBORA;-9,7560937;-42,5065905;;mar.-25;;;;;DA PLANILHA;E619853;E619863;JUAZEIRO;2025-03-01;1058016;Consolidado;N/A
SOLICITAÇÃO ATENDIMENTO;9101956047;1101459;ER-CIND-POV-PROJ MANICOBA-RURAL;JUAZEIRO;22/03;OK;ENTREGA;22/03;CONCLUIDA;0;10;;;10;;PLANO 14;100%;R$ 66.363,08;;20/03/2025;22/03/2025;GISMARIO;EDIE JONNES;VICTOR;;;;mar.-25;;;;;DA PLANILHA;E619874;E619883;JUAZEIRO;2025-03-01;1101459;Consolidado;N/A
QLP;9102139875;1173044;ER-CIND-POV-CAMPOS-CAMPOS;JUAZEIRO;;;;;CANCELADA;1;10;;;;;PLANO 7;100%;R$ 48.513,48;;17/03/2025;25/03/2025;GISMARIO;EDIE JONNES;CARLOS EDUARDO;;;;mar.-25;;;;;;;;JUAZEIRO;2025-03-01;1173044;Descartado;Status Excluído (STATUS, STATUS 1)
AL/MELHORAMENTO;9101909686;1085374;AL-01V3-NOVA TOURÃO-CONSTRUÇÃO ITEM 1, 2;JUAZEIRO;;;ENTREGA;;EM EXECUÇÃO;0;10;;;;;PLANO 8;100%;R$ 491.175,01;R$ 122.793,75;01/03/2025;31/03/2025;IVONALDO;RODRIGUES;SANDRO;-9,436886049;-40,38081355;;fev.-25;FALSE;;FALSE;FALSE;DA PLANILHA;E620070;E620079;JUAZEIRO;2025-03-01;1085374;Consolidado;N/A
LPT;9102039855;1135743;ER-CIND-FAZ-QUEIMADAS DOS LOIOLAS-RURAL;UAUÁ;11/03;OK;ENTREGA;;CONCLUIDA;8;10;;9;10;;PLANO 7;100%;R$ 65.779,41;;05/03/2025;14/03/2025;MAURICIO;EDIE JONNES;CARLOS EDUARDO;-9,812386398;-39,4779562;;mar.-25;;;;;DA PLANILHA;E725857;E725845;JUAZEIRO;2025-03-01;1135743;Consolidado;N/A
LPT;9101205768;884168;MP-CCOL-POV SALGADINHA-RURAL;CASA NOVA;;;ENTREGAR;;NÃO INICIADA;1;9;;;;;PLANO 14;100%;R$ 48.586,56;;25/03/2025;27/03/2025;;PAULO JUNIOR;DIEGO;-9,2064123;-40,8080123;;mar.-25;;;;;DA PLANILHA;E619700;E619708;JUAZEIRO;2025-03-01;0884168;Consolidado;N/A
SOLICITAÇÃO ATENDIMENTO;9102026111;1127945;RR-CIND-FAZ-CAPELA CEMITERIO-RURAL;JUAZEIRO;;;;;RETIRADA;1;9;;;;;PLANO 14;100%;R$ 64.374,08;;;;;;VICTOR;;;;mar.-25;;;;;;;;JUAZEIRO;2025-03-01;1127945;Descartado;Status Excluído (STATUS, STATUS 1)
GRUPO A;9102144836;1173776;RR-GRUA-FAZ-VERMELHO-RURAL;JUAZEIRO;;;;;RETIRADA;0;9;;;;;PLANO 8;100%;R$ 311.745,73;;;;;;VICTOR;;;GERÊNCIA COELBA REMOVEU DA GRADE;mar.-25;;;;;;;;JUAZEIRO;2025-03-01;1173776;Descartado;Status Excluído (STATUS, STATUS 1)
QLP;9102129602;1161606;ER-CIND-FAZ-POCINHO 70-RURAL;UAUÁ;11/03;OK;ENTREGA;;CONCLUIDA;1;8;;;1;7;PLANO 7;100%;R$ 49.405,65;;17/03/2025;24/03/2025;MAURICIO;EDIE JONNES;CARLOS EDUARDO;-10,004961;-39,264103;;mar.-25;;;;;DA PLANILHA;E619899;E619906;JUAZEIRO;2025-03-01;1161606;Consolidado;N/A
LPT;9101437623;945802;RR-CIND-FAZ JUREMAL-ITAPERA;SENTO SÉ;SEPARADO;OK;ENERGIZADA;;CONCLUIDA;1;8;;;;;PLANO 14;100%;R$ 29.017,36;R$ 7.254,34;05/03/2025;08/03/2025;FABIO;SANTIAGO;SANDRO;-9,755965;-41,9242724;;fev.-25;FALSE;;FALSE;FALSE;DA PLANILHA;E180297;E724375;JUAZEIRO;2025-03-01;0945802;Consolidado;N/A
RECLAMAÇÃO;9101959815;1105624;ER-CIND-SI-BOM CONSELHO-RURAL-RIO SALITR;JUAZEIRO;;;;;RETIRADA;1;7;;;;;PLANO 14;100%;R$ 52.854,69;;;;;;VICTOR;;;;mar.-25;;;;;;;;JUAZEIRO;2025-03-01;1105624;Descartado;Status Excluído (STATUS, STATUS 1)
LPT;9101872943;1074313;ER-CIND-POV-L DO BARRO -BARRO DOS BAIOS;REMANSO;;;ENERGIZADA;;CONCLUIDA;1;7;;;;;PLANO 14;100%;R$ 50.505,91;;17/03/2025;18/03/2025;;;DEBORA;-9,530342588;-42,5111883;;mar.-25;;;;;DA PLANILHA;E619867;E619873;JUAZEIRO;2025-03-01;1074313;Consolidado;N/A
PRIORIDADE PLANO ANEEL;9102152452;1180643;ER-CIND-POV-ACUDE PEDRA-CASA NOVA;CASA NOVA;;;ENERGIZADA;;CONCLUIDA;1;7;;;;;PLANO 7;100%;R$ 28.904,00;;21/03/2025;22/03/2025;;PAULO JUNIOR;DIEGO;-9,1099577;-41,2943878;;mar.-25;;;;;DA PLANILHA;E619951;E619957;JUAZEIRO;2025-03-01;1180643;Consolidado;N/A
RECLAMAÇÃO;9102153527;1175314;IS-CIND-RUA-AGUAS BELAS-MALHADA DA AREIA;JUAZEIRO;;;AVANÇO;;NÃO INICIADA;0;7;;;;;PLANO 8;50%;R$ 61.369,62;;10/03/2025;29/03/2025;GISMARIO;EDIE JONNES;VICTOR;;;;mar.-25;;;;;DA PLANILHA;E619973;E619979;JUAZEIRO;2025-03-01;1175314;Consolidado;N/A
RECLAMAÇÃO;9102093371;1153621;ER-CIND-POV-LAGOA GRANDE-RURAL;JUAZEIRO;;;ENTREGA;25/03;CONCLUIDA;1;6;;;6;;PLANO 7;100%;R$ 60.071,04;;24/03/2025;31/03/2025;GISMARIO;EDIE JONNES;VICTOR;;;;mar.-25;;;;;DA PLANILHA;E619798;E619803;JUAZEIRO;2025-03-01;1153621;Consolidado;N/A
PRIORIDADE PLANO ANEEL;9102164073;1183031;UB-CIND-RUA-03 2154-CICERO BORGES;SENTO SÉ;12/03;;ENERGIZADA;;CONCLUIDA;1;6;;;6;;PLANO 7;100%;R$ 35.386,04;;21/03/2025;24/03/2025;CARLOS;SANTIAGO;SANDRO;-9,7556812;-41,8843704;;mar.-25;;;;;DA PLANILHA;E619488;E619493;JUAZEIRO;2025-03-01;1183031;Consolidado;N/A
PRIORIDADE PLANO ANEEL;9102157802;1182825;ER-CIND-POV-TATAUI-RURAL- SOBRADINHO;SOBRADINHO;;;;;RETIRADA;1;5;;;;;PLANO 7;100%;R$ 23.580,44;;;;;;SANDRO;-9,53129111;-40,8355194;GERÊNCIA COELBA REMOVEU DA GRADE;mar.-25;;;;;;;;JUAZEIRO;2025-03-01;1182825;Descartado;Status Excluído (STATUS, STATUS 1)
QLP;9102131257;1163416;ER CIND POV JUNCO SALITRE RURAL;JUAZEIRO;;;PES 31292 OC 76842;;RETIRADA;1;5;;;;;PLANO 7;100%;R$ 52.884,17;;;;;;VICTOR;;;;mar.-25;;;;;;;;JUAZEIRO;2025-03-01;1163416;Descartado;Status Excluído (STATUS, STATUS 1)
LPT;9102099917;1158859;ER-CIND-POV-RURAL-ESFOMEADO;CURAÇÁ;;;ENTREGA;26/03;CONCLUIDA;1;5;;;5;;PLANO 14;100%;R$ 29.480,87;;05/03/2025;26/03/2025;MAURICIO;EDIE JONNES;CARLOS EDUARDO;;;;mar.-25;;;;;DA PLANILHA;E619917;E619921;JUAZEIRO;2025-03-01;1158859;Consolidado;N/A
QLP;9102141835;1173393;ER-CIND-POV-S O DOMINGOS-RURAL;CURAÇÁ;;;ENTREGA;;CONCLUIDA;1;5;;;;5;PLANO 7;100%;R$ 22.376,37;;27/03/2025;27/03/2025;MAURICIO;EDIE JONNES;CARLOS EDUARDO;;;;mar.-25;;;;;DA PLANILHA;E619941;E619945;JUAZEIRO;2025-03-01;1173393;Consolidado;N/A
PRIORIDADE PLANO ANEEL;9102157797;1182944;ER-CIND-POV-ALGODAO DE CIMA 1452-AL CIMA;CASA NOVA;;;MIGRAR;;NÃO INICIADA;1;5;;;;;PLANO 7;100%;R$ 35.896,88;;01/03/2025;31/03/2025;;PAULO JUNIOR;DIEGO;;;;mar.-25;;;;;DA PLANILHA;E619966;E619970;JUAZEIRO;2025-03-01;1182944;Consolidado;N/A
PRIORIDADE PLANO ANEEL;9102136087;1165511;UB-CIND-RUA-VILA AZUL 446-VILA AZUL;CASA NOVA;;;ENERGIZADA;;CONCLUIDA;1;4;;;;;PLANO 7;100%;R$ 28.146,21;;10/03/2025;10/03/2025;;PAULO JUNIOR;DIEGO;-9.153.372.297;-409.676.876;;mar.-25;;;;;DA PLANILHA;E619635;E619638;JUAZEIRO;2025-03-01;1165511;Consolidado;N/A
PRIORIDADE PLANO ANEEL;9102131071;1158075;ER-CIND-AV-UAUA-CENTRO;UAUÁ;SACADO;OK;ENERGIZADA;;CONCLUIDA;1;4;;4;4;;PLANO 7;100%;R$ 14.010,82;;08/03/2025;08/03/2025;MAURICIO;EDIE JONNES;CARLOS EDUARDO;-9,753309758;-39,6413751;;mar.-25;;;;;DA PLANILHA;E725842;E725845;JUAZEIRO;2025-03-01;1158075;Consolidado;N/A
LPT;9101783582;1028355;ER-CIND-POV-SANTA BARBARA-RURAL;SOBRADINHO;22/03;OK;ENTREGA;;NÃO INICIADA;1;4;;;2;;PLANO 14;100%;R$ 25.946,33;;27/03/2025;28/03/2025;CARLOS;SANTIAGO;SANDRO;-9,4638721;-40,8140499;;mar.-25;;;;;DA PLANILHA;E619911;E619914;JUAZEIRO;2025-03-01;1028355;Consolidado;N/A
AL/MELHORAMENTO;9101909688;1085227;AL - 01V4 - NOVA TOURÃO - CONSTRUÇÃO;JUAZEIRO;;;ENTREGA;;EM EXECUÇÃO;0;4;;;;;PLANO 8;100%;R$ 616.794,25;R$ 154.198,56;01/03/2025;31/03/2025;IVONALDO;RODRIGUES;SANDRO;-9,4307884;-40,3956456;;fev.-25;FALSE;;FALSE;FALSE;1017645/APROVADA;E711971;E711972;JUAZEIRO;2025-03-01;1085227;Consolidado;N/A
AIC OBJETIVO;9102089651;1146682;NT-RECOND-RMN-09X1-Q076416-Q076429;PILÃO ARCADO;;;MIGRAR;;NÃO INICIADA;0;4;;;;;PLANO 8;100%;R$ 473.229,74;R$ 118.307,44;01/03/2025;31/03/2025;;PAULO JUNIOR;DEBORA;-9,9609048;-42,4062434;;fev.-25;FALSE;;FALSE;FALSE;1019014/APROVADA;E725862;E725865;JUAZEIRO;2025-03-01;1146682;Consolidado;N/A
REPUTACIONAL;9102125688;1161869;ER-CIND-FAZ-MASSAYO -RURAL;JUAZEIRO;;;ENTREGA;;NÃO INICIADA;0;4;;;;;PLANO 7;100%;R$ 362.692,55;R$ 90.673,14;01/03/2025;28/03/2025;CARLOS / PAULO;ANDERSON;VICTOR;-9,475;-40,428328;;;;;;;1020086/APROVADA;E725899;E725902;JUAZEIRO;2025-03-01;1161869;Consolidado;N/A
RECLAMAÇÃO;9102129630;1163633;ME CIND RUA CAIXA DAGUA1 CENTRO;CASA NOVA;;;ENTREGAR;29/03;NÃO INICIADA;0;4;;;;;PLANO 8;100%;R$ 113.399,53;R$ 28.349,88;01/03/2025;15/03/2025;;PAULO JUNIOR;DIEGO;-8,7732182;-41,1549792;;fev.-25;FALSE;;FALSE;FALSE;1020096/APROVADA;E725914;E725917;JUAZEIRO;2025-03-01;1163633;Consolidado;N/A
RECLAMAÇÃO;9102040265;1133629;RR-CIND-FAZ-FLORESTA ALGODAO VELHO-RR;SOBRADINHO;22/03;OK;ENTREGA;;CONCLUIDA;1;4;;;4;;PLANO 7;100%;R$ 44.411,86;R$ 11.102,97;01/03/2025;22/03/2025;FERNANDO;SANTIAGO;SANDRO;-9,4790199;-41,0293723;;fev.-25;FALSE;;FALSE;FALSE;DA PLANILHA;E620084;E620087;JUAZEIRO;2025-03-01;1133629;Consolidado;N/A
SOLICITAÇÃO ATENDIMENTO;9101977212;1115260;AC-CIND-RUA-PADRE JOAO FRE-CENTRO;PILÃO ARCADO;;;ENTREGAR;25/03;NÃO INICIADA;1;4;;;;;PLANO 7;100%;R$ 69.502,35;R$ 17.375,59;01/03/2025;25/03/2025;;PAULO JUNIOR;DIEGO;-10,000539;-42,480473;;;;;;;1016690/APROVADA;E710834;E710841;JUAZEIRO;2025-03-01;1115260;Consolidado;N/A
RECLAMAÇÃO;9102051837;1139824;RR-CIND-POV- TIGRE -RURAL;CASA NOVA;;;ENERGIZADA;;CONCLUIDA;1;3;;;;;PLANO 7;100%;R$ 36.755,22;;11/03/2025;11/03/2025;;PAULO JUNIOR;DIEGO;-9,124540464;-40,9898488;;mar.-25;;;;;DA PLANILHA;E619709;E619711;JUAZEIRO;2025-03-01;1139824;Consolidado;N/A
QLP;9102045961;1135898;ER-CIND-POV-CARNAIBA DO SERTAO-RURAL;JUAZEIRO;;;;;RETIRADA;1;3;;;;;PLANO 7;100%;R$ 13.874,74;;;;;;EDVALDO;;;;mar.-25;;;;;;;;JUAZEIRO;2025-03-01;1135898;Descartado;Status Excluído (STATUS, STATUS 1)
AL/MELHORAMENTO;9102125740;1161662;ME-COEL-RUA-TIRADENTES 1-CENTRO-C ALEGRE;CAMPO ALEGRE DE LOURDES;;;MIGRAR;;NÃO INICIADA;0;3;;;;;PLANO 8;100%;R$ 803.302,22;;14/03/2025;15/03/2025;;;DEBORA;-9,354759;-43,401637;;mar.-25;;;;;DA PLANILHA;E619864;E619866;JUAZEIRO;2025-03-01;1161662;Consolidado;N/A
GRUPO A;9102238566;1193657;RR-GRUA-FAZ-VERMELHO-RURAL;JUAZEIRO;;;CAPACITOR 29/03;;NÃO INICIADA;0;3;;;;;PLANO 8;100%;;;10/03/2025;14/03/2025;JUAREZ;EDIE JONNES;VICTOR;;;;mar.-25;;;;;DA PLANILHA;E619946;E619948;JUAZEIRO;2025-03-01;1193657;Consolidado;N/A
PRIORIDADE PLANO ANEEL;9102155833;1182129;ER-CCOL-POV-RIACHO D SOBRADO-RURAL;CASA NOVA;;;MIGRAR;;NÃO INICIADA;3;3;;;;;PLANO 7;100%;R$ 16.429,42;;01/03/2025;29/03/2025;;PAULO JUNIOR;DIEGO;;;;mar.-25;;;;;DA PLANILHA;E619958;E619960;JUAZEIRO;2025-03-01;1182129;Consolidado;N/A
DIA C;9102135946;1164443;ER-CCOL-RUA-GUTEMBERG FERRAZ-RURAL;SOBRADINHO;11/03;ok;PES 37102 OC 77298;31/03;CONCLUIDA;1;3;;3;;2;PLANO 7;100%;R$ 38.322,04;;14/03/2025;14/03/2025;FERNANDO;SANTIAGO;SANDRO;-9,454806;-40,827582;;mar.-25;;;;;DA PLANILHA;E619963;E619965;JUAZEIRO;2025-03-01;1164443;Consolidado;N/A
PRIORIDADE PLANO ANEEL;9102158911;1183616;UB-CIND-RUA- PROJETADA 21-M DA AREIA;JUAZEIRO;;;;;RETIRADA;0;3;;;;;PLANO 7;100%;R$ 17.036,78;;;;;;EDVALDO;;;;mar.-25;;;;;;;;JUAZEIRO;2025-03-01;1183616;Descartado;Status Excluído (STATUS, STATUS 1)
MELHORIA;9102159911;1175928;IE - CJ DE MEDI  O - D005912;JUAZEIRO;;;ENERGIZADA;;CONCLUIDA;1;3;;;;;;100%;R$ 207.307,57;R$ 62.192,27;01/03/2025;05/03/2025;GISMARIO;ANDERSON;VICTOR COSTA;-9,356053936;-40,4164879;;;;;;;DA PLANILHA;E688663;E688665;JUAZEIRO;2025-03-01;1175928;Consolidado;N/A
AL/MELHORAMENTO;9101915089;1088191;AL - 01V8 - NOVA TOUR O - CONSTRU  O;JUAZEIRO;;;ENTREGA;;EM EXECUÇÃO;0;3;;;;;PLANO 1;100%;R$ 224.034,66;R$ 56.008,67;01/03/2025;31/03/2025;IVONALDO;RODRIGUES;SANDRO;-9,436886049;-40,38081355;;;;;;;DA PLANILHA;E620080;E620082;JUAZEIRO;2025-03-01;1088191;Consolidado;N/A
QLP;9102107113;1157820;UB-CIND-RUA-21 DE ABRIL-CAMPO ALEGRE;CAMPO ALEGRE DE LOURDES;;;MIGRAR;27/03;NÃO INICIADA;1;2;;;;;PLANO 7;100%;R$ 48.467,63;;19/03/2025;19/03/2025;;;DEBORA;-9,516961181;-43,0084584;;mar.-25;;;;;DA PLANILHA;E619884;E619885;JUAZEIRO;2025-03-01;1157820;Consolidado;N/A
QLP;9102126239;1161975;ER CIND SITIO NOVO RURAL;UAUÁ;11/03;OK;ENTREGA;19/03;CONCLUIDA;1;2;;;;2;PLANO 7;100%;R$ 32.184,30;;19/03/2025;19/03/2025;MAURICIO;EDIE JONNES;CARLOS EDUARDO;-10,0710066;-39,5645079;;mar.-25;;;;;DA PLANILHA;E619915;E619916;JUAZEIRO;2025-03-01;1161975;Consolidado;N/A
QLP;9102125755;1162925;ER-CIND-POV-PINHOES-RURAL;JUAZEIRO;;;TURMA REALOCADA PARA AL DE TOURÃO;;RETIRADA;2;2;;;;;PLANO 7;100%;R$ 26.412,06;;;;;;CARLOS EDUARDO;;;;mar.-25;;;;;;;;JUAZEIRO;2025-03-01;1162925;Descartado;Status Excluído (STATUS, STATUS 1)
QLP;9102134938;1171528;ER-CIND-SI-FERNANDO BENEVIDES 8-RURAL;CASA NOVA;;;ENERGIZADA;;CONCLUIDA;2;2;;;;;PLANO 7;100%;R$ 14.698,40;;16/03/2025;16/03/2025;;PAULO JUNIOR;DIEGO;-9,158855;-41,015926;;mar.-25;;;;;DA PLANILHA;E619927;E619928;JUAZEIRO;2025-03-01;1171528;Consolidado;N/A
PRIORIDADE PLANO ANEEL;9102157193;1180209;ER-CIND-POV-CURRAL VELHO-RURAL;CURAÇÁ;;;PES 35663 - OC 70342 - 28/03;;CONCLUIDA;1;2;;;;2;PLANO 7;100%;R$ 14.696,52;;21/03/2025;21/03/2025;MAURICIO;EDIE JONNES;CARLOS EDUARDO;;;;mar.-25;;;;;DA PLANILHA;E619949;E619950;JUAZEIRO;2025-03-01;1180209;Consolidado;N/A
QLP;9102097307;1156234;ER-CIND-POV-TATAUI 3-RURAL;SOBRADINHO;22/03;OK;ENTREGA;;CONCLUIDA;2;2;;;2;;PLANO 7;100%;R$ 18.305,76;;24/03/2025;24/03/2025;FERNANDO;SANTIAGO;SANDRO;-9,5381138;-40,8321472;;mar.-25;;;;;DA PLANILHA;E619971;E619972;JUAZEIRO;2025-03-01;1156234;Consolidado;N/A
EQUIPAMENTO;9102089653;1148050;IE-REGULADOR SE:CNN ALIM:01C3-RURAL;CASA NOVA;;;MIGRAR;;NÃO INICIADA;0;2;;;;;PLANO 8;100%;R$ 336.662,56;R$ 84.165,64;01/03/2025;31/03/2025;;PAULO JUNIOR;DIEGO;;;;fev.-27;FALSE;;FALSE;FALSE;1019875/APROVADA;E725809;E755810;JUAZEIRO;2025-03-01;1148050;Consolidado;N/A
AL/MELHORAMENTO;9101909685;1085103;AL - 01V2 - SE NOVA TOURÃO - EQUIP. Q008;JUAZEIRO;;;ENTREGA;;NÃO INICIADA;0;2;;;;;PLANO 1;100%;R$ 75.636,00;;11/03/2025;28/03/2025;IVONALDO;RODRIGUES;SANDRO;;;;mar.-25;;;;;DA PLANILHA;E619907;E619908;JUAZEIRO;2025-03-01;1085103;Consolidado;N/A
AL/MELHORAMENTO;9101909687;1085220;AL - 01V3 - SE NOVA TOURÃO-EQUIP-Q008200;JUAZEIRO;;;ENTREGA;;EM EXECUÇÃO;0;2;;;;;PLANO 1;100%;R$ 90.897,71;;11/03/2025;28/03/2025;IVONALDO;RODRIGUES;SANDRO;;;;mar.-25;;;;;DA PLANILHA;E619909;E619910;JUAZEIRO;2025-03-01;1085220;Consolidado;N/A
AIC OBJETIVO;9102089657;1146819;NT-RECOND-MND-01N3-Q028290 -Q028297;CASA NOVA;;;MIGRAR;;NÃO INICIADA;0;2;;;;;PLANO 8;100%;R$ 221.908,41;R$ 55.477,10;01/03/2025;31/03/2025;;PAULO JUNIOR;DIEGO;-9,3531261;-40,8462015;;fev.-25;FALSE;;FALSE;FALSE;1019155/APROVADA;E752880;E755881;JUAZEIRO;2025-03-01;1146819;Consolidado;N/A
GOVERNO;9102157612;1172946;IE-REGULADOR-RMN-09X1-Q076477;PILÃO ARCADO;;;MIGRAR;;NÃO INICIADA;0;2;;;;;PLANO 8;100%;R$ 189.769,75;R$ 47.442,44;01/03/2025;31/03/2025;;PAULO JUNIOR;DIEGO;-9,9975706;-42,4459334;;fev.-26;FALSE;;FALSE;FALSE;1020107/APROVADA;E725932;E725933;JUAZEIRO;2025-03-01;1172946;Consolidado;N/A
QLP;9102098830;1156043;ER-CIND-POV- LOGO VEM 1226-LOGO VEM;CASA NOVA;;;ENERGIZADA;;CONCLUIDA;1;1;;;;;PLANO 7;100%;R$ 17.496,10;;12/03/2025;13/03/2025;;PAULO JUNIOR;DIEGO;-9,1226207;-40,916031;;mar.-25;;;;;DA PLANILHA;E619754;E619754;JUAZEIRO;2025-03-01;1156043;Consolidado;N/A
QLP;9102146132;1171777;ER - CIND POV PONTAL 22 -RURAL;JUAZEIRO;;;;;RETIRADA;1;1;;;;;PLANO 7;100%;R$ 5.022,75;;;;;;CARLOS EDUARDO;;;;mar.-25;;;;;;;;JUAZEIRO;2025-03-01;1171777;Descartado;Status Excluído (STATUS, STATUS 1)
REPUTACIONAL;9102147611;1171680;UB - CIND RUA MARIA AURORA 58 - URBANO;JUAZEIRO;;;ENTREGA;;CONCLUIDA;0;1;;;;;PLANO 7;100%;R$ 7.133,75;;;22/03/2025;;;VICTOR;;;;mar.-25;;;;;;;;JUAZEIRO;2025-03-01;1171680;Consolidado;N/A
QLP;9102114048;1158653;UB-CIND-RUA-QD M 3-A-S O FRANCISCO;CASA NOVA;;;ENERGIZADA;;CONCLUIDA;1;1;;;;;PLANO 7;100%;R$ 28.673,93;;12/03/2025;12/03/2025;;PAULO JUNIOR;DIEGO;-9,155140;-40,962106;;mar.-25;;;;;DA PLANILHA;E619886;E619886;JUAZEIRO;2025-03-01;1158653;Consolidado;N/A
QLP;9102103367;1157956;ER-CIND-POV-MORCEGO-AGROVALE;JUAZEIRO;;;TURMA REALOCADA PARA AL DE TOURÃO;;RETIRADA;0;1;;;;;PLANO 7;100%;R$ 22.412,74;;;;;;VICTOR;;;;mar.-25;;;;;;;;JUAZEIRO;2025-03-01;1157956;Descartado;Status Excluído (STATUS, STATUS 1)
QLP;9102126554;1160765;ER-CIND-POV-VOLTA DE BAIXO-GENIPAPINHO;CAMPO ALEGRE DE LOURDES;;;MIGRAR;;NÃO INICIADA;1;1;;;;;PLANO 7;100%;R$ 12.311,42;;20/03/2025;20/03/2025;;;DEBORA;-9,635209248;-42,9970517;;mar.-25;;;;;DA PLANILHA;E619922;E619922;JUAZEIRO;2025-03-01;1160765;Consolidado;N/A
RECLAMAÇÃO;9102067805;1144563;RC-CIND-RUA-ALTO DO CONSELHEIRO-CENTRO;UAUÁ;11/03;OK;ENERGIZADA;20/03;CONCLUIDA;0;1;;;1;;PLANO 8;100%;R$ 4.004,37;;20/03/2025;20/03/2025;MAURICIO;EDIE JONNES;CARLOS EDUARDO;-9,84292565;-39,4890833;;mar.-25;;;;;DA PLANILHA;E619923;E619923;JUAZEIRO;2025-03-01;1144563;Consolidado;N/A
EQUIPAMENTO;9102136937;1170528;IE-RELIGADOR-SBC-09S1-G45489;CASA NOVA;;;MIGRAR;;NÃO INICIADA;0;1;;;;;PLANO 8;100%;R$ 124.894,00;;01/03/2025;31/03/2025;;PAULO JUNIOR;DIEGO;-9,15514;-40,916031;;mar.-25;;;;;DA PLANILHA;E619924;E619924;JUAZEIRO;2025-03-01;1170528;Consolidado;N/A
EQUIPAMENTO;9102136954;1170871;IE-RELIGADOR-CSN-01C3-J06102;CASA NOVA;;;MIGRAR;;NÃO INICIADA;0;1;;;;;PLANO 8;100%;R$ 102.337,61;;01/03/2025;31/03/2025;;PAULO JUNIOR;DIEGO;-9,206043;-41,008986;;mar.-25;;;;;DA PLANILHA;E619925;E619925;JUAZEIRO;2025-03-01;1170871;Consolidado;N/A
EQUIPAMENTO;9102140367;1171264;IE-RELIGADOR-CSN-01C5-J05899;REMANSO;;;MIGRAR;;NÃO INICIADA;0;1;;;;;PLANO 8;100%;R$ 97.309,03;;01/03/2025;31/03/2025;;;DEBORA;-9,22023;-40,870501;;mar.-25;;;;;DA PLANILHA;E619926;E619926;JUAZEIRO;2025-03-01;1171264;Consolidado;N/A
PRIORIDADE PLANO ANEEL;9102159864;1180504;ER-CIND-RUA-SANTA INES-MATA BURRO;JUAZEIRO;;;;;RETIRADA;4;1;;;;;PLANO 7;100%;R$ 6.287,31;;;;;;VICTOR;;;;mar.-25;;;;;;;;JUAZEIRO;2025-03-01;1180504;Descartado;Status Excluído (STATUS, STATUS 1)
PRIORIDADE PLANO ANEEL;9102157259;1181926;UB-CIND-RUA-ALTO LINDO-CENTRO;JUAZEIRO;;;;;RETIRADA;2;1;;;;;PLANO 7;100%;R$ 6.132,08;;;;;;VICTOR;;;;mar.-25;;;;;;;;JUAZEIRO;2025-03-01;1181926;Descartado;Status Excluído (STATUS, STATUS 1)
PRIORIDADE PLANO ANEEL;9102164042;1182461;UB-CIND-ROD-235 KM 01 23-CENTRO;REMANSO;;;ENTREGAR;;NÃO INICIADA;3;1;;;;;PLANO 7;100%;R$ 33.926,10;;01/03/2025;29/03/2025;;;DEBORA;;;;mar.-25;;;;;DA PLANILHA;E619961;E619961;JUAZEIRO;2025-03-01;1182461;Consolidado;N/A
PRIORIDADE PLANO ANEEL;9102163554;1182582;ER-CIND-SI ASSENT SAO JOSE-RURAL;CASA NOVA;;;ENERGIZADA;;CONCLUIDA;1;1;;;;;PLANO 7;100%;R$ 4.265,79;;24/03/2025;24/03/2025;;PAULO JUNIOR;DIEGO;;;;mar.-25;;;;;DA PLANILHA;E619962;E619962;JUAZEIRO;2025-03-01;1182582;Consolidado;N/A
PRIORIDADE PLANO ANEEL;9102153932;1182613;AC-CIND-FAZ-RIO SALITRE-RURAL;JUAZEIRO;;;;;RETIRADA;1;1;;;;;PLANO 7;100%;R$ 24.931,23;;;;;;VICTOR;;;;mar.-25;;;;;;;;JUAZEIRO;2025-03-01;1182613;Descartado;Status Excluído (STATUS, STATUS 1)
PRIORIDADE PLANO ANEEL;9102156418;1183735;ER-CIND-POV-JUREMAL 1026-RURAL;JUAZEIRO;;;;;RETIRADA;1;1;;;;;PLANO 7;100%;R$ 6.723,11;;;;;;EDVALDO;;;;mar.-25;;;;;;;;JUAZEIRO;2025-03-01;1183735;Descartado;Status Excluído (STATUS, STATUS 1)
REPUTACIONAL;9102132629;1161619;ER-CIND-FAZ-MASSAYO-RURAL;JUAZEIRO;;;ENTREGA;;NÃO INICIADA;1;1;;;;;PLANO 7;100%;R$ 91.201,34;R$ 22.800,34;01/03/2025;28/03/2025;;ANDERSON;VICTOR;-9,372143;-40,349066;;;;;;;1020103/APROVADA;E725929;E725929;JUAZEIRO;2025-03-01;1161619;Consolidado;N/A
AL/MELHORAMENTO;9102006140;1157282;AL 06-NOVA TOUR O - CONSTRU  O 1 3;JUAZEIRO;;;PES 37074 OC 533;01/04;NÃO INICIADA;0;1;;;;;PLANO 1;100%;R$ 15.075,30;R$ 3.768,83;01/03/2025;31/03/2025;IVONALDO;RODRIGUES;SANDRO;-9,436886049;-40,38081355;;;;;;;DA PLANILHA;E620083;E620083;JUAZEIRO;2025-03-01;1157282;Consolidado;N/A
;9102146389;1177220;ER-CCOL-POV-BREJO FORA-BREJO FORA;SOBRADINHO;22/03;OK;ENTREGA;;ESCAVAÇÃO;1;1;;;1;;;100%;;;27/03/2025;29/03/20225;FERNANDO;SANTIAGO;;-9.533.277;-41.045.161;;;FALSE;;FALSE;FALSE;DA PLANILHA;E620088;E620088;JUAZEIRO;2025-03-01;1177220;Consolidado;N/A
QLP;9102089916;1151587;ER-CIND-POV-MANICOBA 29-RURAL;JUAZEIRO;;;;;RETIRADA;1;0;;;;;PLANO 7;100%;R$ 5.026,97;;;;;;VICTOR;;;;mar.-25;;;;;;;;JUAZEIRO;2025-03-01;1151587;Descartado;Status Excluído (STATUS, STATUS 1)
QLP;9102098277;1159829;ER-CIND-FAZ-PE DE MORRO-RURAL;JUAZEIRO;;;;;RETIRADA;2;0;;;;;PLANO 7;100%;R$ 29.249,57;;;;;;VICTOR;;;;mar.-25;;;;;;;;JUAZEIRO;2025-03-01;1159829;Descartado;Status Excluído (STATUS, STATUS 1)
QLP;9102142158;1170155;ER-CIND-POV-LADEIRA GRANDE-RURAL;CASA NOVA;;;ENERGIZADA;;CONCLUIDA;1;0;;;;;PLANO 7;100%;R$ 14.887,10;;16/03/2025;16/03/2025;;PAULO JUNIOR;DIEGO;-9,367907548;-41,4836263;;mar.-25;;;;;0 POSTE;;;JUAZEIRO;2025-03-01;1170155;Consolidado;N/A
SOLICITAÇÃO ATENDIMENTO;9102154178;1182418;UB-CIND-CJN-QD A 1-VILA ISABEL;CASA NOVA;;;PES 36829 OC 77157;31/03;CONCLUIDA;1;0;;;;;PLANO 7;100%;R$ 16.369,50;;29/03/2025;29/03/2025;;PAULO JUNIOR;DIEGO;-9,182235;-40,977159;;mar.-25;;;;;0 POSTE;;;JUAZEIRO;2025-03-01;1182418;Consolidado;N/A
PRIORIDADE PLANO ANEEL;9102166517;1183167;UB-CIND-CA-7 9995-JO O PAULO II;JUAZEIRO;;;;;RETIRADA;1;0;;;;;PLANO 7;100%;R$ 6.393,82;;;;;;EDVALDO;;;;mar.-25;;;;;;;;JUAZEIRO;2025-03-01;1183167;Descartado;Status Excluído (STATUS, STATUS 1)
PRIORIDADE PLANO ANEEL;9102169053;1184513;ER-CIND-POV-MANGUEIRA II-MANGUEIRAS;CASA NOVA;;;ENERGIZADA;;CONCLUIDA;1;0;;;;;PLANO 7;100%;R$ 11.503,88;;25/03/2025;25/03/2025;;PAULO JUNIOR;DIEGO;-8,995543;-40,973823;;mar.-25;;;;;0 POSTE;;;JUAZEIRO;2025-03-01;1184513;Consolidado;N/A
PRIORIDADE PLANO ANEEL;9102157989;1185126;AC-CIND-SI-BARREIRINHO-RURAL-CASA NOVA;CASA NOVA;;;MIGRAR;;NÃO INICIADA;1;0;;;;;PLANO 7;100%;R$ 23.282,58;;01/03/2025;31/03/2025;;PAULO JUNIOR;DIEGO;;;;mar.-25;;;;;0 POSTE;;;JUAZEIRO;2025-03-01;1185126;Consolidado;N/A
QLP;9102096422;1157169;AC-CIND-RUA-BLOCO E-VILA SANTANA;SOBRADINHO;SEPARADO;OK;ENERGIZADA;14/03;CONCLUIDA;1;0;;;;1;PLANO 7;100%;R$ 48.070,15;R$ 12.017,54;14/03/2025;15/03/2025;CARLOS;SANTIAGO;SANDRO;-9,4539071;-40,8271665;;fev.-25;FALSE;;FALSE;FALSE;DA PLANILHA;E619980;E619982;JUAZEIRO;2025-03-01;1157169;Consolidado;N/A
AL/MELHORAMENTO;9102006139;1157379;RS-COEL-SAIDA AL NOVA TOURAO;JUAZEIRO;;;ENTREGA;;EM EXECUÇÃO;0;0;;;;;PLANO 1;100%;R$ 1.374.462,12;R$ 343.615,53;01/03/2025;31/03/2025;IVONALDO;RODRIGUES;SANDRO;-9,436886049;-40,38081355;;fev.-25;FALSE;;FALSE;FALSE;0 POSTE;;;JUAZEIRO;2025-03-01;1157379;Consolidado;N/A
JUDICIAL;9102095200;1151835;AC-CIND-POV-ITAPICURU-RURAL;SENTO SÉ;;;AVANÇO;;EM EXECUÇÃO;1;0;;;;;PLANO 7;50%;R$ 112.962,82;R$ 28.240,71;01/03/2025;28/03/2025;CARLOS/FERNANDO;SANTIAGO;SANDRO;-10,548659;-41,84232;;;;;;;0 POSTE;;;JUAZEIRO;2025-03-01;1151835;Consolidado;N/A
