CRITÉRIO;NOTA;PROJETO;TITULO;MUNICIPIO;SEPARAR MATERIAL;PRE FECHAMENTO;STATUS;STATUS 1;DATA DESLIG;STATUS 1.1;DATA DE ENERG.;CLIET.;PSTP;PST REALZ;PST EXEC;CAVA PRONTA;CAVA P/ DETON;PLANO;AVANÇO;V. PROJETO;VALOR 25%;VALOR/PST;PV. INÍCIO;PV. FIM;ENCARREGADO;SUPERVISOR;AR;LATITUDE;LONGITUDE;OBS;CARTEIRA;OBRAS SIMPLIFICADAS;TECNICO FECHAMENTO;VISITA PRÉVIA;PRÉ FECHAMENTO;SI PG;PG INICIAL;PG FINAL;COORD;Carteira;STATUS_AUDITORIA;MOTIVO_DESCARTE
NOVOS QUESTIONAMENTOS ANEEL;9101575275;1040604;MP-CCOL-POV DESENGANO-RURAL;SENTO SÉ;;EMERSON;MIGRADA;;;CONCLUIDA;;32;278;;278;;;PLANO 14;20%;R$ 2.756.104,87;;;01/04/2025;19/04/2025;EMERSON;EMERSON;SANDRO;-9,7533815;-41,8857659;;fev.-25;FALSE;;FALSE;FALSE;1019161/APROVADA;E724391;E724668;JUAZEIRO;01/04/2025;Consolidado;N/A
ESTRATÉGICA;9101893156;1084183;RR-CCOL-RCL-POV-DE LAJES-LAJES;JUAZEIRO;SACADO;;MIGRADA;;;CONCLUIDA;;87;60;;60;;;PLANO 7;100%;R$ 274.737,62;R$ 68.684,41;;;02/04/2025;PAULO;SANTIAGO;VICTOR;-9,4790867;-40,5060819;;fev.-25;TRUE;;FALSE;FALSE;1019173/APROVADA;E724694;E724750;JUAZEIRO;01/04/2025;Consolidado;N/A
AL/MELHORAMENTO;9101909684;1085090;AL-01V2-NOVA TOURÃO-CONSTRUÇÃO (ITEM 2);JUAZEIRO;;;PES 38272 / OC 6336 - 03/04;;13/03 - 19/03;CONCLUIDA;;0;51;;51;;;PLANO 8;100%;R$ 717.378,39;R$ 179.344,60;;01/04/2025;20/04/2025;IVONALDO;RODRIGUES;SANDRO;-9,436886049;-40,38081355;;fev.-25;FALSE;;FALSE;FALSE;DA PLANILHA ;E619983;E620023;JUAZEIRO;01/04/2025;Consolidado;N/A
AIC OBJETIVO;9101649848;1032702;MP CIND POV TOME RURAL;JUAZEIRO;04/04;OK;abril-25;;;CONCLUIDA;;2;32;;28;;;;100%;R$ 440.383,01;R$ 110.095,75;R$ 67.200,00;05/04/2025;19/04/2025;GISMARIO;EDIE JONNES;;-9,4410603;-40,285742;;;;;;;DA PLANILHA ;E750042;E750075;JUAZEIRO;01/04/2025;Consolidado;N/A
JUDICIAL OURO;9102072295;1146501;LD - CIND RUA BOA SORTE - RURAL;REMANSO;;OK;PENDENTE CABO 1x25;;;CONCLUIDA;;9;30;;4;;;;100%;R$ 196.015,59;R$ 49.003,90;R$ 63.000,00;08/04/2025;12/04/2025;DOMINGOS / AILTON;PAULO JUNIOR;DEBORA;-9,6723986;-42,1921106;;;;;;;DA PLANILHA ;E750478;E750507;JUAZEIRO;01/04/2025;Consolidado;N/A
AL/MELHORAMENTO;9101915080;1088197;AL - 01V5 - NOVA TOUR O - CONSTRU  O;JUAZEIRO;;;PES 38276 / OC 7332 - 03/04;;;CONCLUIDA;;0;27;;27;;;PLANO 1;100%;R$ 321.516,58;R$ 80.379,15;;01/04/2025;21/04/2025;IVONALDO;RODRIGUES;SANDRO;-9,436886049;-40,38081355;;;;;;;DA PLANILHA ;E620024;E620050;JUAZEIRO;01/04/2025;Consolidado;N/A
AIC OBJETIVO;9101744304;1015836;ER-CCOL-SI-JUAZEIRO-PINHOES;JUAZEIRO;04/04;OK;PENDENTE CABO 1x25;;;CONCLUIDA;;5;25;;25;;;;100%;R$ 220.850,04;R$ 55.212,51;R$ 52.500,00;01/04/2025;12/04/2025;JUAREZ;EDIE JONNES;;-9,5726189;-39,9000523;;;;;;;DA PLANILHA ;E749877/E750169;E749896/E750173;JUAZEIRO;01/04/2025;Consolidado;N/A
AIC OBJETIVO;9101858658;1083865;MP-CIND-FAZ. RODEADOURO-RURAL;UAUÁ;;OK;abril-25;;;CONCLUIDA;;6;14;;14;;;;100%;R$ 147.918,91;R$ 36.979,73;R$ 29.400,00;12/04/2025;25/04/2025;MAURICIO;EDIE JONNES;;-9,8445915;-39,50630863;;;;;;;DA PLANILHA ;E749861;E749874;JUAZEIRO;01/04/2025;Consolidado;N/A
JUDICIAL OURO;9101726710;1054419;MP-CIND-POV. SANTANA-RURAL;UAUÁ;;OK;ENERGIZA 11/04;;;CONCLUIDA;;1;13;;13;;;;100%;R$ 167.451,27;R$ 41.862,82;R$ 27.300,00;04/04/2025;12/04/2025;MAURICIO;EDIE JONNES;;-9,8645634;-39,6571608;;;;;;;DA PLANILHA ;E749824;E749836;JUAZEIRO;01/04/2025;Consolidado;N/A
AIC OBJETIVO;9102126768;1161990;LD-CCOL-FAZ.SÃO BENTO-RURAL;UAUÁ;;OK;abril-25;;;CONCLUIDA;;2;13;;13;;;;100%;R$ 101.480,32;R$ 25.370,08;R$ 27.300,00;14/04/2025;17/04/2025;MAURICIO;EDIE JONNES;EDVALDO;-9,84933752;-39,4703284;;;;;;;da PLANILHA ;E749897;E749909;JUAZEIRO;01/04/2025;Consolidado;N/A
AIC OBJETIVO;9101066125;814100;LD-CIND-ET SERRA DA BATATEIRA-RURAL;JUAZEIRO;;OK;abril-25;;;CONCLUIDA;;8;11;;11;;;;100%;R$ 102.926,64;R$ 25.731,66;R$ 23.100,00;09/04/2025;28/04/2025;PEPEU;ANDERSON;;-9,5114581;-40,505111;;;;;;;DA PLANILHA ;E750149;E750159;JUAZEIRO;01/04/2025;Consolidado;N/A
AL/MELHORAMENTO;9101909686;1085374;AL-01V3-NOVA TOURÃO-CONSTRUÇÃO ITEM 1, 2;JUAZEIRO;SACADO;;PES 37430 / OC 1529 - 01/04;;;CONCLUIDA;;0;10;;10;;;PLANO 8;100%;R$ 491.175,01;R$ 122.793,75;;;;IVONALDO;RODRIGUES;SANDRO;-9,436886049;-40,38081355;;fev.-25;FALSE;;FALSE;FALSE;DA PLANILHA ;E620070;E620079;JUAZEIRO;01/04/2025;Consolidado;N/A
JUDICIAL OURO;9101769040;1021872;ER-CIND-POV-CALDEIRAO GRANDE-CURRAL NOVO;JUAZEIRO;;OK;abril-25;;;CONCLUIDA;;1;9;;9;;;;100%;R$ 34.445,62;R$ 8.611,41;R$ 18.900,00;14/04/2025;22/04/2025;GISMARIO;EDIE JONNES;;-9,8253289;-40,192637;;;;;;;da PLANILHA ;E750160;E750168;JUAZEIRO;01/04/2025;Consolidado;N/A
RECLAMAÇÃO;9101978067;1113335;MP-CIND-FAZ-BANGUE 1250-RURAL;CURAÇÁ;;OK;abril-25;;;CONCLUIDA;;1;8;;8;;;;100%;R$ 64.859,04;R$ 16.214,76;R$ 16.800,00;12/04/2025;16/04/2025;FERNANDO;SANTIAGO;;-9,2682018;-39,8037415;;;;;;;DA PLANILHA ;E750019;E750026;JUAZEIRO;01/04/2025;Consolidado;N/A
QLP;9102126489;1165825;ER-CIND-POV-CURUNDUNDUN-RURAL;UAUÁ;;OK;abril-25;;;CONCLUIDA;;1;7;;7;;;;100%;R$ 55.021,09;R$ 13.755,27;R$ 14.700,00;28/04/2025;30/04/2025;MAURICIO;EDIE JONNES;;-9,718006;-39,276716;;;;;;;DA PLANILHA ;E749910;E749916;JUAZEIRO;01/04/2025;Consolidado;N/A
AL/MELHORAMENTO;9102006139;1157379;RS-COEL-SAIDA AL NOVA TOURAO;JUAZEIRO;SACADO;OK;;MIGRAR;;EM EXECUÇÃO;;0;0;;;;;PLANO 1;100%;R$ 1.374.462,12;;;04/04/2025;20/04/2025;IVONALDO;RODRIGUES;SANDRO;-9,436886049;-40,38081355;;fev.-25;FALSE;;FALSE;FALSE;0 POSTE;;;JUAZEIRO;01/04/2025;Consolidado;N/A
AL/MELHORAMENTO;9101909687;1085220;AL - 01V3 - SE NOVA TOURÃO-EQUIP-Q008200;JUAZEIRO;SACADO;OK;;MIGRAR;;EM EXECUÇÃO;;0;2;;;;;PLANO 1;100%;R$ 90.897,71;;;03/04/2025;20/04/2025;IVONALDO;RODRIGUES;SANDRO;-9,4335364;-40,3828412;;mar.-25;;;;;DA PLANILHA;E619909;E619910;JUAZEIRO;01/04/2025;Consolidado;N/A
AL/MELHORAMENTO;9101915089;1088191;AL - 01V8 - NOVA TOUR O - CONSTRU  O;JUAZEIRO;SACADO;OK;;MIGRAR;;EM EXECUÇÃO;;0;3;;;;;PLANO 1;100%;R$ 224.034,66;;;02/04/2025;20/04/2025;IVONALDO;RODRIGUES;SANDRO;-9,436886049;-40,38081355;;;;;;;DA PLANILHA ;E620080;E620082;JUAZEIRO;01/04/2025;Consolidado;N/A
JUDICIAL;9102095200;1151835;AC-CIND-POV-ITAPICURU-RURAL;SENTO SÉ;;OK;;MIGRAR;;EM EXECUÇÃO;;1;3;;;;;;100%;R$ 112.962,82;R$ 28.240,71;R$ 6.300,00;14/05/2025;15/05/2025;CARLOS;SANTIAGO;SANDRO;-10,548659;-41,84232;;;;;;;DA PLANILHA ;E750016;E750018;JUAZEIRO;01/04/2025;Consolidado;N/A
AIC OBJETIVO;9101899666;1077391;LD-CIND-POV LAGOA DOS BOIS-LAGOA DOS BO;JUAZEIRO;;OK;abril-25;;;CONCLUIDA;;2;5;;5;;;;100%;R$ 50.561,40;R$ 12.640,35;;12/04/2025;28/04/2025;JUAREZ;EDIE JONNES;;-9,49175927;-40,2001457;;;;;;;DA PLANILHA;E750668;E750672;JUAZEIRO;01/04/2025;Consolidado;N/A
LPT;9101924775;1093845;LD-CIND-POV LIMOEIRO-RURAL;SENTO SÉ;;OK;;MIGRAR;;ESCAVAÇÃO;;1;12;;;;;PLANO 14;100%;R$ 167.046,83;;R$ 25.200,00;22/05/2025;26/05/2025;CARLOS;SANTIAGO;SANDRO;-10,073223;-41,370786;;mar.-25;;;;;DA PLANILHA;E619929;E619940;JUAZEIRO;01/04/2025;Consolidado;N/A
TRANSGRESSÃO;9102109004;1157325;RR-CIND-POV-SANTANA SOBRADO-RR-CASA NOVA;CASA NOVA;;OK;abril-25;;;CONCLUIDA;;1;5;;5;;;;100%;R$ 39.143,31;R$ 9.785,83;R$ 10.500,00;16/04/2025;16/04/2025;AILTON;PAULO JUNIOR;DIEGO;-9,296343;-40,834028;;;;;;;DA PLANILHA;E750226;E750230;JUAZEIRO;01/04/2025;Consolidado;N/A
SOLICITAÇÃO ATENDIMENTO;9101190009;875302;MP-CCOL-POV.LAGOA DOS BOIS-RURAL;JUAZEIRO;;OK;;MIGRAR;;ESCAVAÇÃO;;2;37;;;;;PLANO 14;100%;R$ 394.092,32;R$ 98.523,08;R$ 77.700,00;12/04/2025;02/05/2025;JUAREZ;EDIE JONNES;VICTOR;-9,42475819;-40,242379;;mar.-25;;;;;DA PLANILHA ;E619663;E619699;JUAZEIRO;01/04/2025;Consolidado;N/A
NOVOS QUESTIONAMENTOS ANEEL;9102025347;1126041;IT CIND FAZ CURAÇA PEQUENO RURAL;JUAZEIRO;SACADO;OK;;MIGRAR;;ESCAVAÇÃO;;0;108;;82;;;PLANO 7;100%;R$ 1.565.846,66;R$ 200.000,00;R$ 0,00;15/03/2024;31/05/2025;FERNANDO/FABIO;SANTIAGO;CARLOS EDUARDO;-9,1258481;-40,0323912;;mar.-25;;;;;DA PLANILHA;E619540;E619634;JUAZEIRO;01/04/2025;Consolidado;N/A
QLP;9102125866;1165100;ER-CIND-POV-BAIXAO 2852-RURAL-CASA NOVA;CASA NOVA;;OK;;;;NÃO INICIADA;;1;2;;;;;;100%;R$ 14.285,89;R$ 3.571,47;R$ 4.200,00;11/04/2025;11/04/2025;AILTON;PAULO JUNIOR;DIEGO;-9,325327756;-41,0751019;;;;;;;DA PLANILHA;E750231;E750232;JUAZEIRO;01/04/2025;Consolidado;N/A
PRIORIDADE PLANO ANEEL;9102157797;1182944;ER-CIND-POV-ALGODAO DE CIMA 1452-AL CIMA;CASA NOVA;;OK;MIGRADA;;;CONCLUIDA;;1;5;;5;;;PLANO 7;100%;R$ 35.896,88;R$ 8.974,22;R$ 10.500,00;28/04/2025;29/04/2025;AILTON;PAULO JUNIOR;DIEGO;-9,200843;-41,226521;;mar.-25;;;;;DA PLANILHA ;E619966;E619970;JUAZEIRO;01/04/2025;Consolidado;N/A
QLP;9102130886;1165605;AC-CIND-LOT-PEDRO RAIMUND-MALHAD DA AREI;JUAZEIRO;;OK;abril-25;;;CONCLUIDA;;1;5;;5;;;;100%;R$ 59.184,78;R$ 14.796,20;R$ 10.500,00;28/04/2025;29/04/2025;PAULO;SANTIAGO;;-9,4515829;-40,507978;;;;;;;DA PLANILHA;E750182;E750186;JUAZEIRO;01/04/2025;Consolidado;N/A
AL/MELHORAMENTO;9101909688;1085227;AL - 01V4 - NOVA TOURÃO - CONSTRUÇÃO;JUAZEIRO;SACADO;;PES 38257 / OC 7264 - 03/04;;;CONCLUIDA;;0;4;;4;;;PLANO 8;100%;R$ 616.794,25;R$ 154.198,56;;01/04/2025;20/04/2025;IVONALDO;RODRIGUES;SANDRO;-9,4307884;-40,3956456;;fev.-25;FALSE;;FALSE;FALSE;1017645/APROVADA;E711971;E711972;JUAZEIRO;01/04/2025;Consolidado;N/A
LPT;9101783582;1028355;ER-CIND-POV-SANTA BARBARA-RURAL;SOBRADINHO;;;MIGRADA;;;CONCLUIDA;;1;4;;4;;;PLANO 14;100%;R$ 25.946,33;R$ 6.486,58;;;;CARLOS;SANTIAGO;SANDRO;-9,4638721;-40,8140499;;mar.-25;;;;;DA PLANILHA;E619911;E619914;JUAZEIRO;01/04/2025;Consolidado;N/A
QLP;9102139593;1166997;UB-CIND-SI BELO JARDIM-ITAMOTINGA;JUAZEIRO;;OK;PENDENTE CABO 1x25;;;CONCLUIDA;;1;4;;4;;;;100%;R$ 26.297,22;R$ 6.574,31;R$ 8.400,00;11/04/2025;11/04/2025;PAULO;SANTIAGO;;-9,2659955;-40,0584022;;;;;;;DA PLANILHA;E750199;E750202;JUAZEIRO;01/04/2025;Consolidado;N/A
QLP;9102139564;1176266;RR-CIND-POV RIACHO DO SOBRADO-RURAL;CASA NOVA;;OK;;MIGRAR;;NÃO INICIADA;;2;20;;;;;;100%;R$ 136.471,64;R$ 34.117,91;R$ 42.000,00;20/05/2025;20/05/2025;DANIEL/ AILTON;PAULO JUNIOR;DIEGO;-9,2783089;-40,71661953;;;;;;;DA PLANILHA;E750206;E750225;JUAZEIRO;01/04/2025;Consolidado;N/A
QLP;9102142635;1168621;ER-CIND-POV-SAO ROMAO-RURAL;CASA NOVA;;OK;;MIGRAR;;NÃO INICIADA;;1;3;;;;;;100%;R$ 32.526,25;R$ 8.131,56;R$ 6.300,00;08/05/2025;08/05/2025;AILTON;PAULO JUNIOR;DIEGO;-9,186586027;-40,8480501;;;;;;;DA PLANILHA;E750238;E750240;JUAZEIRO;01/04/2025;Consolidado;N/A
RECLAMAÇÃO;9102149813;1177525;AC-CIND-RUA- XIQUE XIQUE-CENTRO;PILÃO ARCADO;;OK;;;;NÃO INICIADA;;0;1;;;;;;100%;R$ 18.370,16;R$ 4.592,54;R$ 2.100,00;14/04/2025;14/04/2025;DOMINGOS;PAULO JUNIOR;;-10,00231555;-42,4784534;;;;;;;DA PLANILHA ;E750525;E750525;JUAZEIRO;01/04/2025;Consolidado;N/A
RECLAMAÇÃO;9102129630;1163633;ME CIND RUA CAIXA DAGUA1 CENTRO;CASA NOVA;;OK;MIGRADA;;;CONCLUIDA;;0;4;;4;;;PLANO 8;100%;R$ 113.399,53;R$ 28.349,88;R$ 8.400,00;17/04/2025;17/04/2025;AILTON;PAULO JUNIOR;DIEGO;-8,7732182;-41,1549792;;fev.-25;FALSE;;FALSE;FALSE;1020096/APROVADA;E725914;E725917;JUAZEIRO;01/04/2025;Consolidado;N/A
REPUTACIONAL;9102125688;1161869;ER-CIND-FAZ-MASSAYO -RURAL;JUAZEIRO;;;;;;NÃO INICIADA;;0;4;;;;;PLANO 7;100%;R$ 362.692,55;;R$ 8.400,00;14/04/2025;15/04/2025;PEPEU;ANDERSON;VICTOR;-9,475;-40,428328;;;;;;;1020086/APROVADA;E725899;E725902;JUAZEIRO;01/04/2025;Consolidado;N/A
PRIORIDADE PLANO ANEEL;9102160501;1179431;UB-CIND-RUA-CAVA CH O-ALTO DO MALAQUIAS;UAUÁ;;OK;CONCLUIDA;;;CONCLUIDA;;0;3;;3;;;;100%;R$ 18.857,60;R$ 4.714,40;R$ 6.300,00;11/04/2025;11/04/2025;MAURICIO;EDIE JONNES;;-9,833687497;-39,49020672;;;;;;;DA PLANILHA ;E749917;E749919;JUAZEIRO;01/04/2025;Consolidado;N/A
PRIORIDADE PLANO ANEEL;9102155833;1182129;ER-CCOL-POV-RIACHO D SOBRADO-RURAL;CASA NOVA;;OK;MIGRADA;;;CONCLUIDA;;3;3;;3;;;PLANO 7;100%;R$ 16.429,42;R$ 4.107,36;R$ 6.300,00;23/04/2025;23/04/2025;AILTON;PAULO JUNIOR;DIEGO;-9,2685118;-40,7499962;;mar.-25;;;;;DA PLANILHA ;E619958;E619960;JUAZEIRO;01/04/2025;Consolidado;N/A
RECLAMAÇÃO;9102139849;1172741;UB-CIND-AV-GIUSEPPE MUCCINI-PIRANGA;JUAZEIRO;;;abril-25;;;CONCLUIDA;;1;3;;3;;;;100%;R$ 18.646,18;R$ 4.661,55;R$ 6.300,00;25/04/2025;25/04/2025;PAULO;SANTIAGO;;-9,433899;-40,521582;;;;;;;DA PLANILHA;E750203;E750205;JUAZEIRO;01/04/2025;Consolidado;N/A
PRIORIDADE PLANO ANEEL;9102145754;1173888;UB-CIND-CJN-JUAZEIRO-JO O PAULO II;JUAZEIRO;01/04;OK;abril-25;;;CONCLUIDA;;1;2;;2;;;;100%;R$ 12.095,63;R$ 3.023,91;R$ 4.200,00;03/04/2025;03/04/2025;GISMARIO;EDIE JONNES;;-9,4737911;-40,4942233;;;;;;;DA PLANILHA;E749875;E749876;JUAZEIRO;01/04/2025;Consolidado;N/A
QLP;9102130358;1165820;ER-CIND-POV-TIGRE 595-RURAL;CASA NOVA;;OK;;MIGRAR;;NÃO INICIADA;;1;1;;;;;;100%;R$ 18.841,24;R$ 4.710,31;R$ 2.100,00;09/05/2025;09/05/2025;DANIEL;PAULO JUNIOR;DIEGO;-9,1421534;-41,003163;;;;;;;DA PLANILHA;E750235;E750235;JUAZEIRO;01/04/2025;Consolidado;N/A
QLP;9102128878;1164868;ER-CIND-POV-GOIABEIRA II-GOIABEIRA II;JUAZEIRO;;OK;;MIGRAR;;NÃO INICIADA;;2;5;;;;;;100%;R$ 62.327,12;R$ 15.581,78;R$ 10.500,00;16/05/2025;16/05/2025;PEPEU;SANTIAGO;;-9,814038525;-40,6017323;;;;;;;DA PLANILHA;E750187;E750191;JUAZEIRO;01/04/2025;Consolidado;N/A
REPUTACIONAL;9102132629;1161619;ER-CIND-FAZ-MASSAYO-RURAL;JUAZEIRO;;;;;;NÃO INICIADA;;1;1;;;;;PLANO 7;100%;R$ 91.201,34;;R$ 2.100,00;08/04/2025;18/04/2025;PEPEU;ANDERSON;VICTOR;-9,372143;-40,349066;;;;;;;1020103/APROVADA;E725929;E725929;JUAZEIRO;01/04/2025;Consolidado;N/A
PRIORIDADE PLANO ANEEL;9102140429;1173101;AC-CIND-FAZ-TESTA BRANCA-CALDEIRAO DO AL;UAUÁ;;OK;abril-25;;;CONCLUIDA;;1;2;;2;;;;100%;R$ 7.943,54;R$ 1.985,89;R$ 4.200,00;14/04/2025;14/04/2025;MAURICIO;EDIE JONNES;;-9,995853;-39,536663;;;;;;;DA PLANILHA ;E749920;E749921;JUAZEIRO;01/04/2025;Consolidado;N/A
QLP;9102135898;1168500;AC-CIND-CA-ELLIS MARIA-RURAL DE CIMA;JUAZEIRO;;OK;;MIGRAR;;NÃO INICIADA;;1;1;;;;;;100%;R$ 27.211,65;R$ 6.802,91;R$ 2.100,00;13/05/2025;13/05/2025;PEPEU;SANTIAGO;;-9,453858;-40,5391525;;;;;;;DA PLANILHA;E750233;E750233;JUAZEIRO;01/04/2025;Consolidado;N/A
AIC OBJETIVO;9102089657;1146819;NT-RECOND-MND-01N3-Q028290 -Q028297;CASA NOVA;;;;;;NÃO INICIADA;;0;2;;;;;PLANO 8;100%;R$ 221.908,41;;R$ 4.200,00;22/04/2025;22/04/2025;DANIEL;PAULO JUNIOR;DIEGO;-9,3531261;-40,8462015;;fev.-25;FALSE;;FALSE;FALSE;1019155/APROVADA;E752880;E755881;JUAZEIRO;01/04/2025;Consolidado;N/A
;9102146389;1177220;ER-CCOL-POV-BREJO FORA-BREJO FORA;SOBRADINHO;;;MIGRADA;;;CONCLUIDA;;1;1;;1;;;;100%;R$ 6.810,47;R$ 1.702,62;;27/03/2025;03/04/2025;CARLOS ;SANTIAGO;;-9.533.277;-41.045.161;;;FALSE;;FALSE;FALSE;DA PLANILHA ;E620088;E620088;JUAZEIRO;01/04/2025;Consolidado;N/A
PRIORIDADE PLANO ANEEL;9102209027;1189982;UB-CIND-ROD-235 KM-CENTRO-REMANSO;REMANSO;;;abril-25;;;CONCLUIDA;;1;1;;1;;;;100%;R$ 9.587,30;R$ 2.396,83;R$ 2.100,00;;;MANUTENÇÃO;ANDERSON;DEBORA;-9,606204;-42,072652;;;;;;;DA PLANILHA ;E749674;E749674;JUAZEIRO;01/04/2025;Consolidado;N/A
AL/MELHORAMENTO;9102006140;1157282;AL 06-NOVA TOUR O - CONSTRU  O 1 3;JUAZEIRO;;;PES 37149 / OC 1859 - 01/04;;01/04;CONCLUIDA;;0;1;;1;;;PLANO 1;100%;R$ 15.075,30;R$ 3.768,83;;;;IVONALDO;RODRIGUES;SANDRO;-9,436886049;-40,38081355;;;;;;DA PLANILHA ;E620083;E620083;;JUAZEIRO;01/04/2025;Consolidado;N/A
GOVERNO OURO;9102167302;1190937;ER-CCOL-POV-PATAMUTE-RURAL;CURAÇÁ;;OK;;MIGRAR;;NÃO INICIADA;;1;31;;;;;;100%;R$ 264.976,91;R$ 66.244,23;R$ 65.100,00;01/05/2025;03/05/2025;FABIO;SANTIAGO;;-9,044985;-39,482341;;;;;;;DA PLANILHA ;E750118;E750148;JUAZEIRO;01/04/2025;Consolidado;N/A
AIC OBJETIVO;9101811791;1041575;MP-CCOL-POV-SERROTIM-RURAL;CURAÇÁ;;;;MIGRAR;;NÃO INICIADA;;1;15;;;;;;100%;R$ 150.289,62;R$ 37.572,41;;05/05/2025;08/05/2025;;;;-9,1440435;-39,840718;;;;;;;;;;JUAZEIRO;01/04/2025;Consolidado;N/A
PRIORIDADE PLANO ANEEL;9102164042;1182461;UB-CIND-ROD-235 KM 01 23-CENTRO;REMANSO;;;MIGRADA;;;CONCLUIDA;;3;1;;1;;;PLANO 7;100%;R$ 33.926,10;R$ 8.481,53;;;;DOMINGOS;PAULO JUNIOR;DEBORA;-9,587614;-42,063516;;mar.-25;;;;;DA PLANILHA ;E619961;E619961;JUAZEIRO;01/04/2025;Consolidado;N/A
PRIORIDADE PLANO ANEEL;9102145707;1172617;UB-CIND-AV-POUSADA-CENTRO;UAUÁ;;OK;abril-25;;;CONCLUIDA;;1;1;;1;;;;100%;R$ 5.110,28;R$ 1.277,57;R$ 2.100,00;12/04/2025;12/04/2025;MAURICIO;EDIE JONNES;;-9,83367;-39,4814945;;;;;;;DA PLANILHA ;E749922;E749922;JUAZEIRO;01/04/2025;Consolidado;N/A
PRIORIDADE PLANO ANEEL;9102143475;1175135;ER-CIND-POV-LAGOA DOS TINOS-RURAL;CASA NOVA;;OK;abril-25;;;CONCLUIDA;;1;1;;1;;;;100%;R$ 27.682,00;R$ 6.920,50;R$ 2.100,00;22/04/2025;22/04/2025;AILTON;PAULO JUNIOR;DIEGO;-9,1970334;-41,012684;;;;;;;DA PLANILHA;E750241;E750241;JUAZEIRO;01/04/2025;Consolidado;N/A
GRUPO A;9102238566;1193657;RR-GRUA-FAZ-VERMELHO-RURAL;JUAZEIRO;;;;MIGRAR;;NÃO INICIADA;;0;3;;;;;PLANO 8;100%;R$ 255.026,24;;R$ 6.300,00;19/05/2025;19/05/2025;PEPEU;EDIE JONNES;VICTOR;-9,3724885;-39,9368482;;mar.-25;;;;;DA PLANILHA;E619946;E619948;JUAZEIRO;01/04/2025;Consolidado;N/A
REPUTACIONAL;9102138779;1169987;ER-CIND-SI-CRUZEIRO-RURAL;CASA NOVA;;;;MIGRAR;;NÃO INICIADA;;1;8;;;;;;100%;R$ 87.162,13;R$ 21.790,53;R$ 16.800,00;05/05/2025;07/05/2025;DANIEL;PAULO JUNIOR;DIEGO;-9,406432;-41,155454;;;;;;;DA PLANILHA;E750174;E750181;JUAZEIRO;01/04/2025;Consolidado;N/A
PRIORIDADE PLANO ANEEL;9102227081;1191968;ER-CIND-POV-LAGOA DOS CAVALOS-RURAL;JUAZEIRO;;OK;abril-25;;;CONCLUIDA;;1;1;;1;;;;100%;R$ 20.158,01;R$ 5.039,50;R$ 2.100,00;24/04/2025;24/04/2025;PEPEU;ANDERSON;;-9,2796334;-40,0726729;;;;;;;DA PLANILHA;E750234;E750234;JUAZEIRO;01/04/2025;Consolidado;N/A
PRIORIDADE PLANO ANEEL;9102157501;1176079;UB-CIND-ET-SERRA DA BATATEIRA-J PAULO II;JUAZEIRO;01/04;OK;abril-25;;;CONCLUIDA;;1;0;;0;;;;100%;R$ 1.374,26;R$ 343,57;R$ 0,00;04/04/2025;04/04/2025;CARLOS;SANTIAGO;VICTOR;-9,47910747;-40,4916073;;;;;;;0 POSTE;;;JUAZEIRO;01/04/2025;Consolidado;N/A
PRIORIDADE PLANO ANEEL;9102150731;1177510;ER-CIND-POV-SANTA RITA-RURAL;CASA NOVA;;;;;;NÃO INICIADA;;1;1;;;;;;100%;R$ 8.374,77;R$ 2.093,69;R$ 2.100,00;25/04/2025;25/04/2025;AILTON;PAULO JUNIOR;DIEGO;-9,0561578;-40,9252703;;;;;;;DA PLANILHA;E750258;E750258;JUAZEIRO;01/04/2025;Consolidado;N/A
LPT;9101205768;884168;MP-CCOL-POV SALGADINHA-RURAL;CASA NOVA;;OK;;MIGRAR;;NÃO INICIADA;;1;9;;;;;PLANO 14;100%;R$ 48.586,56;R$ 12.146,64;R$ 18.900,00;10/05/2025;12/05/2025;AILTON;PAULO JUNIOR;DIEGO;-9,2064123;-40,8080123;;mar.-25;;;;;DA PLANILHA ;E619700;E619708;JUAZEIRO;01/04/2025;Consolidado;N/A
PRIORIDADE PLANO ANEEL;9102153977;1177596;UB-CIND RO BR 235 105 - CASA NOVA;CASA NOVA;;;;;;NÃO INICIADA;;1;0;;;;;;100%;R$ 46.530,49;;R$ 0,00;25/04/2025;25/04/2025;DANIEL;PAULO JUNIOR;DIEGO;-9,1794719;-40,9848238;;;;;;;0 POSTE;;;JUAZEIRO;01/04/2025;Consolidado;N/A
PRIORIDADE PLANO ANEEL;9102153549;1175531;ER-CIND-PR -CASTRO ALVES 7-MASSAROCA;JUAZEIRO;;OK;;;;NÃO INICIADA;;1;5;;;;;;100%;R$ 23.995,33;R$ 5.998,83;R$ 10.500,00;25/04/2025;25/04/2025;PEPEU;ANDERSON;;-9,874565;-40,283335;;;;;;;DA PLANILHA;E750194;E750198;JUAZEIRO;01/04/2025;Consolidado;N/A
AL/MELHORAMENTO;9101909685;1085103;AL - 01V2 - SE NOVA TOURÃO - EQUIP. Q008;JUAZEIRO;;;;MIGRAR;;NÃO INICIADA;;0;2;;;;;PLANO 1;100%;R$ 75.636,00;;;09/04/2025;25/04/2025;IVONALDO;RODRIGUES;SANDRO;;;;;;;;;DA PLANILHA;E619907;E619908;JUAZEIRO;01/04/2025;Consolidado;N/A
EQUIPAMENTO;9102170254;1191690;ME-COEL-ET-AGUAS BELAS-MALHADA DA AREIA;JUAZEIRO;;OK;;MIGRAR;;NÃO INICIADA;;0;2;;;;;;70%;R$ 444.810,94;R$ 111.202,74;R$ 4.200,00;01/05/2025;03/05/2025;JUAREZ;EDIE JONNES;;-9,4327488;-39,8540952;;;;;;;1016645/APROVADA ;E710264 ;E710333;JUAZEIRO;01/04/2025;Consolidado;N/A
QLP;9102081086;1144577;UB-CIND-AV-DEP R QUEIROZ-CENTRO;PILÃO ARCADO;;;;;;NÃO INICIADA;;1;2;;;;;;100%;R$ 43.544,14;R$ 10.886,04;R$ 4.200,00;28/04/2025;28/04/2025;AILTON;PAULO JUNIOR;;-10,007021;-42,490931;;;;;;;DA PLANILHA ;E750523;E750524;JUAZEIRO;01/04/2025;Consolidado;N/A
QLP;9102121948;1166759;AC-CIND-POV-PARA RURAL-BEM BOM;CASA NOVA;;;;;;NÃO INICIADA;;0;2;;;;;;100%;R$ 43.453,82;R$ 10.863,46;R$ 4.200,00;28/04/2025;28/04/2025;DANIEL;PAULO JUNIOR;DIEGO;-9,629535;-41,839633;;;;;;;DA PLANILHA;E750236;E750237;JUAZEIRO;01/04/2025;Consolidado;N/A
PRIORIDADE PLANO ANEEL;9102157989;1185126;AC-CIND-SI-BARREIRINHO-RURAL-CASA NOVA;CASA NOVA;03/04;OK;MIGRADA;;;CONCLUIDA;;1;0;;0;;;PLANO 7;100%;R$ 23.282,58;R$ 5.820,65;R$ 0,00;04/04/2025;04/04/2025;DOMINGOS;PAULO JUNIOR;DIEGO;-9,184291284;-40,95207612;;mar.-25;;;;;0 POSTE;;;JUAZEIRO;01/04/2025;Consolidado;N/A
REPUTACIONAL OURO;9102066379;1158033;MP-CIND-POV.GERGELIM 999-RURAL;CAMPO ALEGRE DE LOURDES;;OK;;MIGRAR;;NÃO INICIADA;;3;34;;;;;;100%;R$ 745.323,36;R$ 186.330,84;R$ 71.400,00;28/04/2025;16/05/2025;DOMINGOS;PAULO JUNIOR;DIEGO;-9,5673699;-42,9716946;;;;;;;DA PLANILHA ;E750259;E750292;JUAZEIRO;01/04/2025;Consolidado;N/A
PRIORIDADE PLANO ANEEL;9102181500;1192300;AC-CIND-AV-MARAVILHA 1002-CENTRO-L PIRES;UAUÁ;01/04;OK;abril-25;;;CONCLUIDA;;1;0;;0;;;;100%;R$ 25.729,88;R$ 6.432,47;R$ 0,00;;;MAURICIO;EDIE JONNES;;-10,013852;-39,500342;;;;;;;0 POSTE;;;JUAZEIRO;01/04/2025;Consolidado;N/A
RECLAMAÇÃO;9102134612;1163359;AC-CIND-POV- JAQUINICO-RURAL;CURAÇÁ;;;;;;CONCLUIDA;;0;0;;0;;;PLANO 7;100%;R$ 34.425,82;R$ 8.606,46;;18/04/2025;22/04/2025;PEPEU;;CARLOS EDUARDO;-9,1621406;-39,5808077;;;;;;;;;;JUAZEIRO;01/04/2025;Consolidado;N/A
PRIORIDADE PLANO ANEEL;9102171191;1189586;ER-CIND-POV-FAZ SERRA DA ESPERANCA-RURAL;CASA NOVA;;;;;;NÃO INICIADA;;1;0;;;;;;100%;R$ 17.436,33;;R$ 0,00;30/04/2025;30/04/2025;DANIEL;PAULO JUNIOR;DIEGO;-9,306858;-40,929346;;;;;;;0 POSTE;;;JUAZEIRO;01/04/2025;Consolidado;N/A
PRIORIDADE PLANO ANEEL;9102153146;1177311;ER-CIND-POV-TANQUINHO-RURAL;CASA NOVA;;;;;;NÃO INICIADA;;1;2;;;;;;100%;R$ 10.749,70;R$ 2.687,43;R$ 4.200,00;29/04/2025;29/04/2025;AILTON;PAULO JUNIOR;DIEGO;-8,7938755;-41,090002;;;;;;;DA PLANILHA;E750192;E750193;JUAZEIRO;01/04/2025;Consolidado;N/A
PRIORIDADE PLANO ANEEL;9102162790;1190119;UB-CIND-CA-J 357-PARQUE RESIDENCIAL;JUAZEIRO;;;abril-25;;;CONCLUIDA;;1;0;;0;;;;100%;R$ 32.419,62;;R$ 0,00;24/04/2025;24/04/2025;PAULO;SANTIAGO;;-9,476314;-40,49265;;;;;;;0 POSTE;;;JUAZEIRO;01/04/2025;Consolidado;N/A
GOVERNO OURO;9102132731;1164542;ER-SEIN-RUA-DR TANCREDO NEVES-RURAL;SENTO SÉ;;EMERSON;;EMERSON;;NÃO INICIADA;;1;50;;;;;;100%;R$ 411.392,31;R$ 102.848,08;R$ 105.000,00;01/04/2025;30/04/2025;EMERSON;EMERSON;;;;;;;;;;DA PLANILHA ;E749923;E749972;JUAZEIRO;01/04/2025;Consolidado;N/A
ESTRATÉGICA;9102122743;1162299;ER-CIND-POV-LAGOA DO GIL-LAGOA DO GIL;REMANSO;;;;;;NÃO INICIADA;;1;1;;;;;;100%;R$ 107.513,65;R$ 26.878,41;R$ 2.100,00;15/04/2025;30/04/2025;DOMINGOS;PAULO JUNIOR;DEBORA;-9,534525;-42,281247;;;;;;;DA PLANILHA ;E750508;E750508;JUAZEIRO;01/04/2025;Consolidado;N/A
AIC OBJETIVO;9101611073;1053585;MP-CIND-POV-TRAIRAS-RURAL;SOBRADINHO;;;;MIGRAR;;NÃO INICIADA;;1;14;;;;;;100%;R$ 123.165,81;R$ 30.791,45;R$ 29.400,00;17/05/2025;21/05/2025;CARLOS ;SANTIAGO;;-9,631588;-40,918664;;;;;;;DA PLANILHA ;E750509;E750522;JUAZEIRO;01/04/2025;Consolidado;N/A
AL/MELHORAMENTO;9102125740;1161662;ME-COEL-RUA-TIRADENTES 1-CENTRO-C ALEGRE;CAMPO ALEGRE DE LOURDES;;OK;;MIGRAR;;NÃO INICIADA;;0;3;;;;;PLANO 8;100%;R$ 803.302,22;R$ 200.825,56;R$ 6.300,00;17/05/2025;17/05/2025;DOMINGOS;PAULO JUNIOR;DEBORA;-9,354759;-43,401637;;mar.-25;;;;;DA PLANILHA;E619864;E619866;JUAZEIRO;01/04/2025;Consolidado;N/A
AIC OBJETIVO;9102047690;1132936;MP CIND POV RIACHO SECO RURAL;CURAÇÁ;;OK;;MIGRAR;;NÃO INICIADA;;2;16;;;;;;100%;R$ 171.281,73;R$ 42.820,43;R$ 33.600,00;28/05/2025;31/05/2025;IVONALDO;SANTIAGO;;-8,832962;-39,6105526;;;;;;;DA PLANILHA;E750242;E750257;JUAZEIRO;01/04/2025;Consolidado;N/A
PRIORIDADE PLANO ANEEL;9102068123;1141818;ER-CIND-SI-PASCACIO-RURAL;CASA NOVA;;;;;ADC - FASE;NÃO INICIADA;;0;0;;;;;;100%;R$ 26.704,72;;R$ 0,00;30/04/2025;30/04/2025;DANIEL / AILTON;PAULO JUNIOR;DIEGO;-9,3063835;-41,1366298;;;;;;;0 POSTE ;;;JUAZEIRO;01/04/2025;Consolidado;N/A
AIC OBJETIVO;9102089651;1146682;NT-RECOND-RMN-09X1-Q076416-Q076429;PILÃO ARCADO;;;;;;NÃO INICIADA;;0;4;;;;;PLANO 8;100%;R$ 473.229,74;;R$ 8.400,00;16/04/2025;30/04/2025;DOMINGOS;PAULO JUNIOR;DEBORA;-9,9609048;-42,4062434;;fev.-25;FALSE;;FALSE;FALSE;1019014/APROVADA ;E725862;E725865;JUAZEIRO;01/04/2025;Consolidado;N/A
GOVERNO;9102157612;1172946;IE-REGULADOR-RMN-09X1-Q076477;PILÃO ARCADO;;;;;;NÃO INICIADA;;0;2;;;;;PLANO 8;100%;R$ 189.769,75;;R$ 4.200,00;17/04/2025;30/04/2025;DOMINGOS;PAULO JUNIOR;DIEGO;-9,9975706;-42,4459334;;fev.-26;FALSE;;FALSE;FALSE;1020107/APROVADA;E725932;E725933;JUAZEIRO;01/04/2025;Consolidado;N/A
JUDICIAL OURO;9102103285;1157069;ER-CIND-POV-BARRO VERMELHO-RURAL;CURAÇÁ;;OK;;MIGRAR;;NÃO INICIADA;;1;42;;;;;PLANO 7;100%;R$ 235.113,59;R$ 58.778,40;R$ 88.200,00;01/05/2025;10/05/2025;FABIO;SANTIAGO;CARLOS EDUARDO;-9,4421052;-39,7821061;;mar.-25;;;;;DA PLANILHA ;E619712;E619753;JUAZEIRO;01/04/2025;Consolidado;N/A
NOVOS QUESTIONAMENTOS ANEEL OURO;9102153527;1175314;IS-CIND-RUA-AGUAS BELAS-MALHADA DA AREIA;JUAZEIRO;;OK;;MIGRAR;;NÃO INICIADA;;0;7;;;;;;100%;R$ 61.369,62;R$ 15.342,41;R$ 14.700,00;15/05/2025;15/05/2025;PAULO;SANTIAGO;;-9,436534358;-40,475387;;;;;;;DA PLANILHA ;E619973;E619979;JUAZEIRO;01/04/2025;Consolidado;N/A
SOLICITAÇÃO ATENDIMENTO;9101977212;1115260;AC-CIND-RUA-PADRE JOAO FRE-CENTRO;PILÃO ARCADO;;OK;;MIGRAR;;NÃO INICIADA;;1;4;;;;;PLANO 7;100%;R$ 69.502,35;R$ 17.375,59;R$ 8.400,00;19/05/2025;20/05/2025;DOMINGOS;PAULO JUNIOR;DIEGO;-10,000539;-42,480473;;;;;;;1016690/APROVADA;E710834;E710841;JUAZEIRO;01/04/2025;Consolidado;N/A
GOVERNO;9102074965;1145056;RR-SEIN-POV-CALDEIRAOZINHO-RURAL;UAUÁ;;OK;;RUBEM;;NÃO INICIADA;;11;149;;;;;;25%;R$ 932.642,15;;;21/04/2025;31/05/2025;RUBENS;RUBENS;;-10,13720546;-39,45350936;;;;;;;DA PLANILHA ;E749675;E749823;JUAZEIRO;01/04/2025;Consolidado;N/A
GOVERNO OURO;9102125670;1159894;UB-CIND-RUA-JUAZEIRO-2;JUAZEIRO;;;;MIGRAR;;NÃO INICIADA;;0;66;;;;;;30%;R$ 1.402.835,24;R$ 350.708,81;R$ 138.600,00;22/04/2025;28/06/2025;GISMARIO;EDIE JONNES;;-9,4549199;-40,5358319;;;;;;;DA PLANILHA ;E750526;E750585;JUAZEIRO;01/04/2025;Consolidado;N/A
JUDICIAL OURO;9100096585;515938;MP-CCOL-FAZ SERRA BRANCA E ARRED.-RURAL;REMANSO;;JORGE;;JORGE;;NÃO INICIADA;;21;459;;;;;;40%;R$ 3.562.538,12;;;01/04/2025;;JORGE;JORGE;DEBORA;;;;;;;;;DA PLANILHA ;E618988;E619487;JUAZEIRO;01/04/2025;Consolidado;N/A
EQUIPAMENTO;;1157088;FVU-REGULADOR-MAC-09Z1-D693866;PAULO AFONSO;;;;;;CONCLUIDA;;0;0;;0;;;;100%;;;;;;;;;;;;;;;;;;;;JUAZEIRO;01/04/2025;Consolidado;N/A
