CRITÉRIO;NOTA;PROJETO;TÍTULO;MUNICIPIO;SEPARAR MATERIAL;STATUS;DATA DESLIG;STATUS 1;CLIET.;PSTP;PST REALZ;PST EXEC;CAVA PRONTA;CAVA P/ DETON;PLANO;AVANÇO;V. PROJETO;VALOR 25%;PV. INÍCIO;PV. FIM;ENCARREGADO;SUPERVISOR;AR;LATITUDE;LONGITUDE;LINK MAPS;CARTEIRA;OBRAS SIMPLIFICADAS;TECNICO FECHAMENTO;VISITA PRÉVIA;PRÉ FECHAMENTO;SI PG;PG INICIAL;PG FINAL;COORD;Carteira;STATUS_AUDITORIA;MOTIVO_DESCARTE
REPUTACIONAL;9002801571;237059;MP-CCOL-POV DESTERRO-CAIÇARA-RURAL;CASA NOVA;;AVANÇO;;NÃO INICIADA;66;733;;;;;PLANO 14;60%;R$ 4.373.226,44;R$ 1.093.306,61;01/02/2025;31/03/2025;JORGE;JORGE;DIEGO;;;;fev.-25;FALSE;;FALSE;FALSE;APROVADA;E680195;E680939;JUAZEIRO;01/02/2025;Consolidado;N/A
NOVOS QUESTIONAMENTOS ANEEL;9101575275;1040604;MP-CCOL-POV DESENGANO-RURAL;SENTO SÉ;;AVANÇO;;NÃO INICIADA;32;278;;;;;PLANO 14;20%;R$ 2.756.104,87;R$ 689.026,22;17/02/2025;30/03/2025;EMERSON;EMERSON;SANDRO;-9,7533815;-41,8857659;https://maps.app.goo.gl/9EQsCG7L6GFLusNs6;fev.-25;FALSE;;FALSE;FALSE;1019161/APROVADA;E724391;E724668;JUAZEIRO;01/02/2025;Consolidado;N/A
REPUTACIONAL;9101940561;1093655;AL - GRUA - FAZ. BAIXA - RURAL;JUAZEIRO;SACADO;MIGRAR;;NÃO INICIADA;0;188;;;;;PLANO 7;100%;R$ 3.555.398,98;R$ 1.066.619,69;01/02/2025;22/02/2025;PAULO / CARLOS;SANTIAGO;VICTOR;-9,5502028;-40,5219799;;;;;;;APROVADA;E628933;E629122;JUAZEIRO;01/02/2025;Consolidado;N/A
ESTRATÉGICA;9101751200;1015820;IT-GOVE-RUA-QUADRA N 24-VILA S O JOAQUIM;SOBRADINHO;SACADO;;;CONCLUIDA;0;155;;;;;;100%;R$ 1.307.124,22;R$ 326.781,06;;;JUAREZ;SANTIAGO;SANDRO DUARTE;;;;;;;;;APROVADA ;E612120;E612279;JUAZEIRO;01/02/2025;Consolidado;N/A
REPUTACIONAL;9102027642;1127953;MP-SEIN-FAZ-BOQUEIRAO 1800 --W-RURAL;CURAÇÁ;;ENTREGA;;CONCLUIDA;9;71;;;;;PLANO 14;100%;R$ 375.226,34;R$ 93.806,59;03/02/2025;28/02/2025;EMERSON;EMERSON;CARLOS EDUARDO;-8,9086063;-39,8259879;https://maps.app.goo.gl/pZ8zRr7EMRB6BJPS6;fev.-25;FALSE;;FALSE;FALSE;1016714/APROVADA;E710695;E710774;JUAZEIRO;01/02/2025;Consolidado;N/A
GOVERNO;9102125670;1159894;UB-CIND-RUA-JUAZEIRO-2;JUAZEIRO;;AVANÇO;;NÃO INICIADA;0;66;;;;;PLANO 7;50%;R$ 1.402.835,24;R$ 350.708,81;15/02/2025;31/05/2025;GISMARIO;EDIE JONNES;VICTOR;-9,46663;-40,4997943;https://maps.app.goo.gl/8jsdC8pjdtr6ARU38;fev.-25;FALSE;;FALSE;FALSE;1016645/APROVADA ;E710264 ;E710333;JUAZEIRO;01/02/2025;Consolidado;N/A
ESTRATÉGICA;9101893156;1084183;RR-CCOL-RCL-POV-DE LAJES-LAJES;JUAZEIRO;;AVANÇO;;NÃO INICIADA;75;55;;;;;PLANO 7;50%;R$ 274.737,62;R$ 68.684,41;17/02/2025;31/03/2025;JUAREZ;EDIE JONNES;VICTOR;-9,4790867;-40,5060819;https://maps.app.goo.gl/BfMTiBAKX6n2Bryx9;fev.-25;FALSE;;FALSE;FALSE;1019173/APROVADA;E724694;E724750;JUAZEIRO;01/02/2025;Consolidado;N/A
AL/MELHORAMENTO;9101909684;1085090;AL-01V2-NOVA TOURÃO-CONSTRUÇÃO (ITEM 2);JUAZEIRO;;MIGRAR;25/02;NÃO INICIADA;0;41;;;;;PLANO 8;100%;R$ 717.378,39;R$ 179.344,60;01/02/2025;28/02/2025;IVONALDO;SANTIAGO;SANDRO;-9,436886049;-40,38081355;;fev.-25;FALSE;;FALSE;FALSE;1019622;;;JUAZEIRO;01/02/2025;Consolidado;N/A
QLP;9101827904;1045844;AC-CCOL-POV.ENTRONCAMENTO-REG.FV-RURAL;CASA NOVA;;ENTREGA 26/02;;CONCLUIDA;15;40;;;;;PLANO 7;100%;R$ 485.086,60;R$ 121.271,65;10/02/2025;25/02/2025;JORGE;JORGE;DIEGO;-9,29959;-41,1599821;https://maps.app.goo.gl/GB2TTVP97MzZ8D7s6;fev.-25;FALSE;;FALSE;FALSE;1016654/APROVADA;E710395;E710439;JUAZEIRO;01/02/2025;Consolidado;N/A
REPUTACIONAL;9102008167;1125306;RR-SEIN-RUA-JOSE CARLOS-PEDRA GRANDE;UAUÁ;SACADO;ENTREGA;;CONCLUIDA;1;38;;;;;PLANO 14;100%;R$ 192.848,09;R$ 48.212,02;13/02/2025;27/02/2025;MAURICIO ;EDIE JONNES;CARLOS EDUARDO;-9,919625;-39,542327;;;;;;;1016703/APROVADA;E710556;E710600;JUAZEIRO;01/02/2025;Consolidado;N/A
JUDICIAL;9101772675;1024582;ER CIND POV MALHADA DA AREIA RURAL;JUAZEIRO;;AVANÇO;;NÃO INICIADA;1;35;;;;;PLANO 14;50%;R$ 276.441,01;R$ 69.110,25;17/02/2025;27/02/2025;CARLOS / PAULO;EDIE JONNES / SANTIAGO;VICTOR;-9,5731822;-40,1167404;https://maps.app.goo.gl/SHuPqzUnNvLDvTxt9;;;;;;1019631/APROVADA;E724751;E724785;JUAZEIRO;01/02/2025;Consolidado;N/A
JUDICIAL;9102145299;1173118;ER-CIND-FAZ-SERRA BRANCA-RURAL-SENTO SE;SENTO SÉ;;AVANÇO;;NÃO INICIADA;1;31;;;;;PLANO 14;50%;R$ 228.569,67;R$ 57.142,42;25/02/2025;31/03/2025;FABIO / FERNANDO;SANTIAGO;SANDRO;-10,550458;-41,847607;https://maps.app.goo.gl/6U9P9kH75TKuESsBA;;;;;;1019884;;;JUAZEIRO;01/02/2025;Consolidado;N/A
REPUTACIONAL;9101757730;1043511;MP-CCOL-POV-SANTA RITA-RURAL;CASA NOVA;SACADO;;;CONCLUIDA;2;30;;;;;PLANO 14;100%;R$ 369.654,25;R$ 92.413,56;;;;PAULO JUNIOR;DIEGO;-9,023164033;-40,92362632;;;;;;;1016656/APROVADA;E710440;E710474;JUAZEIRO;01/02/2025;Consolidado;N/A
AL/MELHORAMENTO;9101915080;1088197;AL - 01V5 - NOVA TOUR O - CONSTRU  O;JUAZEIRO;;MIGRAR;;NÃO INICIADA;0;27;;;;;PLANO 1;100%;R$ 321.516,58;R$ 80.379,15;01/02/2025;28/02/2025;IVONALDO;SANTIAGO;SANDRO;-9,436886049;-40,38081355;;;;;;;1017641/APROVADA;E711944;E711970;JUAZEIRO;01/02/2025;Consolidado;N/A
REPUTACIONAL;9101993671;1121713;ER-CIND-POV-ALTAO 600-PAPAGAIO;UAUÁ;17/02;ENTREGA;;CONCLUIDA;1;25;;;;;PLANO 14;100%;R$ 143.990,76;R$ 35.997,69;22/02/2025;26/02/2025;MAURICIO ;EDIE JONNES;CARLOS EDUARDO;-9,9232761;-39,4793267;https://maps.app.goo.gl/9ZFYMK2nmMiYAi9g9;fev.-25;FALSE;;FALSE;FALSE;1019196/APROVADA;E725719;E725743;JUAZEIRO;01/02/2025;Consolidado;N/A
REPUTACIONAL;9102030558;1122206;AL GRUA ROD BR 324 RURAL;REMANSO;;AVANÇO;;NÃO INICIADA;0;25;;;;;PLANO 7;50%;R$ 503.024,54;R$ 125.756,14;20/02/2025;31/03/2025;;PAULO JUNIOR;DEBORA;-9,6020105;-42,0841233;https://maps.app.goo.gl/A4T6HkdpGguU5Pe77;fev.-25;FALSE;;FALSE;FALSE;1019168/APROVADA;E724669;E724693;JUAZEIRO;01/02/2025;Consolidado;N/A
RECLAMAÇÃO;9101900453;1090033;MP-CIND-RUA DANTA CATARINA BAZUCA-RURAL;SENTO SÉ;07/02;ENTREGA 25/02;;CONCLUIDA;1;22;;;;;PLANO 14;100%;R$ 211.069,41;R$ 52.767,35;01/02/2025;22/02/2025;FABIO / FERNANDO;SANTIAGO;SANDRO;-9,801903;-41,554951;;;;;;;APROVADA;E663478;E663505;JUAZEIRO;01/02/2025;Consolidado;N/A
AL/MELHORAMENTO;9101909683;1085504;AL - 01V1 - NOVA TOURÃO - CONSTRUÇÃO;JUAZEIRO;;MIGRAR;;NÃO INICIADA;0;19;;;;;PLANO 8;100%;R$ 609.832,67;R$ 152.458,17;01/02/2025;28/02/2025;IVONALDO;SANTIAGO;SANDRO;-9,436886049;-40,38081355;;;;;;;1017639;;;JUAZEIRO;01/02/2025;Consolidado;N/A
ESTRATÉGICA;9101963531;1106990;UB-COEL-RCL-AV-JORGE KHOURY-QUIDE;JUAZEIRO;13/02;ENTREGA;;NÃO INICIADA;45;17;;4;;;PLANO 7;100%;R$ 90.640,50;R$ 22.660,13;17/02/2025;22/02/2025;CARLOS / PAULO;EDIE JONNES / SANTIAGO;VICTOR;-9,426099;-40,5204124;https://maps.app.goo.gl/uomEHKtg9E6ZFUmz5;fev.-25;FALSE;;FALSE;FALSE;DA PLANILHA ;E710944;E711828;JUAZEIRO;01/02/2025;Consolidado;N/A
REPUTACIONAL;9102140320;1171632;ER-CIND-FAZ-BEIRA RIO-SANTA TEREZINHA;UAUÁ;SACADO;;;CONCLUIDA;2;16;;;;;PLANO 7;100%;R$ 96.099,88;R$ 24.024,97;03/02/2025;11/02/2025;MAURICIO GERALDO;EDIE JONNES;CARLOS EDUARDO;-10,021087;-39,258733;;;;;;;1017632/APROVADA;E711871;E711886;JUAZEIRO;01/02/2025;Consolidado;N/A
LPT;9102044194;1132153;ER-CIND-POV-LAGOA DO PEIXE 10-RURAL;CASA NOVA;;LM ;;CONCLUIDA;1;13;;;;;PLANO 14;100%;R$ 44.761,47;R$ 11.190,37;03/02/2025;13/02/2025;;PAULO JUNIOR;DIEGO;-9,2369508;-41,1979035;https://maps.app.goo.gl/k5jGvDXPK87mFh5j8;fev.-25;FALSE;;FALSE;FALSE;1019872/APROVADA;E725755;E725767;JUAZEIRO;01/02/2025;Consolidado;N/A
LPT;9101867167;1062389;LD - CIND POV. LAGES VELHA - RURAL;REMANSO;;7970 / 46920 / 18/02;;CONCLUIDA;1;13;;;;;PLANO 14;100%;R$ 90.568,07;R$ 22.642,02;;;;PAULO JUNIOR;DIEGO;;;;fev.-28;FALSE;;FALSE;FALSE;854583/APROVADA;E180283;E180295;JUAZEIRO;01/02/2025;Consolidado;N/A
LPT;9102041735;1132752;ER-CIND-POV-OURICURI-RURAL;CASA NOVA;;19336 - 44195 - 17/02;;CONCLUIDA;1;11;;;;;PLANO 14;100%;R$ 89.659,07;R$ 22.414,77;01/02/2025;15/02/2025;;PAULO JUNIOR;DIEGO;-8,9619109;-41,3678994;https://maps.app.goo.gl/DkMdzjKfBqT8EhkV6;fev.-25;FALSE;;FALSE;FALSE;1019868/APROVADA;E725744;E725754;JUAZEIRO;01/02/2025;Consolidado;N/A
AL/MELHORAMENTO;9101909686;1085374;AL-01V3-NOVA TOURÃO-CONSTRUÇÃO ITEM 1, 2;JUAZEIRO;;MIGRAR;;NÃO INICIADA;0;10;;;;;PLANO 8;100%;R$ 491.175,01;R$ 122.793,75;01/02/2025;28/02/2025;IVONALDO;SANTIAGO;SANDRO;-9,436886049;-40,38081355;;fev.-25;FALSE;;FALSE;FALSE;1019623;;;JUAZEIRO;01/02/2025;Consolidado;N/A
LPT;9101964733;1108281;ER-CIND-POV-PAUDARCO-MUQUEM;JUAZEIRO;SACADO;LM (ENCABEÇAR RD);;CONCLUIDA;1;8;;;;;PLANO 14;100%;R$ 24.317,68;R$ 6.079,42;01/02/2025;19/02/2025;MANUTENÇÃO;ANDERSON / EDIE JONNES;CARLOS EDUARDO;-9,287844172;-39,96277385;;;;;;;959519/APROVADA;E420795;E420803;JUAZEIRO;01/02/2025;Consolidado;N/A
LPT;9101437623;945802;RR-CIND-FAZ JUREMAL-ITAPERA;SENTO SÉ;19/02;MIGRAR;;NÃO INICIADA;1;8;;;;;PLANO 14;100%;R$ 29.017,36;R$ 7.254,34;22/02/2025;26/02/2025;FABIO / FERNANDO;SANTIAGO;SANDRO;-9,755965;-41,9242724;https://maps.app.goo.gl/EVeVs3HVHQ8JbCov9;fev.-25;FALSE;;FALSE;FALSE;1019907;;;JUAZEIRO;01/02/2025;Consolidado;N/A
GOVERNO;9102104318;1157570;ER-CCOL-RUA-DO ASFALTO -PIRI - RURAL;SENTO SÉ;07/02 - POSTE;13335 - 43626 - 17/02;;CONCLUIDA;1;7;;;;;PLANO 7;100%;R$ 49.679,93;R$ 12.419,98;10/02/2025;15/02/2025;FABIO / FERNANDO;SANTIAGO;SANDRO;-9,7823852;-41,415294;https://maps.app.goo.gl/1vLk6aSopkkVaEvXA;fev.-25;FALSE;;FALSE;FALSE;DA PLANILHA ;E688666;E688672;JUAZEIRO;01/02/2025;Consolidado;N/A
SOLICITAÇÃO ATENDIMENTO;9102095232;1152297;RU-PREF-CA-DAS AVES-PARQUE UMBUZEIROS;UAUÁ;07/02;LV;;CONCLUIDA;1;7;;;;;PLANO 7;100%;R$ 52.216,95;R$ 13.054,24;10/02/2025;17/02/2025;MAURICIO GERALDO;EDIE JONNES;CARLOS EDUARDO;-9,836194;-39,48777;https://maps.app.goo.gl/PjHtQsMdRg15gwTh9;fev.-25;FALSE;;FALSE;FALSE;DA PLANILHA;E710936;E710942;JUAZEIRO;01/02/2025;Consolidado;N/A
LPT;9101982936;1117258;LD-CIND-POV DESENGANO-RURAL;SENTO SÉ;;ENTREGA;;CONCLUIDA;1;7;;;;;PLANO 14;100%;R$ 94.178,01;R$ 23.544,50;15/02/2025;28/02/2025;EMERSON;EMERSON;SANDRO;-9,8503651;-41,8163697;https://maps.app.goo.gl/oj27cqeS7QnxmAVb6;fev.-25;FALSE;;FALSE;FALSE;1019184/APROVADA;E725711;E725717;JUAZEIRO;01/02/2025;Consolidado;N/A
REPUTACIONAL;9102130864;1164126;ER-CIND-POV-ALTO MULUNGU-RURAL;SENTO SÉ;SACADO;;;CONCLUIDA;1;7;;;;;PLANO 7;100%;R$ 39.878,44;R$ 9.969,61;;;FABIO / FERNANDO;SANTIAGO;SANDRO;-9,7047012;-41,2933329;;;;;;;;;;JUAZEIRO;01/02/2025;Consolidado;N/A
SOLICITAÇÃO ATENDIMENTO;9102138571;1166776;ER-CIND-POV-NOVO MARCOS-MARCOS;REMANSO;;ENTREGA;;CONCLUIDA;1;7;;;;;;100%;R$ 89.583,34;R$ 22.395,84;;;DOMINGOS;PAULO JUNIOR;DEBORA;-9,5633678;-42,0505186;https://maps.app.goo.gl/eKhXz3ySFBcsJmqT6 ;fev.-25;FALSE;;FALSE;FALSE;1020095/APROVADA;E725904;E725910;JUAZEIRO;01/02/2025;Consolidado;N/A
QLP;9102127351;1164987;UB-CIND-RUA 628 LOT HUMBERTO PEREIRA CEN;JUAZEIRO;12/02;DL REALOCAR RD;13/02;CONCLUIDA;6;6;;;;;PLANO 7;100%;R$ 88.864,72;R$ 22.216,18;05/02/2025;15/02/2025;CARLOS / PAULO;EDIE JONNES / SANTIAGO;VICTOR;-9,460531;-40,5304727;https://maps.app.goo.gl/g1R2Gsz35qXNmnoj9;fev.-25;FALSE;;FALSE;FALSE;DA PLANILHA;E688646;E688651;JUAZEIRO;01/02/2025;Consolidado;N/A
LPT;9101886245;1077021;ER-CIND-FAZ-MACAMBIRA 52-RURAL;CURAÇÁ;;;;CONCLUIDA;1;6;;;;;PLANO 14;100%;R$ 20.555,43;R$ 5.138,86;;;EMERSON;EMERSON;CARLOS EDUARDO;-8,979004;-39,840509;https://maps.app.goo.gl/vrP748rXKPPBQ6Ea6;;;;;;;;;JUAZEIRO;01/02/2025;Consolidado;N/A
RECLAMAÇÃO REITERADA;9101982721;1122163;ER-CIND-POV-TOME 11-RURAL;JUAZEIRO;SACADO;;;CONCLUIDA;1;6;;;;;PLANO 14;100%;R$ 74.332,27;R$ 18.583,07;;;GISMARIO;EDIE JONNES;VICTOR;-9,433107;-40,284259;;;;;;;1016663/APROVADA ;E710687;E710694;JUAZEIRO;01/02/2025;Consolidado;N/A
QLP;9102151774;1177448;UB-CIND-RUA-E 35-URBANO;JUAZEIRO;07/02;;;CONCLUIDA;5;5;;;;;PLANO 7;100%;R$ 32.180,80;R$ 8.045,20;;07/08/2025;CARLOS / PAULO;EDIE JONNES / SANTIAGO;VICTOR;-9,4596513;-40,5112049;;;;;;;DA PLANILHA;E688655;E688659;JUAZEIRO;01/02/2025;Consolidado;N/A
AL/MELHORAMENTO;9101909688;1085227;AL - 01V4 - NOVA TOURÃO - CONSTRUÇÃO;JUAZEIRO;;MIGRAR;;NÃO INICIADA;0;4;;;;;PLANO 8;100%;R$ 616.794,25;R$ 154.198,56;03/02/2025;28/02/2025;IVONALDO;SANTIAGO;SANDRO;-9,4307884;-40,3956456;https://maps.app.goo.gl/fKjeR4jXpmznhD6L6;fev.-25;FALSE;;FALSE;FALSE;1017645/APROVADA;E711971;E711972;JUAZEIRO;01/02/2025;Consolidado;N/A
AIC OBJETIVO;9102089651;1146682;NT-RECOND-RMN-09X1-Q076416-Q076429;PILÃO ARCADO;;MIGRAR;;NÃO INICIADA;0;4;;;;;PLANO 8;100%;R$ 473.229,74;R$ 118.307,44;15/02/2025;28/02/2025;;PAULO JUNIOR;DEBORA;-9,9609048;-42,4062434;https://maps.app.goo.gl/4Vv98j2JQceokfvD7;fev.-25;FALSE;;FALSE;FALSE;1019014/APROVADA ;E725862;E725865;JUAZEIRO;01/02/2025;Consolidado;N/A
REPUTACIONAL;9102125688;1161869;ER-CIND-FAZ-MASSAYO -RURAL;JUAZEIRO;26/02;MIGRAR;;NÃO INICIADA;0;4;;;;;PLANO 7;100%;R$ 362.692,55;R$ 90.673,14;15/02/2025;28/02/2025;CARLOS / PAULO;EDIE JONNES / SANTIAGO;VICTOR;-9,475;-40,428328;;;;;;;1020086/APROVADA;E725899;E725902;JUAZEIRO;01/02/2025;Consolidado;N/A
RECLAMAÇÃO;9102129630;1163633;ME CIND RUA CAIXA DAGUA1 CENTRO;CASA NOVA;;MIGRAR;;NÃO INICIADA;0;4;;;;;PLANO 8;100%;R$ 113.399,53;R$ 28.349,88;15/02/2025;28/02/2025;;PAULO JUNIOR;DIEGO;-8,7732182;-41,1549792;https://maps.app.goo.gl/LHtcvD548ZdW6oug7;fev.-25;FALSE;;FALSE;FALSE;1020096/APROVADA;E725914;E725917;JUAZEIRO;01/02/2025;Consolidado;N/A
RECLAMAÇÃO;9102040265;1133629;RR-CIND-FAZ-FLORESTA ALGODAO VELHO-RR;SOBRADINHO;;MIGRAR;;NÃO INICIADA;1;4;;;;;PLANO 14;100%;R$ 44.411,86;R$ 11.102,97;27/02/2025;28/02/2025;FABIO / FERNANDO;SANTIAGO;SANDRO;-9,4790199;-41,0293723;https://maps.app.goo.gl/qTsQosNdEjNC5VWz9;fev.-25;FALSE;;FALSE;FALSE;1020099;;;JUAZEIRO;01/02/2025;Consolidado;N/A
QLP;9102053189;1137789;ER-CIND-POV-TANQUE NOVO-TANQUE NOVO;REMANSO;;MIGRAR;;NÃO INICIADA;1;4;;;;;PLANO 7;100%;R$ 41.046,53;R$ 10.261,63;;;;PAULO JUNIOR;DEBORA;-9,6285372;-42,1992858;https://maps.app.goo.gl/9M7di5wWG5hHfw2T9 ;fev.-25;FALSE;;FALSE;FALSE;1019899/APROVADA;E725866;E725869;JUAZEIRO;01/02/2025;Consolidado;N/A
SOLICITAÇÃO ATENDIMENTO;9101977212;1115260;AC-CIND-RUA-PADRE JOAO FRE-CENTRO;PILÃO ARCADO;SACADO;MIGRAR;;NÃO INICIADA;1;4;;;;;PLANO 7;100%;R$ 69.502,35;R$ 17.375,59;;;;PAULO JUNIOR;DIEGO;-10,000539;-42,480473;;;;;;;1016690/APROVADA;E710834;E710841;JUAZEIRO;01/02/2025;Consolidado;N/A
PRIORIDADE PLANO ANEEL;9102072423;1149197;ER-CIND-FAZ-CAMPO LARGO-RURAL-TABULEIRO;REMANSO;;;;CONCLUIDA;1;4;;;;;;100%;R$ 14.896,19;R$ 326.781,06;;;;PAULO JUNIOR;DIEGO DE CARVALHO;;;;;;;;;APROVADA;E681513;E681517;JUAZEIRO;01/02/2025;Consolidado;N/A
MELHORIA;9102159911;1175928;IE - CJ DE MEDI  O - D005912;JUAZEIRO;SACADO;MIGRAR;;NÃO INICIADA;1;3;;;;;;100%;R$ 207.307,57;R$ 62.192,27;03/02/2025;22/02/2025;MANUTENÇÃO;ANDERSON / EDIE JONNES;VICTOR COSTA;-9,356053936;-40,4164879;;;;;;;DA PLANILHA ;E688663;E688665;JUAZEIRO;01/02/2025;Consolidado;N/A
RECLAMAÇÃO;9101898474;1082680;LD CIND PO JUREMA VERMELHA;JUAZEIRO;24/02;ENTREGA;;CONCLUIDA;1;3;;;;;PLANO 7;100%;R$ 49.436,01;R$ 12.359,00;22/02/2025;22/02/2025;MANUTENÇÃO;ANDERSON;VICTOR;-9,1648856;-40,2654863;https://maps.app.goo.gl/EXN3daSU1fuEefdQ9;fev.-25;FALSE;;FALSE;FALSE;1019613/APROVADA;E725911;E725913;JUAZEIRO;01/02/2025;Consolidado;N/A
QLP;9102096422;1157169;AC-CIND-RUA-BLOCO E-VILA SANTANA;SOBRADINHO;24/02;MIGRAR;25/02;NÃO INICIADA;0;3;;;;;PLANO 7;100%;R$ 48.070,15;R$ 12.017,54;25/02/2025;25/02/2025;FABIO / FERNANDO;SANTIAGO;SANDRO;-9,4539071;-40,8271665;https://maps.app.goo.gl/dU8Djrs1wZDSjpsV7;fev.-25;FALSE;;FALSE;FALSE;1020101;;;JUAZEIRO;01/02/2025;Consolidado;N/A
AL/MELHORAMENTO;9101915089;1088191;AL - 01V8 - NOVA TOUR O - CONSTRU  O;JUAZEIRO;;MIGRAR;;NÃO INICIADA;0;3;;;;;PLANO 1;100%;R$ 224.034,66;R$ 56.008,67;03/02/2025;28/02/2025;IVONALDO;SANTIAGO;SANDRO;-9,436886049;-40,38081355;;;;;;;1010298;;;JUAZEIRO;01/02/2025;Consolidado;N/A
JUDICIAL;9101937359;1097831;ER-CIND-POV-TAPARICA-RURAL;JUAZEIRO;SACADO;;;CONCLUIDA;1;3;;;;;PLANO 7;100%;R$ 33.577,54;R$ 8.394,39;;;MANUTENÇÃO;ANDERSON;CARLOS EDUARDO;-9,10517;-40,275412;;;;;;;1013573/APROVADA;E681541;E681544;JUAZEIRO;01/02/2025;Consolidado;N/A
QLP;9102003734;1125229;ER-CIND-AG 04 29-AGROVILA PEDRA BRANCA 0;CURAÇÁ;;LM ;;CONCLUIDA;1;2;;;;;PLANO 7;100%;R$ 8.145,11;R$ 2.036,28;10/02/2025;22/02/2025;EMERSON;EMERSON;CARLOS EDUARDO;-8,665675;-39,4272457;https://maps.app.goo.gl/mKToLfK3LFQHo3UM9;fev.-25;FALSE;;FALSE;FALSE;1019909/APROVADA ;E725890;E725891;JUAZEIRO;01/02/2025;Consolidado;N/A
GOVERNO;9102034602;1132575;RC-PREF-RUA-RAUL ALVES DE SOUZA-CENTRO;SENTO SÉ;19/02;ENTREGA;27/02;CONCLUIDA;0;2;;;;;PLANO 8;100%;R$ 7.489,61;R$ 1.872,40;18/02/2025;22/02/2025;FABIO ;SANTIAGO;SANDRO;-9,746955;-41,8809545;https://maps.app.goo.gl/TRp4B8RdLGhK7cxL6;fev.-25;FALSE;;FALSE;FALSE;1020104;;;JUAZEIRO;01/02/2025;Consolidado;N/A
EQUIPAMENTO;9102089653;1148050;IE-REGULADOR SE:CNN ALIM:01C3-RURAL;CASA NOVA;;MIGRAR;;NÃO INICIADA;0;2;;;;;PLANO 8;100%;R$ 336.662,56;R$ 84.165,64;05/02/2025;27/02/2025;;PAULO JUNIOR;DIEGO;;;;fev.-27;FALSE;;FALSE;FALSE;1019875/APROVADA ;E725809;E755810;JUAZEIRO;01/02/2025;Consolidado;N/A
AIC OBJETIVO;9102089657;1146819;NT-RECOND-MND-01N3-Q028290 -Q028297;CASA NOVA;;MIGRAR;;NÃO INICIADA;0;2;;;;;PLANO 8;100%;R$ 221.908,41;R$ 55.477,10;15/02/2025;28/02/2025;;PAULO JUNIOR;DIEGO;-9,3531261;-40,8462015;https://maps.app.goo.gl/eSJfeLhTy1bFg16h8;fev.-25;FALSE;;FALSE;FALSE;1019155/APROVADA;E752880;E755881;JUAZEIRO;01/02/2025;Consolidado;N/A
GOVERNO;9102157612;1172946;IE-REGULADOR-RMN-09X1-Q076477;PILÃO ARCADO;;MIGRAR;;NÃO INICIADA;0;2;;;;;PLANO 8;100%;R$ 189.769,75;R$ 47.442,44;15/03/2025;28/02/2025;;PAULO JUNIOR;DIEGO;;;;fev.-26;FALSE;;FALSE;FALSE;1020107/APROVADA;E725932;E725933;JUAZEIRO;01/02/2025;Consolidado;N/A
QLP;9101693797;1003084;IT-CIND-FAZ-JURITI-RURAL;CURAÇÁ;;LV;;CONCLUIDA;0;1;;;;;PLANO 7;100%;R$ 6.396,29;R$ 1.918,89;03/02/2025;12/02/2024;EMERSON;EMERSON;CARLOS EDUARDO;-9,0490943;-39,9517277;;;;;;;APROVADA;E681678;E681679;JUAZEIRO;01/02/2025;Consolidado;N/A
QLP;9102104328;1157410;ER-CIND-POV-JUNCO 7 SN-JUNCO;SENTO SÉ;;Pes 16576 / oc 45736 - 18/02;;CONCLUIDA;1;1;;;;;PLANO 7;100%;R$ 19.704,12;R$ 4.926,03;17/02/2025;20/02/2025;FABIO / FERNANDO;SANTIAGO;SANDRO;-10,3059369;-41,8705767;https://maps.app.goo.gl/zBVnwMFp9QzjqoZD8;fev.-25;FALSE;;FALSE;FALSE;1020108;E725934;E725934;JUAZEIRO;01/02/2025;Consolidado;N/A
SOLICITAÇÃO ATENDIMENTO;9102149066;1171279;RR-CIND-POV-RODEADOURO 300-RURAL;JUAZEIRO;19/02;LV;;CONCLUIDA;1;1;;;;;PLANO 7;100%;R$ 9.025,18;R$ 2.256,30;19/02/2025;22/02/2025;ANDERSON/MANUTENÇÃO;ANDERSON/MANUTENÇÃO;VICTOR;-9,4839376;-40,5803548; https://maps.app.goo.gl/TPkqdAZG25Kxxp9A8;fev.-25;FALSE;;FALSE;FALSE;1019620/APROVADA;E725928;E725928;JUAZEIRO;01/02/2025;Consolidado;N/A
QLP;9101955953;1106668;ER-PREF-POV-CANAL DA BATATEIRA-RURAL;SOBRADINHO;SACADO;LM + LV;;CONCLUIDA;1;1;;;;;PLANO 7;100%;R$ 22.297,35;R$ 5.574,34;22/02/2025;22/02/2025;FABIO / FERNANDO;SANTIAGO;SANDRO;-9,504162;-40,84397;;;;;;;APROVADA;E681680;E681681;JUAZEIRO;01/02/2025;Consolidado;N/A
GOVERNO;9102141330;1171691;AC-PREF RUA ANTONIO GUILHERMINO 3-URBANO;JUAZEIRO;19/02;DL TRAFO + LV;21/02;CONCLUIDA;1;1;;;;;PLANO 7;100%;R$ 41.913,92;R$ 10.478,48;21/02/2025;23/02/2025;CARLOS / PAULO;EDIE JONNES / SANTIAGO;VICTOR;-9,4641539;-40,4958867;https://maps.app.goo.gl/PQo6KsoQ3pdgyf7C8 ;fev.-25;FALSE;;FALSE;FALSE;1019617/APROVADA;E725923;E725923;JUAZEIRO;01/02/2025;Consolidado;N/A
REPUTACIONAL;9102132629;1161619;ER-CIND-FAZ-MASSAYO-RURAL;JUAZEIRO;26/02;MIGRAR;;NÃO INICIADA;1;1;;;;;PLANO 7;100%;R$ 91.201,34;R$ 22.800,34;03/02/2025;28/02/2025;CARLOS / PAULO;EDIE JONNES / SANTIAGO;VICTOR;-9,372143;-40,349066;;;;;;;1020103/APROVADA;E725929;E725929;JUAZEIRO;01/02/2025;Consolidado;N/A
AL/MELHORAMENTO;9102006140;1157282;AL 06-NOVA TOUR O - CONSTRU  O 1 3;JUAZEIRO;;MIGRAR;;NÃO INICIADA;0;1;;;;;PLANO 1;100%;R$ 15.075,30;R$ 3.768,83;03/02/2025;28/02/2025;IVONALDO;SANTIAGO;SANDRO;-9,436886049;-40,38081355;;;;;;;1020110;;;JUAZEIRO;01/02/2025;Consolidado;N/A
GOVERNO;9102074025;1140190;AC-CIND-POV-LAGOINHA-RURAL;JUAZEIRO;25/02;ENTREGA;26/02;CONCLUIDA;0;1;;;;;PLANO 7;100%;R$ 36.390,95;R$ 9.097,74;26/02/2025;28/02/2025;CARLOS / PAULO;EDIE JONNES / SANTIAGO;VICTOR;-9,8519905;-40,2561437;https://maps.app.goo.gl/Ek1nHvgRxyYMyyK88 ;fev.-25;FALSE;;FALSE;FALSE;1019619/APROVADA;E725924;E725924;JUAZEIRO;01/02/2025;Consolidado;N/A
TRANSGRESSÃO;9102127849;1165218;ER-CIND-RUA-S O FRANCISCO-CENTRO;REMANSO;;MIGRAR;;NÃO INICIADA;0;1;;;;;PLANO 7;100%;R$ 31.777,61;R$ 7.944,40;;;;PAULO JUNIOR;DEBORA;-9,5642758;-42,0376227;https://maps.app.goo.gl/CJ4FhBqnN84uTQpx6;fev.-25;FALSE;;FALSE;FALSE;1020093/APROVADA;E725903;E725903;JUAZEIRO;01/02/2025;Consolidado;N/A
GOVERNO;9102149154;1173382;UB-PREF-RUA WILSON C BRANCO-QUADRA 16;REMANSO;;POSSIVEL DL ;;CONCLUIDA;1;1;;;;;PLANO 7;100%;R$ 37.941,14;R$ 9.485,29;;;;PAULO JUNIOR;DEBORA;-9,6157369;-42,0835201;https://maps.app.goo.gl/vGodWZyZMoxSUC9J7;fev.-25;FALSE;;FALSE;FALSE;1020100/APROVADA;E725922;E725922;JUAZEIRO;01/02/2025;Consolidado;N/A
PRIORIDADE PLANO ANEEL;9102070311;1143605;ER-CIND-POV-CALDEIRAO DA ONCA-CAMPO GRAN;PILÃO ARCADO;;ENTREGA;;CONCLUIDA;1;1;;;;;;100%;R$ 16.361,47;R$ 4.090,37;;;;PAULO JUNIOR;DIEGO DE CARVALHO;;;;;;;;;APROVADA ;E663597;E663598;JUAZEIRO;01/02/2025;Consolidado;N/A
AL/MELHORAMENTO;9102006139;1157379;RS-COEL-SAIDA AL NOVA TOURAO;JUAZEIRO;;MIGRAR;;NÃO INICIADA;0;0;;;;;PLANO 1;100%;R$ 1.374.462,12;R$ 343.615,53;03/02/2025;28/02/2025;IVONALDO;SANTIAGO;SANDRO;-9,436886049;-40,38081355;;fev.-25;FALSE;;FALSE;FALSE;0 POSTE;;;JUAZEIRO;01/02/2025;Consolidado;N/A
JUDICIAL;9102095200;1151835;AC-CIND-POV-ITAPICURU-RURAL;SENTO SÉ;11/02;AVANÇO;;NÃO INICIADA;1;0;;;;;PLANO 7;50%;R$ 112.962,82;R$ 28.240,71;12/02/2025;31/03/2025;FABIO / FERNANDO;SANTIAGO;SANDRO;-10,548659;-41,84232;https://maps.app.goo.gl/R1D4niojfsv8RQYU9;;;;;;0 POSTE;;;JUAZEIRO;01/02/2025;Consolidado;N/A
;;;;;;;;;;;;;;;;;;;;;;;;;;;;;;;;;;;JUAZEIRO;01/02/2025;Descartado;Erro/Nulo em CRITÉRIO
;;;;;;;;;;878;;;;;305;;23;;;;;;;;;;;;;;;;;;JUAZEIRO;01/02/2025;Descartado;Erro/Nulo em CRITÉRIO
;;;;;;;;;;;;;;;234;;12;2;;;;;;;;;;;;;;;;;JUAZEIRO;01/02/2025;Descartado;Erro/Nulo em CRITÉRIO
;;;;;;;;;;;;;;;539;61,39%;35;58;0,6034482759;;;;;;;;;;;;;;;;JUAZEIRO;01/02/2025;Descartado;Erro/Nulo em CRITÉRIO
;;;;;;;;;;;;;;;200;;;;;;;;;;;;;;;;;;;;JUAZEIRO;01/02/2025;Descartado;Erro/Nulo em CRITÉRIO
