CRITÉRIO;NOTA;PROJETO;TITULO;MUNICIPIO;Unnamed: 5;SEPARAR MATERIAL;PRE FECHAMENTO;STATUS;STATUS 1;DATA DESLIG;GPM;STATUS 1.1;DATA DE ENERG.;CLIET.;PSTP;PST REALZ;PST EXEC;CAVA PRONTA;CAVA P/ DETON;PLANO;AVANÇO;V. PROJETO;VALOR A FATURAR;VALOR/PST;PV. INÍCIO;PV. FIM;ENCARREGADO;SUPERVISOR;LATITUDE;LONGITUDE;CARTEIRA;OBRAS SIMPLIFICADAS;SI PG;PG INICIAL;PG FINAL;COORD;Carteira;STATUS_AUDITORIA;MOTIVO_DESCARTE
QLP;9102080873;1145201;ER-CIND-POV-RURAL-CASA NOVA;CASA NOVA;;;OK;ENTREGA;;;;CONCLUIDA;;1;7;7;7;;;PLANO 7;100%;R$ 28.459,74;;R$ 11.900,00;12/05/2025;17/05/2025;DANIEL;PAULO JUNIOR;;;;;DA PLANILHA;E774314;E774320;JUAZEIRO;01/05/2025;Consolidado;N/A
SOLICITAÇÃO ATENDIMENTO OURO;9102222856;1198422;IT-CIND-FAZ-PROJ NILO COELHO-CASA NOVA;CASA NOVA;;;OK;;;;;CONCLUIDA;;0;0;0;0;;;PLANO 7;100%;R$ 4.802,63;;R$ 0,00;08/05/2025;10/05/2025;LINHA VIVA;PAULO JUNIOR;;;;;0 POSTE;;;JUAZEIRO;01/05/2025;Consolidado;N/A
TRANSGRESSÃO OURO;9102025249;1127131;AC-GRUA-CJN-PARATY ATACADO-MMGD;JUAZEIRO;;;OK;;;;;CONCLUIDA;;0;0;0;0;;;PLANO 7;100%;R$ 2.943,99;;R$ 0,00;07/05/2025;15/05/2025;LINHA VIVA;EDIE JONNES;;;;;0 POSTE ;;;JUAZEIRO;01/05/2025;Consolidado;N/A
EQUIPAMENTO;9102136917;1170253;IE-RELIGADOR-CSN-01C6-J54312;CASA NOVA;;;OK;ENTREGA;;;;NÃO INICIADA;;0;1;;0;;;PLANO 8;100%;R$ 93.430,26;;R$ 0,00;16/05/2025;31/05/2025;DANIEL;PAULO JUNIOR;;;;;DA PLANILHA;E777196;E777196;JUAZEIRO;01/05/2025;Consolidado;N/A
REPUTACIONAL;9102164727;1188323;UCIND-AV-GUISEPP MUCCINI-ARGEMIRO;JUAZEIRO;;;OK;;;;;CONCLUIDA;;0;0;0;0;;;PLANO 7;100%;R$ 6.354,88;;R$ 0,00;08/05/2025;08/05/2025;GISMARIO;EDIE JONNES;;;;;0 POSTE;;;JUAZEIRO;01/05/2025;Consolidado;N/A
QLP;9102225129;1195911;UCIND-RUA-DAS MARGARIDAS 20-V MALVAO;CASA NOVA;;;OK;;;;;CONCLUIDA;;2;0;0;0;;;PLANO 7;100%;R$ 4.638,24;;R$ 0,00;15/05/2025;17/05/2025;DANIEL;PAULO JUNIOR;;;;;0 POSTE;;;JUAZEIRO;01/05/2025;Consolidado;N/A
REPUTACIONAL;9101949445;1101591;IT-GRUA-FAZ-PROJETO NILO COELH-RURAL-MOD;CASA NOVA;;;;AVANÇO;;;;NÃO INICIADA;;0;176;;88;;;PLANO 7;50%;R$ 3.149.119,15;;R$ 149.600,00;16/05/2025;30/06/2025;FERNANDO;PAULO JUNIOR;;;;;DA PLANILHA;E777332;E777507;JUAZEIRO;01/05/2025;Consolidado;N/A
REPUTACIONAL OURO;9102211535;1195385;UCIND-RUA-COMISSAO DO VALE-PIRANGA;JUAZEIRO;;;OK;PES 52486 OC 48953 - 15/05;;;;CONCLUIDA;;1;0;0;0;;;PLANO 7;100%;R$ 37.912,16;;R$ 0,00;13/05/2025;15/05/2025;GISMARIO;EDIE JONNES;;;;;0 POSTE;;;JUAZEIRO;01/05/2025;Consolidado;N/A
RECLAMAÇÃO;9102093355;1156209;AC REG FV CIND FAZ CAPUCHU 16 RURAL;CURAÇÁ;;;;MIGRAR;;;;NÃO INICIADA;;2;37;;37;;;PLANO 7;100%;R$ 374.111,28;;R$ 62.900,00;19/05/2025;31/05/2025;IVONALDO;EDIE JONNES;;;;;DA PLANILHA;E773943;E773979;JUAZEIRO;01/05/2025;Consolidado;N/A
QLP;9102039849;1139392;MP CIND FAZ SURUBIM RURAL;CURAÇÁ;;;OK;MIGRAR;;;;NÃO INICIADA;;2;25;;25;;;PLANO 7;100%;R$ 397.670,97;;R$ 42.500,00;09/05/2025;17/05/2025;IVONALDO;EDIE JONNES;;;;;DA PLANILHA;E774321;E774345;JUAZEIRO;01/05/2025;Consolidado;N/A
AIC AUDITORIA;9101650436;1059076;MP-CCOL-POV-SERROTIM-RURAL;CURAÇÁ;;;OK;;;;;CONCLUIDA;;2;6;6;6;;;PLANO 14;100%;R$ 56.017,09;;R$ 10.200,00;05/05/2025;09/05/2025;IVONALDO;EDIE JONNES;;;;;DA PLANILHA;E774707;E774712;JUAZEIRO;01/05/2025;Consolidado;N/A
AL/MELHORAMENTO;9102006139;1157379;RS-COEL-SAIDA AL NOVA TOURAO;JUAZEIRO;;;OK;;MIGRAR;;;CONCLUIDA;;0;0;0;0;;;PLANO 1;100%;R$ 1.374.462,12;;R$ 0,00;01/05/2025;15/05/2025;IVONALDO;SANTIAGO;;;;;0 POSTE;;;JUAZEIRO;01/05/2025;Consolidado;N/A
GOVERNO OURO;9102125670;1159894;UCIND-RUA-JUAZEIRO-2;JUAZEIRO;;;;AVANÇO;;;;NÃO INICIADA; ;0;66;;33;;;PLANO 7;50%;R$ 1.460.659,08;;R$ 56.100,00;12/05/2025;31/07/2025;PAULO;EDIE JONNES;;;;;DA PLANILHA ;E750526;E750585;JUAZEIRO;01/05/2025;Consolidado;N/A
JUDICIAL OURO;9101915314;1096776;LD-CIND-FAZ.CURRALINHO-RURAL;CURAÇÁ;;;OK;;;;;CONCLUIDA;;1;1;1;1;;;PLANO 7;100%;R$ 25.611,80;;R$ 1.700,00;13/05/2025;14/05/2025;FABIO;EDIE JONNES;;;;;DA PLANILHA;E773701;E773701;JUAZEIRO;01/05/2025;Consolidado;N/A
AIC AUDITORIA;9101770901;1057733;MP-CIND-POV-CRUZ II-RIO RURAL;JUAZEIRO;;;OK;MIGRAR;;;;NÃO INICIADA;;1;10;;10;;;PLANO 14;100%;R$ 202.269,44;;R$ 17.000,00;26/05/2025;31/05/2025;PEDRO BATISTA;ANDERSON;;;;;DA PLANILHA;E774304;E774313;JUAZEIRO;01/05/2025;Consolidado;N/A
QLP;9102159864;1180504;ER-CIND-RUA-SANTA INES-MATA BURRO;JUAZEIRO;;;OK;;;;;CONCLUIDA;;4;1;1;1;;;PLANO 7;100%;R$ 6.287,31;;R$ 1.700,00;06/05/2025;09/05/2025;GISMARIO;EDIE JONNES;;;;;DA PLANILHA;E777232;E777232;JUAZEIRO;01/05/2025;Consolidado;N/A
QLP;9102045961;1135898;ER-CIND-POV-CARNAIBA DO SERTAO-RURAL;JUAZEIRO;;;OK;MIGRAR;;;;NÃO INICIADA;;1;3;;3;;;PLANO 7;100%;R$ 13.874,74;;R$ 5.100,00;23/05/2025;28/05/2025;GISMARIO;EDIE JONNES;;;;;DA PLANILHA;E774746;E774748;JUAZEIRO;01/05/2025;Consolidado;N/A
GOVERNO;9101907964;1087721;RU-CIND-LOT-ANTONIO GUILHERMINO;JUAZEIRO;;;OK;ENTREGA;;;;CONCLUIDA;;1;5;5;5;;;PLANO 7;100%;R$ 48.487,68;;R$ 8.500,00;31/05/2025;31/05/2025;GISMARIO;EDIE JONNES;;;;;DA PLANILHA;E774749;E774753;JUAZEIRO;01/05/2025;Consolidado;N/A
QLP;9102157259;1181926;UCIND-RUA-ALTO LINDO-CENTRO;JUAZEIRO;;;OK;;;;;CONCLUIDA;;2;1;1;1;;;PLANO 7;100%;R$ 6.132,08;;R$ 1.700,00;19/05/2025;23/05/2025;GISMARIO;EDIE JONNES;;;;;DA PLANILHA;E777233;E777233;JUAZEIRO;01/05/2025;Consolidado;N/A
EQUIPAMENTO;9102103396;1136743;EQ-CIND-POV-CURAÇA PEQUENO-RURAL;JUAZEIRO;;;;MIGRAR;;;;NÃO INICIADA;;0;2;;2;;;PLANO 7;100%;R$ 423.821,91;;R$ 3.400,00;23/05/2025;31/05/2025;FABIO;EDIE JONNES;;;;;DA PLANILHA;E774768;E774769;JUAZEIRO;01/05/2025;Consolidado;N/A
GOVERNO OURO;9102132731;1164542;ER-SEIN-RUA-DR TANCREDO NEVES-RURAL;SENTO SÉ;;;EMERSON;ENTREGA;EMERSON;;;CONCLUIDA;;1;50;50;50;;;;100%;R$ 411.392,31;;R$ 85.000,00;01/05/2025;24/05/2025;EMERSON;EMERSON;;;;;DA PLANILHA ;E749923;E749972;JUAZEIRO;01/05/2025;Consolidado;N/A
TRANSGRESSÃO OURO;9102040560;1130105;IT-GRUA-ET-DISTRITO DE IRRIG-RURAL;JUAZEIRO;;;OK;;;;;CONCLUIDA;;0;0;0;0;;;PLANO 7;100%;R$ 52.218,19;;R$ 0,00;05/05/2025;15/05/2025;LINHA VIVA;EDIE JONNES;;;;;0 POSTE;;;JUAZEIRO;01/05/2025;Consolidado;N/A
QLP;9102098277;1159829;ER-CIND-FAZ-PE DE MORRO-RURAL;JUAZEIRO;;;OK;MIGRAR;;;;CONCLUIDA;;2;0;0;0;;;PLANO 7;100%;R$ 29.249,57;;R$ 0,00;23/05/2025;26/05/2025;GISMARIO;EDIE JONNES;;;;;0 POSTE;;;JUAZEIRO;01/05/2025;Consolidado;N/A
AL/MELHORAMENTO;9102128052;1160624;ME-COEL-AG AGUAS BELAS-99999;JUAZEIRO;;;OK;MIGRAR;;;;NÃO INICIADA;;1;13;;13;;;PLANO 8;100%;R$ 127.773,10;;R$ 22.100,00;20/05/2025;23/05/2025;GISMARIO;EDIE JONNES;;;;;DA PLANILHA;E774801;E774813;JUAZEIRO;01/05/2025;Consolidado;N/A
EQUIPAMENTO;9102136894;1169864;IE-RELIGADOR-MAN-01W2-J02927;JUAZEIRO;;pes 62038 - oc 89671 - 30/05;OK;ENTREGA;;;;CONCLUIDA;;0;0;0;0;;;PLANO 8;100%;R$ 86.767,58;;R$ 0,00;28/05/2025;31/05/2025;GISMARIO;EDIE JONNES;;;;;0 POSTE;;;JUAZEIRO;01/05/2025;Consolidado;N/A
QLP;9102139750;1170306;UCIND-RUA-ILHA SOLTEIRA-VILA S FRANC;SOBRADINHO;;;OK;;;;;CONCLUIDA;;1;1;1;1;;;PLANO 7;100%;R$ 8.321,36;;R$ 1.700,00;08/05/2025;09/05/2025;JUAREZ;SANTIAGO;;;;;DA PLANILHA;E777198;E777198;JUAZEIRO;01/05/2025;Consolidado;N/A
QLP;9102130358;1165820;ER-CIND-POV-TIGRE 595-RURAL;CASA NOVA;;;OK;;MIGRAR;;;CONCLUIDA;;1;1;1;1;;;;100%;R$ 18.841,24;;R$ 1.700,00;09/05/2025;10/05/2025;DANIEL/ AILTON;PAULO JUNIOR;;;;;DA PLANILHA;E750235;E750235;JUAZEIRO;01/05/2025;Consolidado;N/A
QLP;9102135898;1168500;AC-CIND-CA-ELLIS MARIA-RURAL DE CIMA;JUAZEIRO;;;OK;;MIGRAR;;;CONCLUIDA;;1;1;1;1;;;;100%;R$ 27.211,65;;R$ 1.700,00;13/05/2025;16/05/2025;DOMINGOS;SANTIAGO;;;;;DA PLANILHA;E750233;E750233;JUAZEIRO;01/05/2025;Consolidado;N/A
INTERV SEGURANÇA;9102244605;1197173;IS-COEL-AV-MARIA DA G DE JESUS-J VITOR;JUAZEIRO;;;;AVANÇO;;;;NÃO INICIADA;;0;8;;4,8;;;PLANO 8;60%;R$ 106.579,70;;R$ 8.160,00;23/05/2025;26/05/2025;PEDRO BATISTA;ANDERSON;;;;;DA PLANILHA;E777259;E777266;JUAZEIRO;01/05/2025;Consolidado;N/A
QLP;9102069749;1201323;RR-CIND-POV-TOME-RURAL;JUAZEIRO;;;OK;;;;;CONCLUIDA;;2;23;23;23;;;;100%;R$ 233.043,39;;R$ 39.100,00;07/05/2025;17/05/2025;GISMARIO;EDIE JONNES;;;;;DA PLANILHA;E777309;E777331;JUAZEIRO;01/05/2025;Consolidado;N/A
RECLAMAÇÃO REITERADA OURO;9102025347;1126041;IT CIND FAZ CURAÇA PEQUENO RURAL;JUAZEIRO;;;OK;MIGRAR;;;;NÃO INICIADA;;0;95;;95;;;PLANO 7;100%;R$ 1.638.439,13;;R$ 161.500,00;14/05/2025;31/05/2025;FABIO;SANTIAGO;;;;;DA PLANILHA;E619540;E619634;JUAZEIRO;01/05/2025;Consolidado;N/A
GOVERNO OURO;9102208522;1193204;ER-CCOL-FAZ-ALEGRIA-DUNAS;CURAÇÁ;;;OK;;;;;CONCLUIDA;;1;2;2;2;;;PLANO 7;100%;R$ 9.710,21;;R$ 3.400,00;12/05/2025;14/05/2025;GISMARIO;EDIE JONNES;;;;;DA PLANILHA;E777246;E777247;JUAZEIRO;01/05/2025;Consolidado;N/A
JUDICIAL OURO;9101038464;806660;MP-CCOL-POV. CHAMUSCADO-RURAL;PILÃO ARCADO;;;EMERSON;AVANÇO;;;;NÃO INICIADA;;19;208;;104;;;PLANO 7;50%;R$ 915.701,36;;R$ 176.800,00;12/05/2025;30/06/2025;EMERSON;EMERSON;;;;;DA PLANILHA ;E773493;E773700;JUAZEIRO;01/05/2025;Consolidado;N/A
GOVERNO;9100061120;556240;RR-CCOL-POV.SÃO FRANCISCO-RURAL;REMANSO;;;OK;ENTREGA;;;;NÃO INICIADA;;15;73;;73;;;PLANO 14;100%;R$ 416.825,23;;R$ 124.100,00;12/05/2025;28/05/2025;DOMINGOS ;PAULO JUNIOR;;;;;DA PLANILHA;E774000;E774072;JUAZEIRO;01/05/2025;Consolidado;N/A
QLP;9101708533;1058096;MP-CCOL-POV-PONTA DA SERRA-RURAL;REMANSO;;;RUBEM;AVANÇO;;;;NÃO INICIADA;;6;74;;37;;;PLANO 14;50%;R$ 555.795,74;;R$ 62.900,00;20/05/2025;30/06/2025;RUBEM;RUBEM;;;;;DA PLANILHA;E774128;E774201;JUAZEIRO;01/05/2025;Consolidado;N/A
QLP;9101867742;1058100;AC-CIND-POV-PONTA DA SERRA-RURAL;REMANSO;;;RUBEM;AVANÇO;;;;NÃO INICIADA;;59;380;;76;;;PLANO 7;20%;R$ 4.001.588,32;;R$ 129.200,00;20/05/2025;31/08/2025;RUBEM;RUBEM;;;;;DA PLANILHA;E774354;E774683;JUAZEIRO;01/05/2025;Consolidado;N/A
GOVERNO OURO;9102158859;1182615;UCIND-ROD-235 KM-CENTRO;REMANSO;;;OK;ENTREGA;;;;CONCLUIDA;;1;1;1;1;;;PLANO 7;100%;R$ 42.657,68;;R$ 1.700,00;13/05/2025;23/05/2025;DOMINGOS ;PAULO JUNIOR;;;;;DA PLANILHA;E777234;E777234;JUAZEIRO;01/05/2025;Consolidado;N/A
PRIORIDADE PLANO ANEEL;9102166569;1183798;ER-CIND-POV-LAGOA DE S BENTO-RURAL;REMANSO;;;OK;ENTREGA;;;;NÃO INICIADA;;3;18;;18;;;PLANO 7;100%;R$ 148.133,83;;R$ 30.600,00;31/05/2025;31/05/2025;AILTON;PAULO JUNIOR;;;;;DA PLANILHA;E778042;E778059;JUAZEIRO;01/05/2025;Consolidado;N/A
JUDICIAL OURO;9100096585;515938;MP-CCOL-FAZ SERRA BRANCA E ARRED.-RURAL;REMANSO;;;JORGE;AVANÇO;JORGE;;;NÃO INICIADA;;21;1390;;834;;;PLANO 14;60%;R$ 3.562.538,12;;R$ 1.417.800,00;01/05/2025;30/06/2025;JORGE;JORGE;;;;;DA PLANILHA ;E618988;E619487;JUAZEIRO;01/05/2025;Consolidado;N/A
QLP;9102160548;1181568;ER-CIND-POV-ILHA ANDORINHA-I ANDORINHA;SENTO SÉ;;;OK;ENTREGA;;DESLIGAMENTO;;NÃO INICIADA;;3;19;;19;;;PLANO 7;100%;R$ 137.245,97;;R$ 32.300,00;27/05/2025;31/05/2025;CARLOS;SANTIAGO;;;;;DA PLANILHA;E777508;E777526;JUAZEIRO;01/05/2025;Consolidado;N/A
EQUIPAMENTO;9102170254;1191690;ME-COEL-ET-AGUAS BELAS-MALHADA DA AREIA;JUAZEIRO;;;OK;;MIGRAR;;;CONCLUIDA;;0;2;2;2;;;;100%;R$ 444.810,94;;R$ 3.400,00;01/05/2025;31/05/2025;IVONALDO;SANTIAGO;;;;;1016645/APROVADA ;E710264 ;E710333;JUAZEIRO;01/05/2025;Consolidado;N/A
LPT;9101924775;1093845;LD-CIND-POV LIMOEIRO-RURAL;SENTO SÉ;;pes 61164 - oc 93058 - 31/05;OK;;MIGRAR;LV;;CONCLUIDA;;1;12;13;12;;;PLANO 14;100%;R$ 167.046,83;;R$ 20.400,00;22/05/2025;28/05/2025;CARLOS;SANTIAGO;SANDRO;;;;;;;JUAZEIRO;01/05/2025;Consolidado;N/A
JUDICIAL OURO;9101862682;1064697;ER-CIND-POV-PINHOES-RURAL;JUAZEIRO;;;OK;;;;;CONCLUIDA;;1;3;3;3;;;PLANO 7;100%;R$ 8.547,93;;R$ 5.100,00;05/05/2025;10/05/2025;GISMARIO;EDIE JONNES;;;;;DA PLANILHA;E774754;E774756;JUAZEIRO;01/05/2025;Consolidado;N/A
QLP;9102126429;1165609;LD-CIND-POV-DESENGANO-RURAL;SENTO SÉ;;;EMERSON;;;;;CONCLUIDA;;1;11;11;11;;;PLANO 7;100%;R$ 58.958,21;;R$ 18.700,00;01/05/2025;15/05/2025;EMERSON;EMERSON;;;;;DA PLANILHA;E774089;E774099;JUAZEIRO;01/05/2025;Consolidado;N/A
QLP;9102045025;1130721;ER-CIND-RUA-SANTO ANTONIO-QUIXABA;SENTO SÉ;;pes 59305 - oc 84720 - 28/05;OK;ENTREGA;;LV;;CONCLUIDA;;1;8;8;8;;;PLANO 7;100%;R$ 49.393,73;;R$ 13.600,00;19/05/2025;23/05/2025;CARLOS;SANTIAGO;;;;;DA PLANILHA;E774346;E774353;JUAZEIRO;01/05/2025;Consolidado;N/A
AL/MELHORAMENTO;9102051310;1142287;ME-INTERL-SBO-01S1-SBO-01S4;SOBRADINHO;;;;AVANÇO;;DESLIGAMENTO;;NÃO INICIADA;;0;32;;16;;;PLANO 8;50%;R$ 302.798,40;;R$ 27.200,00;29/05/2025;31/05/2025;JUAREZ;SANTIAGO;;;;;DA PLANILHA;E773702;E773733;JUAZEIRO;01/05/2025;Consolidado;N/A
RECLAMAÇÃO;9101817187;1054973;MP-CIND-POV SANTA BARBARA-RURAL;SOBRADINHO;;pes 62273 - oc 91192 - 30/05;OK;ENTREGA;;DESLIGAMENTO + LV;;CONCLUIDA;;2;20;20;20;;;PLANO 14;100%;R$ 194.952,92;;R$ 34.000,00;14/05/2025;17/05/2025;FERNANDO;SANTIAGO;;;;;DA PLANILHA;E773980;E773999;JUAZEIRO;01/05/2025;Consolidado;N/A
RECLAMAÇÃO;9101769479;1045158;MP-CCOL-POV-CANAA CALDEIRAOZINHO RURAL;SOBRADINHO;;;OK;MIGRAR;;LV;;NÃO INICIADA;;3;15;;15;;;PLANO 14;100%;R$ 135.319,31;;R$ 25.500,00;22/05/2025;30/05/2025;JUAREZ;SANTIAGO;;;;;DA PLANILHA;E774073;E774087;JUAZEIRO;01/05/2025;Consolidado;N/A
AL/MELHORAMENTO;9101915089;1088191;AL - 01V8 - NOVA TOUR O - CONSTRU  O;JUAZEIRO;;;OK;;MIGRAR;;;CONCLUIDA;;0;3;3;3;;;PLANO 1;100%;R$ 224.034,66;;R$ 5.100,00;01/05/2025;15/05/2025;IVONALDO;SANTIAGO;;;;;DA PLANILHA ;E620080;E620082;JUAZEIRO;01/05/2025;Consolidado;N/A
QLP;9102131339;1164340;ER-CIND-POV-TATAUI-RURAL;SOBRADINHO;;;OK;MIGRAR;;;;NÃO INICIADA;;2;4;;4;;;PLANO 7;100%;R$ 24.026,53;;R$ 6.800,00;12/05/2025;15/05/2025;FERNANDO;SANTIAGO;;;;;DA PLANILHA;E774814;E774817;JUAZEIRO;01/05/2025;Consolidado;N/A
QLP;9102142635;1168621;ER-CIND-POV-SAO ROMAO-RURAL;CASA NOVA;;;OK;;MIGRAR;;;CONCLUIDA;;1;3;3;3;;;;100%;R$ 32.526,25;;R$ 5.100,00;08/05/2025;10/05/2025;DANIEL/ AILTON;PAULO JUNIOR;;;;;DA PLANILHA;E750238;E750240;JUAZEIRO;01/05/2025;Consolidado;N/A
RECLAMAÇÃO;9102160395;1189508;UCIND-RUA-11-VILA SAO JOAQUIM;SOBRADINHO;;;OK;MIGRAR;;;;NÃO INICIADA;;3;2;;2;;;PLANO 7;100%;R$ 12.961,61;;R$ 3.400,00;09/05/2025;12/05/2025;JUAREZ;SANTIAGO;;;;;DA PLANILHA;E777235;E777236;JUAZEIRO;01/05/2025;Consolidado;N/A
QLP;9102195507;1191865;ER-CIND-POV-TATAUI-RURAL;SOBRADINHO;;;OK;MIGRAR;;;;NÃO INICIADA;;2;9;;9;;;PLANO 7;100%;R$ 66.652,13;;R$ 15.300,00;05/05/2025;09/05/2025;JUAREZ;SANTIAGO;;;;;DA PLANILHA;E777237;E777245;JUAZEIRO;01/05/2025;Consolidado;N/A
AIC AUDITORIA;9102075175;1148449;MP-CIND-FAZ.DOS LOIOLAS SITIO-RURAL;UAUÁ;;;OK;ENTREGA;;;;CONCLUIDA;;1;37;38;37;;;PLANO 7;100%;R$ 338.301,36;;R$ 62.900,00;14/05/2025;31/05/2025;MAURICIO;EDIE JONNES;;;;;DA PLANILHA;E773794;E773830;JUAZEIRO;01/05/2025;Consolidado;N/A
AL/MELHORAMENTO;9102125740;1161662;ME-COEL-RUA-TIRADENTES 1-CENTRO-C ALEGRE;CAMPO ALEGRE DE LOURDES;;;OK;;MIGRAR;;;CONCLUIDA;;0;3;7;7;;;PLANO 8;100%;R$ 803.302,22;;R$ 11.900,00;01/05/2025;31/05/2025;DOMINGOS;PAULO JUNIOR;;;;;DA PLANILHA;E741496;E741502;JUAZEIRO;01/05/2025;Consolidado;N/A
NOVOS QUESTIONAMENTOS ANEEL OURO;9102171131;1189757;ME-COEL-RUA-AGUAS BELAS-MALHADA DA AREIA;JUAZEIRO;;;OK;;;;;CONCLUIDA;;0;4;4;4;;;PLANO 8;100%;R$ 147.367,64;;R$ 6.800,00;01/05/2025;31/05/2025;MANUTENÇÃO;ANDERSON;;;;;;;;JUAZEIRO;01/05/2025;Consolidado;N/A
REPUTACIONAL OURO;9102139488;1170180;RR-CIND-POV-PAREDAO-RURAL;UAUÁ;;pes 62180 - oc 91397 - 30/05;OK;ENTREGA;;;;CONCLUIDA;;1;5;5;5;;;PLANO 7;100%;R$ 31.517,78;;R$ 8.500,00;12/05/2025;15/05/2025;MAURICIO;EDIE JONNES;;;;;DA PLANILHA;E777186;E777190;JUAZEIRO;01/05/2025;Consolidado;N/A
RECLAMAÇÃO;9101988722;1117371;ER-CIND-POV LOGRADOURO DE BAIXO-RURAL;UAUÁ;;;OK;PES 53332 OC 52808 - 16/05;;;;CONCLUIDA;;1;4;4;4;;;PLANO 14;100%;R$ 33.172,55;;R$ 6.800,00;26/05/2025;29/05/2025;MAURICIO;EDIE JONNES;;;;;DA PLANILHA;E774713;E774716;JUAZEIRO;01/05/2025;Consolidado;N/A
GOVERNO OURO;9102074965;1145056;RR-SEIN-POV-CALDEIRAOZINHO-RURAL;UAUÁ;;;OK;AVANÇO;;;;NÃO INICIADA;;11;149;;149;;;PLANO 14;100%;R$ 1.070.372,80;;R$ 253.300,00;01/05/2025;31/05/2025;RUBEM;RUBEM;;;;;;;;JUAZEIRO;01/05/2025;Consolidado;N/A
AL/MELHORAMENTO;9102136535;1166496;ME-COEL-POV-SANTANA SOBRADO-RURAL;CASA NOVA;;;OK;;;;;CONCLUIDA;;0;5;5;5;;;PLANO 8;100%;R$ 57.713,68;;R$ 8.500,00;12/05/2025;17/05/2025;AILTON;PAULO JUNIOR;;;;;DA PLANILHA;E774823;E777185;JUAZEIRO;01/05/2025;Consolidado;N/A
AL/MELHORAMENTO;9101909687;1085220;AL - 01V3 - SE NOVA TOURÃO-EQUIP-Q008200;JUAZEIRO;;;OK;ENTREGA;;;;NÃO INICIADA;;0;2;;2;;;PLANO 1;100%;R$ 90.897,71;;R$ 3.400,00;01/05/2025;15/05/2025;IVONALDO;SANTIAGO;;;;;DA PLANILHA;E619909;E619910;JUAZEIRO;01/05/2025;Consolidado;N/A
QLP;9102132996;1170229;UCIND-RUA-DO CEMITERIO -URBANA;SENTO SÉ;;;OK;;;;;CONCLUIDA;;1;5;5;5;;;PLANO 7;100%;R$ 33.923,31;;R$ 8.500,00;21/05/2025;23/05/2025;CARLOS;SANTIAGO;;;;;DA PLANILHA;E777191;E777195;JUAZEIRO;01/05/2025;Consolidado;N/A
JUDICIAL;9102095200;1151835;AC-CIND-POV-ITAPICURU-RURAL;SENTO SÉ;;;OK;;MIGRAR;DESLIGAMENTO;;CONCLUIDA;;1;3;3;3;;;;100%;R$ 112.962,82;;R$ 5.100,00;01/05/2025;14/05/2025;CARLOS;SANTIAGO;;;;;DA PLANILHA ;E750016;E750018;JUAZEIRO;01/05/2025;Consolidado;N/A
QLP;9102030575;1127996;ER-CIND-POV-RIACHO JUAZEIRO 630 -A-RURAL;UAUÁ;;;OK;PES 54985 oc 46702 - 14/05;;;;CONCLUIDA;;1;5;5;5;;;PLANO 7;100%;R$ 17.403,64;;R$ 8.500,00;16/05/2025;20/05/2025;MAURICIO;EDIE JONNES;;;;;DA PLANILHA;E774793;E774797;JUAZEIRO;01/05/2025;Consolidado;N/A
NOVOS QUESTIONAMENTOS ANEEL OURO;9102153527;1175314;IS-CIND-RUA-AGUAS BELAS-MALHADA DA AREIA;JUAZEIRO;;;OK;;MIGRAR;;;CONCLUIDA;;0;7;7;7;;;;100%;R$ 61.369,62;;R$ 11.900,00;01/05/2025;15/05/2025;PAULO;SANTIAGO;;;;;DA PLANILHA ;E619973;E619979;JUAZEIRO;01/05/2025;Consolidado;N/A
REPUTACIONAL;9102138779;1169987;ER-CIND-SI-CRUZEIRO-RURAL;CASA NOVA;;;OK;;MIGRAR;;;CONCLUIDA;;1;8;8;8;;;;100%;R$ 87.162,13;;R$ 13.600,00;05/05/2025;09/05/2025;DANIEL/ AILTON;PAULO JUNIOR;;;;;DA PLANILHA;E750174;E750181;JUAZEIRO;01/05/2025;Consolidado;N/A
QLP;9102128878;1164868;ER-CIND-POV-GOIABEIRA II-GOIABEIRA II;JUAZEIRO;;;OK;MIGRAR;MIGRAR;;;NÃO INICIADA;;2;5;;5;;;;100%;R$ 62.327,12;;R$ 8.500,00;16/05/2025;17/05/2025;PEDRO BATISTA;ANDERSON;;;;;DA PLANILHA;E750187;E750191;JUAZEIRO;01/05/2025;Consolidado;N/A
LPT;9101205768;884168;MP-CCOL-POV SALGADINHA-RURAL;CASA NOVA;;;OK;;MIGRAR;;;CONCLUIDA;;1;9;9;9;;;PLANO 14;100%;R$ 48.586,56;;R$ 15.300,00;10/05/2025;13/05/2025;DANIEL/ AILTON;PAULO JUNIOR;;;;;DA PLANILHA ;E619700;E619708;JUAZEIRO;01/05/2025;Consolidado;N/A
GOVERNO OURO;9102223595;1194822;ER-SEIN-POV-DE RIO DE RANCHO-RURAL;UAUÁ;;;OK;;;;;CONCLUIDA;;3;11;12;11;;;PLANO 7;100%;R$ 92.829,69;;R$ 18.700,00;05/05/2025;15/05/2025;MAURICIO;EDIE JONNES;;;;;DA PLANILHA;E777248;E777258;JUAZEIRO;01/05/2025;Consolidado;N/A
AIC OBJETIVO;9101811791;1041575;MP-CCOL-POV-SERROTIM-RURAL;CURAÇÁ;;pes 61321 - oc 89465 - 30/05;OK;ENTREGA;;;;CONCLUIDA;;1;15;15;15;;;;100%;R$ 150.289,62;;R$ 25.500,00;05/05/2025;12/05/2025;IVONALDO;EDIE JONNES;;;;;DA PLANILHA;E777527;E777541;JUAZEIRO;01/05/2025;Consolidado;N/A
GRUPO A;9102238566;1193657;RR-GRUA-FAZ-VERMELHO-RURAL;JUAZEIRO;;;OK;ENTREGA;;;;NÃO INICIADA;;0;3;;3;;;PLANO 8;100%;R$ 255.026,24;;R$ 5.100,00;01/05/2025;15/05/2025;PEDRO BATISTA;ANDERSON;;;;;DA PLANILHA;E619946;E619948;JUAZEIRO;01/05/2025;Consolidado;N/A
RECLAMAÇÃO;9101988655;1116730;ER-CIND-SI-BARREIRINHO-RURAL;CASA NOVA;;;OK;;;;;CONCLUIDA;;1;13;13;13;;;PLANO 14;100%;R$ 81.171,15;;R$ 22.100,00;21/05/2025;28/05/2025;DANIEL;PAULO JUNIOR;;;;;DA PLANILHA;E774780;E774792;JUAZEIRO;01/05/2025;Consolidado;N/A
AIC AUDITORIA;9102121094;1161408;ER-CIND-FAZ-BARRINHA-RURAL;SOBRADINHO;;;OK;;;DESLIGAMENTO;;CONCLUIDA;;8;13;15;15;;;PLANO 14;100%;R$ 69.589,61;;R$ 25.500,00;12/05/2025;17/05/2025;JUAREZ;SANTIAGO;;;;;DA PLANILHA;E774290;E774302;JUAZEIRO;01/05/2025;Consolidado;N/A
AL/MELHORAMENTO;9101909685;1085103;AL - 01V2 - SE NOVA TOURÃO - EQUIP. Q008;JUAZEIRO;;;OK;ENTREGA;;;;CONCLUIDA;;0;2;2;2;;;PLANO 1;100%;R$ 75.636,00;;R$ 3.400,00;01/05/2025;31/05/2025;IVONALDO;SANTIAGO;;;;;DA PLANILHA;E619907;E619908;JUAZEIRO;01/05/2025;Consolidado;N/A
QLP;9102139564;1176266;RR-CIND-POV RIACHO DO SOBRADO-RURAL;CASA NOVA;;;OK;;MIGRAR;;;CONCLUIDA;;2;20;20;20;;;;100%;R$ 136.471,64;;R$ 34.000,00;19/05/2025;24/05/2025;DANIEL/ AILTON;PAULO JUNIOR;;;;;DA PLANILHA;E750206;E750225;JUAZEIRO;01/05/2025;Consolidado;N/A
REPUTACIONAL OURO;9102066379;1158033;MP-CIND-POV.GERGELIM 999-RURAL;CAMPO ALEGRE DE LOURDES;;;OK;;MIGRAR;;;CONCLUIDA;;3;34;34;34;;;;100%;R$ 745.323,36;;R$ 57.800,00;01/05/2025;10/05/2025;DOMINGOS;PAULO JUNIOR;;;;;DA PLANILHA ;E750259;E750292;JUAZEIRO;01/05/2025;Consolidado;N/A
QLA;9101725732;1009250;"ER CIND POV BREJO DE FORA RURAL
";SENTO SÉ;;; ;MIGRAR;;;;NÃO INICIADA;;;3;;;;;PLANO 7;100%;R$ 23.591,18;;;;;;;;;;;;;;JUAZEIRO;01/05/2025;Consolidado;N/A
PRIORIDADE PLANO ANEEL;9102121279;1164561;UCIND-RUA-5 987-CENTRO;SENTO SÉ;;;OK;;;;;CONCLUIDA;;3;1;1;1;;;PLANO 7;100%;R$ 8.115,27;;R$ 1.700,00;01/05/2025;15/05/2025;EMERSON;EMERSON;;;;;DA PLANILHA;E741478;E741478;JUAZEIRO;01/05/2025;Consolidado;N/A
AIC OBJETIVO;9101611073;1053585;MP-CIND-POV-TRAIRAS-RURAL;SOBRADINHO;;;OK;ENTREGA;;;;CONCLUIDA;;1;14;14;14;;;;100%;R$ 123.165,81;;R$ 23.800,00;17/05/2025;23/05/2025;JUAREZ;SANTIAGO;;;;;DA PLANILHA ;E750509;E750522;JUAZEIRO;01/05/2025;Consolidado;N/A
SUBSÍDIO DE DEFESA;9101473034;983487;MP CIND POV JUAZEIRO TOME RURAL;JUAZEIRO;;;OK;;;;;CONCLUIDA;;1;23;3;23;;;PLANO 14;100%;R$ 234.811,03;;R$ 39.100,00;12/05/2025;15/05/2025;PEDRO BATISTA;ANDERSON;;;;;DA PLANILHA;E774684;E774706;JUAZEIRO;01/05/2025;Consolidado;N/A
AIC OBJETIVO;9102047690;1132936;MP CIND POV RIACHO SECO RURAL;CURAÇÁ;;pes 62067 - oc 90872 - 30/05;OK;ENTREGA;;;;CONCLUIDA;;2;16;16;16;;;;100%;R$ 171.281,73;;R$ 27.200,00;28/05/2025;31/05/2025;IVONALDO;EDIE JONNES;;;;;DA PLANILHA;E750242;E750257;JUAZEIRO;01/05/2025;Consolidado;N/A
GOVERNO OURO;9102167302;1190937;ER-CCOL-POV-PATAMUTE-RURAL;CURAÇÁ;;;OK;;MIGRAR;;;CONCLUIDA;;1;31;30;30;;;;100%;R$ 264.976,91;;R$ 51.000,00;01/05/2025;08/05/2025;FERNANDO;SANTIAGO;;;;;DA PLANILHA ;E750118;E750148;JUAZEIRO;01/05/2025;Consolidado;N/A
SOLICITAÇÃO ATENDIMENTO;9101190009;875302;MP-CCOL-POV.LAGOA DOS BOIS-RURAL;JUAZEIRO;;;OK;;MIGRAR;;;CONCLUIDA;;2;37;37;37;;;PLANO 14;100%;R$ 394.092,32;;R$ 62.900,00;01/05/2025;10/05/2025;JUAREZ;EDIE JONNES;;;;;DA PLANILHA ;E619663;E619699;JUAZEIRO;01/05/2025;Consolidado;N/A
SOLICITAÇÃO ATENDIMENTO;9101977212;1115260;AC-CIND-RUA-PADRE JOAO FRE-CENTRO;PILÃO ARCADO;;;OK;ENTREGA;;;;NÃO INICIADA;;1;4;;4;;;PLANO 7;100%;R$ 69.502,35;;R$ 6.800,00;01/05/2025;26/05/2025;DOMINGOS;PAULO JUNIOR;;;;;1016690/APROVADA;E710834;E710841;JUAZEIRO;01/05/2025;Consolidado;N/A
JUDICIAL OURO;9102103285;1157069;ER-CIND-POV-BARRO VERMELHO-RURAL;CURAÇÁ;;;OK;;MIGRAR;;;CONCLUIDA;;1;42;42;42;;;PLANO 7;100%;R$ 235.113,59;;R$ 71.400,00;01/05/2025;10/05/2025;FABIO;SANTIAGO;;;;;DA PLANILHA ;E619712;E619753;JUAZEIRO;01/05/2025;Consolidado;N/A
REPUTACIONAL;9102132629;1161619;ER-CIND-FAZ-MASSAYO-RURAL;JUAZEIRO;;;OK;MIGRAR ;;;;NÃO INICIADA;;1;1;;1;;;PLANO 7;100%;R$ 91.201,34;;R$ 1.700,00;01/05/2025;31/05/2025;MANUTENÇÃO;ANDERSON;;;;;1020103/APROVADA;E725929;E725929;JUAZEIRO;01/05/2025;Consolidado;N/A
RECLAMAÇÃO;9102163350;1185415;AC-CIND-POV-CHAPADINHA-RURAL-SOBRADINHO;SOBRADINHO;;;OK;MIGRAR ;;;;EM EXECUÇÃO;;1;1;1;1;;;PLANO 7;100%;R$ 33.004,23;;R$ 1.700,00;16/05/2025;16/05/2025;JUAREZ;SANTIAGO;;;;;DA PLANILHA;E778060;E778060;JUAZEIRO;01/05/2025;Consolidado;N/A
;9102096113;1152296;ER-CCOL-FAZ-ROCADO-CORRENTEZA;SOBRADINHO;;;;MIGRAR;;;;NÃO INICIADA;;4;6;;;;;PLANO 7;100%;R$ 26.721,20;;R$ 0,00;;;;;;;;;;;;JUAZEIRO;01/05/2025;Consolidado;N/A
QLP;9101913416;1086962;LD CIND POV QUIXABÁ RURAL;SENTO SÉ;;;OK;;;LV;;CONCLUIDA;;1;1;1;1;;;PLANO 7;100%;R$ 39.454,90;;R$ 1.700,00;17/05/2025;20/05/2025;JACKSON;SANTIAGO;;;;;DA PLANILHA;E774088;E774088;JUAZEIRO;01/05/2025;Consolidado;N/A
QLP;9102125866;1165100;ER-CIND-POV-BAIXAO 2852-RURAL-CASA NOVA;CASA NOVA;;;;;;;;CONCLUIDA;;1;2;2;;;;;100%;R$ 14.285,89;R$ 3.571,47;R$ 4.200,00;11/04/2025;11/04/2025;AILTON;PAULO JUNIOR;DIEGO;-9,325327756;-41,0751019;;DA PLANILHA;E750231;E750232;JUAZEIRO;01/05/2025;Consolidado;N/A
PRIORIDADE PLANO ANEEL;9102153549;1175531;ER-CIND-PR -CASTRO ALVES 7-MASSAROCA;JUAZEIRO;;;OK;;;;;CONCLUIDA;;1;5;5;5;;;PLANO 7;100%;R$ 23.995,33;R$ 5.998,83;R$ 10.500,00;;;;ANDERSON;;;;;DA PLANILHA;E750194;E750198;JUAZEIRO;01/05/2025;Consolidado;N/A
REPUTACIONAL;9102243345;1201535;AC-REGFV-CCOL-POV DESTERRO-CAI ARA-III;CASA NOVA;;;;;;;;CONCLUIDA;;53;94;94;;;;PLANO 7;100%;R$ 769.784,85;;;;;JORGE;JORGE;;;;;;;;JUAZEIRO;01/05/2025;Consolidado;N/A
PRIORIDADE PLANO ANEEL;9102155987;1183422;ER-CIND-POV-NEGROS-NEGROS;REMANSO;;;;;;;;CONCLUIDA;;7;20;20;;;;PLANO 14;100%;R$ 155.145,69;;;;;JORGE;JORGE;;;;;;;;JUAZEIRO;01/05/2025;Consolidado;N/A
