PROJETO;ENERGIZAÇÃO;TÍTULO;MUNICIPIO;ENCARREGADO;STATUS 1;CAVR;PSTP;PST EXEC;OBS;RESUMO;LV;RESUMO LV;Nº PES;% CAVAS;DT DESL;PES DESLIG;% POSTES;CONCRETO;OBS CAVA;CLIET.;PLANO;CRITERIO;AVANÇO;CARTEIRA;V. PROJETO;SUPERVISOR;AR;PV. INÍCIO;PV. FIM;DT. SEPARAÇÃO;RESERVA;SACADO;PRÉ FECHAMENTO;AS BUILT;DEVOLUÇAO;OBRAS SIMPLIFICADAS;VISITA PRÉVIA;REFERÊNCIA;COORDENADAS;LINK PROJETO;PG'S;LATITUDE;LONGITUDE;COORD;Carteira;PROJETO_FATO;STATUS_AUDITORIA;MOTIVO_DESCARTE
B-1213219;04/12/2025;ER-CIND-FAZ-BREJO DO TAMANDUA 360-RURAL;CAMPO FORMOSO;EDVALDO;Energizada;2;2;;ENERGIZADA;BT;;;155445 BT;;;;50%;1;;2;PLANO 14;PRIORIDADE PLANO ANEEL;100%;dez./1;R$ 14.142,08;JOAO;;08/12/2025;06/12/2025;04/12/2025;;;TRUE;TRUE;TRUE;;;Q025192;-10,0836703, -40,7902851;https://drive.google.com/file/d/14eWefw9sXMaUgLTNvnXjgh2X7WiVv5CI/view?usp=drive_link;E903485 – E903486;;;SENHOR DO BONFIM;2025-12-01;1213219;Consolidado;N/A
B-1216576;04/12/2025;UB-CIND-RUA-DA CHACARA 46-ESPLANADA;CAMPO FORMOSO;EDVALDO;Energizada;2;2;;ENERGIZADA;BT;;;155427 BT;;;;100%;2;;1;PLANO 7;INSTITUCIONAL;100%;dez./1;R$ 14.214,02;JOAO;;01/12/2025;06/12/2025;04/12/2025;;;TRUE;TRUE;TRUE;;;D014317;-10,1695737, -39,9124873;https://drive.google.com/file/d/11ZfkQxmyFlXHgT-bUjNWxoFDkZ0vkei_/view?usp=drive_link;E903487 – E903488;;;SENHOR DO BONFIM;2025-12-01;1216576;Consolidado;N/A
B-1195376;05/12/2025;UB-CIND-TRV-URUGUAI-ALTO DO CIGANO;SENHOR DO BONFIM;JOILSON;Energizada;4;4;;ENERGIZADA;BT;;;157325 BT;;;;0%;0;;1;PLANO 7;QLP;100%;dez./1;R$ 19.810,30;JOAO;;01/12/2025;06/12/2025;04/12/2025;;;TRUE;TRUE;TRUE;;;D027915;-10,3068135, -39,7757301;https://drive.google.com/file/d/1nvin3ZBBreRLcwqETWqtlY2iq48vkRV_/view?usp=drive_link;E903547 – E903550;;;SENHOR DO BONFIM;2025-12-01;1195376;Consolidado;N/A
B-1209497;05/12/2025;ER-CIND-POV-LAGOA DO SACO-RURAL;MONTE SANTO;OSMAR;Energizada;0;0;;ENERGIZADA;DESL;;;;;05/dez;149358;#DIV/0!;0;;1;PLANO 7;PRIORIDADE PLANO ANEEL;100%;dez./1;R$ 1.135,38;GABRIEL;;01/12/2025;06/12/2025;04/12/2025;;;TRUE;TRUE;FALSE;;;Q024111;-10,0808017, -40,754031;https://drive.google.com/file/d/1Ul3jyXCCFMu_QUENHehCL8gXr1RDHi93/view?usp=drive_link;0;;;SENHOR DO BONFIM;2025-12-01;1209497;Consolidado;N/A
B-1211197;05/12/2025;ER-CIND-POV-LAGE DE DENTRO-S ANTONIO;MONTE SANTO;OSMAR;Energizada;0;0;;ENERGIZADA;BT;;;154606 BT;;;;#DIV/0!;0;;1;PLANO 14;PRIORIDADE PLANO ANEEL;100%;dez./1;R$ 2.064,80;GABRIEL;;01/12/2025;06/12/2025;04/12/2025;;;TRUE;TRUE;FALSE;;;B512098;-10,6535569, -39,5091324;https://drive.google.com/file/d/1O9EdgDi5Zom7p53aPOAasLZmsoARWeYF/view?usp=drive_link;0;;;SENHOR DO BONFIM;2025-12-01;1211197;Consolidado;N/A
B-1200560;05/12/2025;UB-CIND-POV-MATA FUNDA-ARTUR GONCALVES;JAGUARARI;WAGNER;Energizada;3;3;;ENERGIZADA;BT;;;155502 BT;;;;0%;0;;1;PLANO 7;INSTITUCIONAL;100%;dez./1;R$ 6.792,20;JOAO;;02/12/2025;06/12/2025;04/12/2025;;;TRUE;TRUE;FALSE;;;D579386;-10,7937064, -39,4086477;https://drive.google.com/file/d/1e6hborqdoTiXauhNikIr5DkZq-Xizw8P/view?usp=drive_link;E903457 – E903457;;;SENHOR DO BONFIM;2025-12-01;1200560;Consolidado;N/A
B-1216143;;ER-CIND-POV-MANDASSAIA-RURAL;MONTE SANTO;OSMAR;;;0;;FALTA TRAFO 210446 3-75. PRECISA DESLIGAMENTO;DESL;;;;;22/dez;157210;#DIV/0!;0;;1;PLANO 7;GOVERNO;100%;dez./1;R$ 21.535,59;GABRIEL;;01/12/2025;06/12/2025;04/12/2025;;;TRUE;FALSE;FALSE;;;Q097286;-10,3447027, -39,833628;https://drive.google.com/file/d/1upyEJCYV6Plq7-XjoRF1LeshqK8AxNgP/view?usp=drive_link;0;;;SENHOR DO BONFIM;2025-12-01;1216143;Consolidado;N/A
B-1060677;05/12/2025;ER-CIND-POV-CACHOEIRA-ANDORINHA;ANDORINHAS;ALDAIR;Energizada;1;1;;ENERGIZADA;BT;;;152806 BT;;;;100%;1;;1;PLANO 14;PRIORIDADE PLANO ANEEL;100%;dez./1;R$ 2.393,07;GABRIEL;;01/12/2025;06/12/2025;08/12/2025;;;TRUE;TRUE;TRUE;;;D176660;-10,519236, -39,5719243;https://drive.google.com/file/d/1YqFWPZ9XmxGDafwX-EFfOLnSDBnECcgt/view?usp=drive_link;E903441 – E903441;;;SENHOR DO BONFIM;2025-12-01;1060677;Consolidado;N/A
B-1168472;06/12/2025;ER-CIND-FAZ-BOA ESPERANCA-AROEIRA;CANSANÇÃO;ANAILTON;Energizada;1;1;;ENERGIZADA;BT;;;155468 BT;;;;100%;1;;1;PLANO 7;QLP;100%;dez./1;R$ 8.953,72;GABRIEL;;01/12/2025;06/12/2025;04/12/2025;;;TRUE;TRUE;FALSE;;;D572237;-10,7327223, -39,9398931;https://drive.google.com/file/d/1VVDaIKto3SkqcWF-jXAvtx1gZE8STlxi/view?usp=drive_link;E903447 – E903447;;;SENHOR DO BONFIM;2025-12-01;1168472;Consolidado;N/A
B-1162133;08/12/2025;ER-CIND-POV-DO CEDRO 89-CEDRO;CANSANÇÃO;ANAILTON;Energizada;2;2;;ENERGIZADA;BT;;;155460 BT;;;;50%;1;;1;PLANO 7;QLP;100%;dez./1;R$ 17.547,80;GABRIEL;;01/12/2025;06/12/2025;04/12/2025;;;TRUE;TRUE;FALSE;;;D533644;-10,4634578, -40,1959387;https://drive.google.com/file/d/1Ilhh29BvGloJLPKjlh8X0t_HjoXHBVCs/view?usp=drive_link;E903489 – E903490;;;SENHOR DO BONFIM;2025-12-01;1162133;Consolidado;N/A
B-1203366;08/12/2025;ER-CIND-FAZ-CACIMBAS-RURAL - ALTO ALEGRE;MONTE SANTO;JEFFERSON;Energizada;5;5;;ENERGIZADA;BT;;;154547 BT;;;;100%;5;;1;PLANO 14;PRIORIDADE PLANO ANEEL;100%;dez./1;R$ 28.029,56;GABRIEL;;08/12/2025;13/12/2025;08/12/2025;;;TRUE;TRUE;FALSE;;;D687381;-10,6652199, -39,7503105;https://drive.google.com/file/d/199TQId0Fic-wZtYD78Gc8XqiuVw0h0A8/view?usp=drive_link;E875423 - E875427;;;SENHOR DO BONFIM;2025-12-01;1203366;Consolidado;N/A
B-1211105;08/12/2025;ER-CIND-FAZ-CAIX O-RURAL;MONTE SANTO;OSMAR;Energizada;5;5;;ENERGIZADA;BT;;;154559 BT;;;;100%;5;;1;PLANO 14;PRIORIDADE PLANO ANEEL;100%;dez./1;R$ 28.969,19;GABRIEL;;08/12/2025;13/12/2025;08/12/2025;;;TRUE;TRUE;FALSE;;;B911856;-10,39105, -39,23177;https://drive.google.com/file/d/1bClmOkc0vO7w2M5RLUdKylKowOit6gm3/view?usp=drive_link;E875433 - E875437;;;SENHOR DO BONFIM;2025-12-01;1211105;Consolidado;N/A
B-1195304;08/12/2025;ER-CIND-POV-ANJO-RURAL;SENHOR DO BONFIM;JAIRO BATISTA;Energizada;1;1;;ENERGIZADA;LV + BT;;1 N1;LV-149938          152620 BT;;;;0%;0;;1;PLANO 7;PRIORIDADE PLANO ANEEL;100%;dez./1;R$ 10.350,16;JOAO;;08/12/2025;13/12/2025;05/12/2025;;;TRUE;TRUE;TRUE;;;D287684;-10,4582815, -39,1611494;https://drive.google.com/file/d/1qxj2CAOJAl_X0tCtGyMD-Pd6BxC_vVNG/view?usp=drive_link;E903466 – E903466;;;SENHOR DO BONFIM;2025-12-01;1195304;Consolidado;N/A
B-1169729;09/12/2025;ER-CIND-FAZ-S O GONCALO-RURAL;ANDORINHAS;ALDAIR;Energizada;2;2;;ENERGIZADA;LV + BT;;N1;LV-150823                152785 BT;;09/dez;149360;100%;2;;1;PLANO 7;QLP;100%;dez./1;R$ 18.492,73;GABRIEL;;08/12/2025;13/12/2025;08/12/2025;;;TRUE;TRUE;TRUE;;;D912764;-10,4444659, -40,1858723;https://drive.google.com/file/d/1PPgwtIFgqUJVpYBEtIBlzN3M11pOed9Q/view?usp=drive_link;E903469 – E903470;;;SENHOR DO BONFIM;2025-12-01;1169729;Consolidado;N/A
B-1190993;09/12/2025;ER-CIND-POV-LAGEDOS-RURAL;ANDORINHAS;ALDAIR;Energizada;2;2;;ENERGIZADA;BT;;;152820 BT;;;;100%;2;;1;PLANO 7;RECLAMAÇÃO;100%;dez./1;R$ 9.333,97;GABRIEL;;08/12/2025;08/12/2025;08/12/2025;;;TRUE;TRUE;TRUE;;;D724197;-10,3910533, -39,2317781;https://drive.google.com/file/d/1MtLEAVNpsRGLZW9urp-Oc5K4xyrVHPkx/view?usp=drive_link;E903473 – E903474;;;SENHOR DO BONFIM;2025-12-01;1190993;Consolidado;N/A
B-1163011;09/12/2025;ER-CIND-POV-JATOBA-RURAL;CANSANÇÃO;ANAILTON;Energizada;2;2;;ENERGIZADA;LV + BT;;2 N1;LV-151536                155620 BT;;09/dez;149359;100%;2;;1;PLANO 14;QLP;100%;dez./1;R$ 17.185,92;GABRIEL;;08/12/2025;13/12/2025;08/12/2025;;;TRUE;TRUE;FALSE;;;D028117;-10,3926828, -40,5671371;https://drive.google.com/file/d/1miMAFbHEEH9sYNYw454Mi5A6xid_8fzR/view?usp=drive_link;E903495 – E903496;;;SENHOR DO BONFIM;2025-12-01;1163011;Consolidado;N/A
B-1212217;09/12/2025;ER-CIND-POV-CONTENDAS-RURAL;MONTE SANTO;JEFFERSON;Energizada;2;2;;ENERGIZADA;BT;;;154588 BT;;;;0%;0;;2;PLANO 14;PRIORIDADE PLANO ANEEL;100%;dez./1;R$ 11.562,19;GABRIEL;;08/12/2025;13/12/2025;08/12/2025;;;TRUE;TRUE;FALSE;;;E419859;-10,45828, -39,16114;https://drive.google.com/file/d/1aSRqqpk9TlcSJREgnSPLjgzobuwTiTP-/view?usp=drive_link;E903509 – E903510;;;SENHOR DO BONFIM;2025-12-01;1212217;Consolidado;N/A
B-1168652;09/12/2025;ER-CIND-FAZ-TRINDADE-RURAL;NORDESTINA;MARCELO;Energizada;14;14;;ENERGIZADA;LV + ENERGZ;;;156931 EN 145533 LV;;;;92,85714286%;13;;1;PLANO 7;QLP;100%;dez./1;R$ 25.858,13;GABRIEL;;15/12/2025;15/12/2025;;;TRUE;TRUE;TRUE;FALSE;FALSE;FALSE;;;;;;;SENHOR DO BONFIM;2025-12-01;1168652;Consolidado;N/A
B-1212280;09/12/2025;ER-CIND-POV-CAIXAO-RURAL;MONTE SANTO;OSMAR;Energizada;1;1;;ENERGIZADA;BT;;;154602  BT;;;;100%;1;;1;PLANO 14;PRIORIDADE PLANO ANEEL;100%;dez./1;R$ 6.959,22;GABRIEL;;08/12/2025;13/12/2025;08/12/2025;;;TRUE;TRUE;FALSE;;;D019017;-10,5080685, -39,2049433;https://drive.google.com/file/d/1iaReyDZbmnRPRA4oMByw9SKmsDgjWg2n/view?usp=drive_link;E903459 – E903459;;;SENHOR DO BONFIM;2025-12-01;1212280;Consolidado;N/A
B-1212309;10/12/2025;ER-CIND-POV ITAPICURU-RURAL;MONTE SANTO;OSMAR;Energizada;1;1;;ENERGIZADA;BT;;;154621 BT;;;;100%;1;;1;PLANO 7;GOVERNO;100%;dez./1;R$ 6.290,54;GABRIEL;;01/12/2025;06/12/2025;04/12/2025;;;TRUE;TRUE;FALSE;;;E301719;-10,25303, -39,46806;https://drive.google.com/file/d/1TeaY42sKnRJFdRnihRLL-D9Ne5x3TEqt/view?usp=drive_link;0;;;SENHOR DO BONFIM;2025-12-01;1212309;Consolidado;N/A
B-1182601;10/12/2025;ER-CIND-FAZ-SALGADO 9999-RURAL;ANDORINHAS;ALDAIR;Energizada;2;2;;ENERGIZADA;LV + BT;;2 N1;LV-150959           152821 BT;;;;100%;2;;1;PLANO 7;PRIORIDADE PLANO ANEEL;100%;dez./1;R$ 15.173,45;GABRIEL;;08/12/2025;13/12/2025;08/12/2025;;;TRUE;TRUE;TRUE;;;D131721;-10,8256707, -39,4362819;https://drive.google.com/file/d/1NnG2MZw-8IQStYqeGz02U47VLYUHVWva/view?usp=drive_link;E903471 – E903472;;;SENHOR DO BONFIM;2025-12-01;1182601;Consolidado;N/A
B-1213720;10/12/2025;ER-CIND-FAZ-LAGOA DO SERTAO-RURAL;CANSANÇÃO;ANAILTON;Energizada;2;2;;ENERGIZADA;LV + BT;;2 N1;LV-151688                  155628 BT;;10/dez;149364;100%;2;;1;PLANO 7;PRIORIDADE PLANO ANEEL;100%;dez./1;R$ 16.849,73;GABRIEL;;08/12/2025;13/12/2025;08/12/2025;;FALSE;TRUE;TRUE;FALSE;;;B248039;-10,7056848, -39,955918;https://drive.google.com/file/d/1y03McVr6b1oF1UOefVHQ_zROF7O_6aVe/view?usp=drive_link;E903491 – E903492;;;SENHOR DO BONFIM;2025-12-01;1213720;Consolidado;N/A
B-1162951;10/12/2025;ER-CIND-POV-ANGICO I 174-RURAL;NORDESTINA;MARCELO;Energizada;1;1;;ENERGIZADA;LV;;1 N1;;;10/dez;149366;100%;1;;1;PLANO 7;QLP;100%;dez./1;R$ 5.345,95;GABRIEL;;08/12/2025;13/12/2025;08/12/2025;;;TRUE;TRUE;FALSE;;;D182013;-10,5061331, -40,4109759;https://drive.google.com/file/d/1kQmE9ps8o7G3GlqQwPQj_LTbzgjffVCn/view?usp=drive_link;E903461 – E903461;;;SENHOR DO BONFIM;2025-12-01;1162951;Consolidado;N/A
B-1199790;11/12/2025;ER-CIND-POV-AROEIRA-RURAL;QUEIMADAS;MARCELO;Energizada;2;2;;ENERGIZADA;BT;;;155540 BT;;;;100%;2;;1;PLANO 14;PRIORIDADE PLANO ANEEL;100%;dez./1;R$ 8.948,54;GABRIEL;;01/12/2025;06/12/2025;04/12/2025;;;TRUE;TRUE;FALSE;;;D279753;-9,9527432, -40,0411656;https://drive.google.com/file/d/1RVlfghPngmTULOg_OcgJJrP3EM45S125/view?usp=drive_link;E903517 – E903518;;;SENHOR DO BONFIM;2025-12-01;1199790;Consolidado;N/A
B-1209496;11/12/2025;ER-CIND-FAZ-BOA ESPERANCA-AROEIRA;CANSANÇÃO;ANAILTON;Energizada;1;1;;ENERGIZADA;LV + BT;;1 N1;LV-151515                  155639 BT;;11/dez;149367;100%;1;;1;PLANO 7;PRIORIDADE PLANO ANEEL;100%;dez./1;R$ 7.675,74;GABRIEL;;08/12/2025;13/12/2025;08/12/2025;;;TRUE;TRUE;FALSE;;;D803198;-10,654168 , -39,508692;https://drive.google.com/file/d/19-zeNrfS9J3a22RQTTEbj7wQdrXEKQYA/view?usp=drive_link;E903448 – E903448;;;SENHOR DO BONFIM;2025-12-01;1209496;Consolidado;N/A
B-1202483;12/12/2025;ER-CIND-FAZ-TANQUE DAS VARAS-RURAL;ANDORINHAS;ALDAIR;Energizada;2;2;;ENERGIZADA;BT;;;152816 BT;;;;100%;2;;1;PLANO 14;PRIORIDADE PLANO ANEEL;100%;dez./1;R$ 14.356,72;GABRIEL;;01/12/2025;06/12/2025;04/12/2025;;;TRUE;TRUE;TRUE;;;D079637;-10,8661634, -39,4413791;https://drive.google.com/file/d/17dSrB9Ztjfq3up0zC6XHtkkhwHq0xdkO/view?usp=drive_link;E903475 – E903476;;;SENHOR DO BONFIM;2025-12-01;1202483;Consolidado;N/A
B-1210636;12/12/2025;ER-CIND-ET-SOTEPLAN-RURAL;ANDORINHAS;ALDAIR;Energizada;1;1;;ENERGIZADA;BT;;;152817 BT;;;;100%;1;;1;PLANO 7;PRIORIDADE PLANO ANEEL;100%;dez./1;R$ 6.083,29;GABRIEL;;01/12/2025;06/12/2025;08/12/2025;;;TRUE;TRUE;TRUE;;;D688157;-10,575572, -39,7765314;https://drive.google.com/file/d/1EjUJo5q0tugwdvz0GU5nmJJFEhO2R-XR/view?usp=drive_link;E903444 – E903444;;;SENHOR DO BONFIM;2025-12-01;1210636;Consolidado;N/A
B-1213819;12/12/2025;ER-CIND-POV CALDEIRAO DO AMANCIO-RURAL;NORDESTINA;MARCELO;Energizada;5;5;;ENERGIZADA;LV + BT;;2 N1;157685 BT;;12/dez;149375;120%;6;;1;PLANO 7;PRIORIDADE PLANO ANEEL;100%;dez./1;R$ 25.880,44;GABRIEL;;08/12/2025;13/12/2025;08/12/2025;;;TRUE;TRUE;FALSE;;;E609172;-10,7937, -39,40864;https://drive.google.com/file/d/18rcoXf_Wh56EH-e5dZRvCfVUEUPTLF_g/view?usp=drive_link;E903515 – E903516;;;SENHOR DO BONFIM;2025-12-01;1213819;Consolidado;N/A
B-1217438;12/12/2025;UB-CIND-RUA-NOVA 9975-CENTRO;MONTE SANTO;OSMAR;Energizada;1;1;;ENERGIZADA;LV + BT;;;LV-151709                  154508 BT;;;149623;100%;1;;1;PLANO 7;PRIORIDADE PLANO ANEEL;100%;dez./1;R$ 6.969,21;GABRIEL;;15/12/2025;20/12/2025;08/12/2025;;;TRUE;TRUE;FALSE;;;D250692;-10,3829779, -40,114232;https://drive.google.com/file/d/1EQvzaf7Q7WGOtpQVFkVUa2IuP36X1QA6/view?usp=drive_link;E903460 – E903460;;;SENHOR DO BONFIM;2025-12-01;1217438;Consolidado;N/A
B-1166593;12/12/2025;ER-CIND-POV-RURAL-COBRA;FILADÉLFIA;GESONI;Energizada;1;1;;ENERGIZADA;LV + BT;;1 N1;LV-151335                   161663 BT;;;149499;0%;0;;1;PLANO 7;QLP;100%;dez./1;R$ 11.310,25;JOAO;;15/12/2025;20/12/2025;09/12/2025;;;TRUE;TRUE;TRUE;;;Q059936;-10,4898858, -40,2960878;https://drive.google.com/file/d/1eFo8DPDPVyDtVxvJbKuqtiNDGWd2HL99/view?usp=drive_link;E903450 – E903450;;;SENHOR DO BONFIM;2025-12-01;1166593;Consolidado;N/A
B-1166295;12/12/2025;ER-CIND-FAZ-BOA ESPERANCA-AROEIRA;CANSANÇÃO;ANAILTON;Energizada;2;2;;ENERGIZADA;DESL;;;;;12/dez;149373;100%;2;;1;PLANO 7;QLP;100%;dez./1;R$ 23.319,62;GABRIEL;;08/12/2025;13/12/2025;08/12/2025;;;TRUE;TRUE;FALSE;;;D129136;-10,4529673, -40,5616592;https://drive.google.com/file/d/1B_DzCx-8GdFI18pQfnLkorZ2hH4WemZm/view?usp=drive_link;E903497 – E903498;;;SENHOR DO BONFIM;2025-12-01;1166295;Consolidado;N/A
B-1215301;13/12/2025;ER-CIND-RUA-DO PREDIO VELHO 55-RURAL;ITIÚBA;GESONI;Energizada;2;2;;ENERGIZADA;BT;;;155477 BT;;;;100%;2;;1;PLANO 7;PRIORIDADE PLANO ANEEL;100%;dez./1;R$ 16.584,77;JOAO;;01/12/2025;06/12/2025;04/12/2025;;TRUE;TRUE;TRUE;TRUE;;;D250323;-10,9860798, -39,7808555;https://drive.google.com/file/d/1RInqK-INw-h2UfvOBpa8hBDA1bs49gW_/view?usp=drive_link;0;;;SENHOR DO BONFIM;2025-12-01;1215301;Consolidado;N/A
B-1174706;13/12/2025;UB-CIND-RUA-ALVINO MAIA-CENTRO;FILADÉLFIA;GESONI;Energizada;1;1;;ENERGIZADA;BT;;;157785 BT;;;;0%;0;;0;PLANO 7;QLP;100%;dez./1;R$ 6.633,95;JOAO;;29/12/2025;31/12/2025;09/12/2025;;;TRUE;TRUE;TRUE;;;D763195;-10,8250703, -39,4204915;https://drive.google.com/file/d/1Uh8qu9M0E4tRiiv8LuAkIFNM2ef6DWjC/view?usp=drive_link;E903451 – E903451;;;SENHOR DO BONFIM;2025-12-01;1174706;Consolidado;N/A
B-1162903;16/12/2025;AC-CIND-ET-ADUTORA M CARAIBA-RURAL;JAGUARARI;REGINALDO;Energizada;2;2;;ENERGIZADA;DESL + LV;Realizado;;;;09/12;155675;0%;0;;0;PLANO 7;GOVERNO;50%;dez./1;R$ 69.738,95;JOAO;;03/12/2025;19/12/2025;08/12/2025;;;TRUE;TRUE;TRUE;;;E005588;-9,83753, -39,99548;https://drive.google.com/file/d/1tpeNHl9E1QM-1X8DLD5_fyqVISpJZpqh/view?usp=drive_link;E903456 – E903456;;;SENHOR DO BONFIM;2025-12-01;1162903;Consolidado;N/A
B-1201171;16/12/2025;ER-CIND-POV-FLAMENGO 40-RURAL;JAGUARARI;WAGNER;Energizada;7;7;;ENERGIZADA;BT;;;159153 BT;;;;0%;0;;1;PLANO 14;PRIORIDADE PLANO ANEEL;100%;dez./1;R$ 35.023,09;JOAO;;15/12/2025;20/12/2025;09/12/2025;;;TRUE;FALSE;FALSE;;;Q109366;-10,5372411, -39,28217;https://drive.google.com/file/d/1mrzYHsyBppkgDPsZ8QdQbeeNcMxlxtiC/view?usp=drive_link;E875132 – E875138;;;SENHOR DO BONFIM;2025-12-01;1201171;Consolidado;N/A
B-1196433;16/12/2025;ER-CIND-POV-LAGOA DO JANUARIO-CENTRO;CANSANÇÃO;ANAILTON;Energizada;9;9;;ENERGIZADA;BT;;;161639 BT;;;;100%;9;;1;PLANO 14;QLP;100%;dez./1;R$ 71.099,44;GABRIEL;;15/12/2025;23/12/2025;15/12/2025;;;TRUE;TRUE;FALSE;;;D228059;-10,9511647, -39,3654715;https://drive.google.com/file/d/19SlkVkrqVCjasPyOhVz2RUYfH4B8lnSB/view?usp=drive_link;E875408-E875417;;;SENHOR DO BONFIM;2025-12-01;1196433;Consolidado;N/A
B-1200552;17/12/2025;ER-CIND-FAZ-LAGOA DA VOLTA-LAGE;MONTE SANTO;JEFFERSON;Energizada;2;2;;ENERGIZADA;LV + BT;;2 N1;161714  BT LV-161775;;17/dez;149488;100%;2;;1;PLANO 14;PRIORIDADE PLANO ANEEL;100%;dez./1;R$ 16.052,32;GABRIEL;;15/12/2025;20/12/2025;08/12/2025;;;TRUE;TRUE;FALSE;;;D250385;-10,5364847, -40,1030945;https://drive.google.com/file/d/1JAzH64PqxpbcQMLK6Hw-Ze64fWElPDCI/view?usp=drive_link;E903507 – E903508;;;SENHOR DO BONFIM;2025-12-01;1200552;Consolidado;N/A
B-1217358;17/12/2025;ER-CIND-POV-TRES MORROS-RURAL;SENHOR DO BONFIM;REGINALDO;Energizada;;4;;ENERGIZADA;BT;;;161068  BT;;;;0%;0;;;PLANO 7;;100%;;;;;15/12/2025;19/12/2025;11/12/2025;;FALSE;TRUE;TRUE;TRUE;FALSE;FALSE;;;;;;;SENHOR DO BONFIM;2025-12-01;1217358;Consolidado;N/A
B-1178079;17/12/2025;ER-CIND-FAZ-PEDRINHAS-ROMULO CAMPOS;ITIÚBA;ANAILTON;Energizada;3;3;;ENERGIZADA;;Pendente;;LV-151408;;;;200%;6;;1;PLANO 7;QLP;100%;dez./1;R$ 21.466,74;GABRIEL;;22/12/2025;30/12/2025;15/12/2025;;;TRUE;FALSE;FALSE;;;Q093796;-10,669143, -39,7532772;https://drive.google.com/file/d/1AMkLQthWsNvjHVjCWMvgdEPdIatmXYO8/view?usp=drive_link;E875453 - E875457;;;SENHOR DO BONFIM;2025-12-01;1178079;Consolidado;N/A
B-1209622;17/12/2025;ER-CIND-POV-C RI CA DE CIMA-RURAL;SENHOR DO BONFIM;JAIRO BATISTA;Energizada;1;1;;ENERGIZADA;LV + BT;Realizado;1 N1;LV-149958             157335 BT;;;;0%;0;;1;PLANO 14;PRIORIDADE PLANO ANEEL;100%;dez./1;R$ 7.958,85;JOAO;;22/12/2025;27/12/2025;05/12/2025;;;TRUE;TRUE;FALSE;;;D231522;-10,3541021, -39,6656438;https://drive.google.com/file/d/1f3dVggwS9RmlcpUGx3svXvsYv6ZOm3TS/view?usp=drive_link;E903467 – E903467;;;SENHOR DO BONFIM;2025-12-01;1209622;Consolidado;N/A
B-1162922;18/12/2025;ER-CIND-PO.DE PILAR-RURAL;JAGUARARI;WAGNER;Energizada;;5;;ENERGIZADA;BT;;;159156 BT;;;;0%;0;;2;PLANO 7;QLP;100%;dez./1;R$ 31.857,10;JOAO;;22/12/2025;31/12/2025;09/12/2025;;;TRUE;FALSE;FALSE;;;Q097078;-10,9748606, -39,6354291;https://drive.google.com/file/d/1g6DJVfSikbp722JYJeo-dvTuJN2nVvTx/view?usp=drive_link;E875443 - E875447;;;SENHOR DO BONFIM;2025-12-01;1162922;Consolidado;N/A
B-1206177;18/12/2025;ER-CIND-POV-ROCADO-ROCADO;ANDORINHAS;ALDAIR;Energizada;6;6;;ENERGIZADA;BT;;;157757 BT;;;;100%;6;;1;PLANO 14;PRIORIDADE PLANO ANEEL;100%;dez./1;R$ 27.643,34;GABRIEL;;15/12/2025;20/12/2025;12/12/2025;;;TRUE;TRUE;TRUE;;;Q106934;-11,0522768, -39,8569063;https://drive.google.com/file/d/1Jgx5vFr4sL0LqwBthYSh97siA0RDb_8c/view?usp=drive_link;E903561 – E903566;;;SENHOR DO BONFIM;2025-12-01;1206177;Consolidado;N/A
B-1159772;19/12/2025;ER-CIND-POV-SALGADO-SALGADO;ANDORINHAS;ALDAIR;Energizada;2;2;;ENERGIZADA;DESL + LV;Realizado;2 N1;LV-150942;;11/dez;149372;100%;2;;1;PLANO 7;QLP;100%;dez./1;R$ 26.575,06;GABRIEL;;08/12/2025;13/12/2025;08/12/2025;;;TRUE;TRUE;TRUE;;;B014305;-10,4701659, -40,3638329;https://drive.google.com/file/d/1khvfXlWzmtEErSNJSt__t3t7xORI2f8e/view?usp=drive_link;E903479 – E903480;;;SENHOR DO BONFIM;2025-12-01;1159772;Consolidado;N/A
B-1013700;19/12/2025;AC-CIND-POV-S O PEDRO-RURAL;NORDESTINA;MARCELO;Energizada;4;4;;ENERGIZADA;DESL + LV;Pendente;4 N1;LV-161882;;18/dez;149527;100%;4;;0;PLANO 7;INSTITUCIONAL;100%;dez./1;R$ 62.841,24;GABRIEL;;15/12/2025;20/12/2025;08/12/2025;;;TRUE;TRUE;FALSE;;;Q069217;-9,8864788, -39,9645892;https://drive.google.com/file/d/19536Sx6r7apeD2Xpm3PhQ45UF4U5F9VM/view?usp=drive_link;E903531 – E903534;;;SENHOR DO BONFIM;2025-12-01;1013700;Consolidado;N/A
B-1187064;19/12/2025;ER-CIND-POV-PEDRA BRNACA-RURAL;MONTE SANTO;OSMAR;Energizada;10;10;;ENERGIZADA;DESL;;;;;19/dez;149622;30%;3;;1;PLANO 7;SOLICITAÇÃO ATENDIMENTO;100%;dez./1;R$ 88.945,42;GABRIEL;;15/12/2025;20/12/2025;08/12/2025;;;TRUE;TRUE;FALSE;;;Q095115;-10,3454483, -39,8250643;https://drive.google.com/file/d/1tEsJi2Lz4wzzDYQFj9zmpDGXatEOn8bx/view?usp=drive_link;E875164 – E875173;;;SENHOR DO BONFIM;2025-12-01;1187064;Consolidado;N/A
B-1148641;19/12/2025;ER-CIND-POV-LAGOA DA PEDRA-RURAL;CAMPO FORMOSO;EDVALDO;Energizada;;1;;ENERGIZADA;LV + BT;Pendente;N1;LV-150994    157788 BT;;;;100%;1;;1;PLANO 7;QLP;100%;dez./1;R$ 10.952,32;JOAO;;15/12/2025;20/12/2025;09/12/2025;;;TRUE;FALSE;FALSE;;;Q060891;-10,0688071, -40,3982275;https://drive.google.com/file/d/1BWTZAWfRj3zK5gD0PI8FeS-fTFsDYq9e/view?usp=drive_link;E903446 – E903446;;;SENHOR DO BONFIM;2025-12-01;1148641;Consolidado;N/A
B-1178264;19/12/2025;UB-CIND-RUA-SALVADOR-NOVO PILAR;JAGUARARI;WAGNER;Energizada;2;2;;ENERGIZADA;BT;;;159159 BT;;;;0%;0;;1;PLANO 7;QLP;100%;dez./1;R$ 12.937,33;JOAO;;22/12/2025;31/12/2025;09/12/2025;;;TRUE;TRUE;FALSE;;;D727967;-10,4483916, -39,884968;https://drive.google.com/file/d/1HuzYyYIVZGgFVHt5q0eXfZSG9kgOItOT/view?usp=drive_link;E903503 – E903504;;;SENHOR DO BONFIM;2025-12-01;1178264;Consolidado;N/A
B-1151521;19/12/2025;ER-CIND-FAZ-SAO JOSE-RURAL;NORDESTINA;ANAILTON;Energizada;2;2;;ENERGIZADA;LV + BT;;2 N1;161630 BT LV-161897;;19/dez;149630;0%;0;;1;PLANO 7;QLP;100%;dez./1;R$ 15.406,24;GABRIEL;;15/12/2025;20/12/2025;15/12/2025;;;TRUE;FALSE;FALSE;;;D210357;-10,0435803, -39,7714044;https://drive.google.com/file/d/16sInpK87JsUgHCo161pCm7NgClYSVMb0/view?usp=drive_link;E903513 – E903514;;;SENHOR DO BONFIM;2025-12-01;1151521;Consolidado;N/A
B-1217380;20/12/2025;UB-CIND-AV-DEP LUIZ EDU MAGALHAES-CENTRO;NORDESTINA;MARCELO;Energizada;5;5;;ENERGIZADA;BT;;;157704 BT;;;;100%;5;;2;PLANO 7;PRIORIDADE PLANO ANEEL;100%;dez./1;R$ 31.721,20;GABRIEL;;08/12/2025;13/12/2025;08/12/2025;;FALSE;TRUE;TRUE;FALSE;;;Q048297;-10,0444321, -40,2280751;https://drive.google.com/file/d/1t8lAjk86aa2hiR-gzKOhHzaM5mg7aexW/view?usp=drive_link;E903551 – E903555;;;SENHOR DO BONFIM;2025-12-01;1217380;Consolidado;N/A
B-1215380;20/12/2025;AC-CIND-RUA-BEM TE VI 1022-URBANA;JAGUARARI;WAGNER;Energizada;1;1;;ENERGIZADA;DESL + LV;Realizado;N1 C/ TRF;LV-151262;;20/dez;149657;0%;0;;1;PLANO 7;PRIORIDADE PLANO ANEEL;100%;dez./1;R$ 38.362,36;JOAO;;15/12/2025;20/12/2025;09/12/2025;;;TRUE;TRUE;/;;;B274565;-10,7230327, -39,5434367;https://drive.google.com/file/d/11qv5WoipXTHygTdU-hJBuVT8ZNazcMxH/view?usp=drive_link;E903458 – E903458;;;SENHOR DO BONFIM;2025-12-01;1215380;Consolidado;N/A
B-1145468;20/12/2025;UB-CIND-RUA-URBANA-CENTRO;NORDESTINA;MARCELO;Energizada;4;4;;ENERGIZADA;LV + BT;Pendente;2 N1;LV-161728;;;;100%;4;;1;PLANO 7;QLP;100%;dez./1;R$ 25.858,13;GABRIEL;;23/12/2025;31/12/2025;10/12/2025;;;TRUE;TRUE;FALSE;;;D195220;-10,726067, -40,0904141;https://drive.google.com/file/d/1xU7RA6e0cZN30oh1W6L9qaP_wxSLDMdO/view?usp=drive_link;E903535 – E903538;;;SENHOR DO BONFIM;2025-12-01;1145468;Consolidado;N/A
B-1151578;22/12/2025;ER-CIND-POV-TIQUARA 1542-RURAL;CAMPO FORMOSO;EDVALDO;Energizada;;1;;ENERGIZADA;BT;;;157751 BT;;;;100%;1;;1;PLANO 14;PRIORIDADE PLANO ANEEL;100%;dez./1;R$ 11.814,51;JOAO;;15/12/2025;20/12/2025;09/12/2025;;;TRUE;FALSE;FALSE;;;Q059645;-10,5091009, -40,3315617;https://drive.google.com/file/d/13P6Qkr80YLMoLdzQFheGUfd5B-eksMEK/view?usp=drive_link;E903445 – E903445;;;SENHOR DO BONFIM;2025-12-01;1151578;Consolidado;N/A
B-1159901;23/12/2025;ER-CIND-POV-RIACHO DA ONCA-RURAL;MONTE SANTO;JEFFERSON;Energizada;2;2;;ENERGIZADA;BT;;;154596 BT;;23/dez;157228;0%;0;;1;PLANO 7;QLP;100%;dez./1;R$ 10.751,03;GABRIEL;;08/12/2025;13/12/2025;08/12/2025;;;TRUE;TRUE;FALSE;;;Q069829;-10,6312602, -39,8973046;https://drive.google.com/file/d/1ZcooTrDrgFZhscXMFWFMxxR7VjUEB8DO/view?usp=drive_link;E903505 – E903506;;;SENHOR DO BONFIM;2025-12-01;1159901;Consolidado;N/A
B-1196742;;ER-CIND-POV CABECA DA VACA-RURAL;FILADÉLFIA;GESONI;Paralisada;2;2;0;POSTES IMPLANTADOS;BT;;;157766 BT;;;;0%;0;;1;PLANO 14;PRIORIDADE PLANO ANEEL;100%;dez./1;R$ 9.651,89;JOAO;;29/12/2025;31/12/2025;09/12/2025;;;TRUE;FALSE;FALSE;;;D085324;-9,8874906, -39,9744807;https://drive.google.com/file/d/1CoycerDSojIX0s5h9cXlekZ6SVFW8_VK/view?usp=drive_link;E903499 – E903500;;;SENHOR DO BONFIM;2025-12-01;1196742;Consolidado;N/A
B-1148855;23/12/2025;ER-CCOL-POV-ALECRIM-RURAL;QUEIMADAS;MARCELO;Energizada;6;5;;ENERGIZADA;BT;;;159137 BT;;;;100%;5;;1;PLANO 7;AIC AUDITORIA;100%;dez./1;R$ 33.049,57;GABRIEL;;15/12/2025;20/12/2025;08/12/2025;;;TRUE;TRUE;FALSE;;;Q068749;-9,8375371, -39,9954882;https://drive.google.com/file/d/1SwG8XMDnj2ctrc86idWL3421-kQhTSpv/view?usp=drive_link;E903556 – E903560;;;SENHOR DO BONFIM;2025-12-01;1148855;Consolidado;N/A
B-1176761;23/12/2025;UB-CIND-TRV-CLERISTON ANDRADE-URBANA;FILADÉLFIA;GESONI;Energizada;2;2;;ENERGIZADA;DESL;;;;;23/dez;157231;0%;0;;1;PLANO 7;QLP;100%;dez./1;R$ 22.776,25;JOAO;;22/12/2025;27/12/2025;09/12/2025;;;TRUE;FALSE;FALSE;;;D337279;-10,6897479, -39,7963707;https://drive.google.com/file/d/1whFAEuuA_PmZOQIFmDYWaGc8Yxb806rO/view?usp=drive_link;E903501 – E903502;;;SENHOR DO BONFIM;2025-12-01;1176761;Consolidado;N/A
B-1134543;23/12/2025;RI-SEIN-FAZ-BOM SUCESSO-RURAL;ITIÚBA;GESONI;Energizada;8;8;;ENERGIZADA;LV + ENERGZ;Pendente;N1 C/ TRF;LV-151499                   155655 EN;;;;100%;8;;0;PLANO 7;GOVERNO;100%;dez./1;R$ 81.541,50;JOAO;;08/12/2025;13/12/2025;09/12/2025;;;TRUE;FALSE;FALSE;;;Q102496;-10,7326218, -39,4089917;https://drive.google.com/file/d/1BXLb35MM3lIakhYEcx3rs6R91bLquUdh/view?usp=drive_link;E875139 – E875146;;;SENHOR DO BONFIM;2025-12-01;1134543;Consolidado;N/A
B-1059739;23/12/2025;RI-SEIN-RUA-CACHOEIRINHA-CACHOEIRINHA;SENHOR DO BONFIM;REGINALDO;Energizada;;27;;ENERGIZADA;DESL;Realizado;;157654 BT;;12/dez;149377;0%;0;;0;PLANO 7;GOVERNO;100%;dez./1;R$ 164.983,91;JOAO;;01/12/2025;13/12/2025;10/12/2025;;;TRUE;FALSE;TRUE;;;Q044287;-10,3564084, -40,1686341;https://drive.google.com/file/d/1oXc1GBIY36rzBOQBuyUJlzgeLtc4emP2/view?usp=drive_link;E875371 – E875397;;;SENHOR DO BONFIM;2025-12-01;1059739;Consolidado;N/A
B-1211939;24/12/2025;ER-CIND-POV-SITIO DE NANINHA-RURAL;MONTE SANTO;JEFFERSON;Energizada;8;8;;ENERGIZADA;LV + ENERGZ;Realizado;TRF;154536 EN;;;;100%;8;;0;PLANO 14;PRIORIDADE PLANO ANEEL;100%;dez./1;R$ 51.452,92;GABRIEL;;23/12/2025;31/12/2025;08/12/2025;;;TRUE;TRUE;FALSE;;;Q095855;-10,7860475, -39,3933152;https://drive.google.com/file/d/14z-jhQAhat49BhNPm7-DhytHbzxlMz2h/view?usp=drive_link;E875147 – E875154;;;SENHOR DO BONFIM;2025-12-01;1211939;Consolidado;N/A
B-1140804;24/12/2025;ER-CIND-FAZ-PILOES-RURAL;CAMPO FORMOSO;EDVALDO;Energizada;10;10;8;ENERGIZADA;DESL + LV;;N1 C/ TRF;LV-151142;;16/dez;149443;100%;10;;1;PLANO 7;PRIORIDADE PLANO ANEEL;100%;dez./1;R$ 93.362,81;JOAO;;08/12/2025;16/12/2025;09/12/2025;;;TRUE;FALSE;FALSE;;;Q050258;-10,5002159, -40,1069813;https://drive.google.com/file/d/1cw22AsYmL5DU9pATkp-wZU6kbYeuGG-g/view?usp=drive_link;E875398 - E875407;;;SENHOR DO BONFIM;2025-12-01;1140804;Consolidado;N/A
B-1145984;24/12/2025;ER-CIND-POV-ALAGADICO DO PUAN-RURAL;ITIÚBA;GESONI;Energizada;7;7;;ENERGIZADA;LV + ENERGZ;Realizado;N1 + TRF;LV-151450                   164906 EN;;;;0%;0;;1;PLANO 7;QLP;100%;dez./1;R$ 55.708,13;JOAO;;22/12/2025;27/12/2025;09/12/2025;;;TRUE;FALSE;FALSE;;;Q053065;-10,738909, -40,1341418;https://drive.google.com/file/d/13jV_hlsFUvgUWJCpyoVzFPP9X6uuGNO7/view?usp=drive_link;E875125 – E875131;;;SENHOR DO BONFIM;2025-12-01;1145984;Consolidado;N/A
B-1149647;25/12/2025;ER-CIND-POV-PENEDO 5123-RURAL;MONTE SANTO;OSMAR;Energizada;2;2;#REF!;ENERGIZADA;LV + ENERGZ;;N1 C/ TRF;LV-151801                154489 EN;;18/dez;149564;0%;0;;1;PLANO 14;QLP;100%;dez./1;R$ 25.689,81;GABRIEL;;15/12/2025;20/12/2025;08/12/2025;;;TRUE;FALSE;FALSE;;;D762166;-11,2273477, -39,7252931;https://drive.google.com/file/d/1ClHPE8NQWRNNUepLB50xMXICUY9nHQ8B/view?usp=drive_link;E903511 – E903512;;;SENHOR DO BONFIM;2025-12-01;1149647;Consolidado;N/A
B-1161151;25/12/2025;ER-CIND-FAZ-LAGEDO-RURAL;MONTE SANTO;OSMAR;Energizada;3;3;;ENERGIZADA;LV + ENERGZ;Pendente;N1 C/ TRF;LV-151810                154559 EN;;;;33,33333333%;1;;1;PLANO 7;QLP;100%;dez./1;R$ 37.005,89;GABRIEL;;23/12/2025;31/12/2025;15/12/2025;;;TRUE;FALSE;FALSE;;;D049756;-10,4581897, -40,0541979;https://drive.google.com/file/d/1W7cpJINy4yMq_6yys0gpRxMeVW_QgHQ1/view?usp=drive_link;E903528 – E903530;;;SENHOR DO BONFIM;2025-12-01;1161151;Consolidado;N/A
B-1200575;;ER-CIND-TRV-SAO FRANCISCO -RURAL;CAMPO FORMOSO;WAGNER;;;2;;PERDEU, DEVIDO A DESLIGAMENTO;DESL;;;;;31/12;161784;0%;0;;1;PLANO 14;PRIORIDADE PLANO ANEEL;100%;dez./1;R$ 9.937,27;JOAO;;15/12/2025;20/12/2025;09/12/2025;;;TRUE;FALSE;FALSE;;;D130228;-10,3195859, -39,1927885;https://drive.google.com/file/d/10HJ5boLCn412A8pZ4lcGQ_dCB0NAwAvA/view?usp=drive_link;E903481 – E903482;;;SENHOR DO BONFIM;2025-12-01;1200575;Consolidado;N/A
B-1169715;26/12/2025;ER-CIND-FAZ-MORRO REDONDO-MORRO REDONDO;ANDORINHAS;ALDAIR;Energizada;;0;;ENERGIZADA;LV;Realizado;TRF;LV-150772         165452 EN;;;;#DIV/0!;0;;1;PLANO 7;PRIORIDADE PLANO ANEEL;100%;dez./1;R$ 12.752,30;GABRIEL;;01/12/2025;06/12/2025;04/12/2025;;;TRUE;FALSE;FALSE;;;D175053;-10,5382911, -40,3957896;https://drive.google.com/file/d/1qDrEiXhRvmuLD64AkqjQmXrnN9gqrDIL/view?usp=drive_link;0;;;SENHOR DO BONFIM;2025-12-01;1169715;Consolidado;N/A
B-1149873;26/12/2025;ER-CIND-POV-QUEIMADA-RURAL;SENHOR DO BONFIM;JAIRO BATISTA;Energizada;1;1;;ENERGIZADA;LV + ENERGZ;Realizado;N1 C/ TRF;LV-150715              165464 EN;;;;0%;0;;1;PLANO 7;QLP;100%;dez./1;R$ 20.487,75;JOAO;;29/12/2025;31/12/2025;05/12/2025;;;TRUE;TRUE;FALSE;;;Q099040;-10,3573813, -39,8081801;https://drive.google.com/file/d/1bb3NfSAYOo86ocG3GfcjCzvZytvTLQKz/view?usp=drive_link;E903463 – E903463;;;SENHOR DO BONFIM;2025-12-01;1149873;Consolidado;N/A
B-1160876;26/12/2025;ER-CIND-FAZ-LIMOES-RURAL;SENHOR DO BONFIM;JAIRO BATISTA;Energizada;1;1;;ENERGIZADA;LV + ENERGZ;Realizado;N1 C/ TRF;LV-149971               165469 EN;;;;0%;0;;1;PLANO 7;QLP;100%;dez./1;R$ 22.053,27;JOAO;;22/12/2025;27/12/2025;05/12/2025;;;TRUE;TRUE;FALSE;;;Q066876;-10,6659027, -39,7515825;https://drive.google.com/file/d/1FWYohrkonYEVn8UlTLf9bLsaSSnNU-ku/view?usp=drive_link;E903464 – E903464;;;SENHOR DO BONFIM;2025-12-01;1160876;Consolidado;N/A
B-1211463;26/12/2025;ER-CIND-POV-CANAVIEIRA-RURAL;SENHOR DO BONFIM;REGINALDO;Energizada;1;1;;ENERGIZADA;LV + ENERGZ;Realizado;N1 C/ TRF;LV-150737               152776 EN;;;;0%;0;;1;PLANO 7;PRIORIDADE PLANO ANEEL;100%;dez./1;R$ 24.561,29;JOAO;;29/12/2025;31/12/2025;05/12/2025;;;TRUE;TRUE;FALSE;;;D129104;-10,4570642, -40,5549454;https://drive.google.com/file/d/1N9WCRdamWgib_2Aolxqyr6l9e4wGRmKh/view?usp=drive_link;E903468 – E903468;;;SENHOR DO BONFIM;2025-12-01;1211463;Consolidado;N/A
B-1166269;26/12/2025;ER-CIND-FAZ-SAO GONCALO-RURAL;ANDORINHAS;ALDAIR;Energizada;1;1;;ENERGIZADA;LV;Realizado;N1 C/ TRF;LV-150798                    165450 EN;;;;100%;1;;1;PLANO 7;QLP;100%;dez./1;R$ 18.838,65;GABRIEL;;08/12/2025;13/12/2025;08/12/2025;;;;FALSE;FALSE;;;D605280;-9,8759195, -39,9652087;https://drive.google.com/file/d/1KVgpb-VIEaE3TnnUnIfu0EkJieXDFzVa/view?usp=drive_link;E903443 – E903443;;;SENHOR DO BONFIM;2025-12-01;1166269;Consolidado;N/A
B-1180267;;ER-CIND-POV-SUMIDOURO-RURAL;CAMPO FORMOSO;ISRAEL;;11;11;;FALTA TRAFO 211253 3-30 E 2223464 CABO POT 35, ALÇA DE CABO 4;LV + ENERGZ;Pendente;N3/N4;LV-151213            155594 EN;;;;100%;11;;1;PLANO 7;INSTITUCIONAL;100%;dez./1;R$ 130.483,38;JOAO;;01/12/2025;13/12/2025;10/12/2025;;;TRUE;FALSE;FALSE;;;D068248;-10,7520101, -39,4984245;https://drive.google.com/file/d/11VNesRoWB3HZaad5JUyrA0_Vx88k-OD2/view?usp=drive_link;E875184 – E875194;;;SENHOR DO BONFIM;2025-12-01;1180267;Consolidado;N/A
B-1184427;26/12/2025;ER-CIND-POV-VARZEA D ONCA-RURAL;QUEIMADAS;MARCELO;Energizada;;1;;ENERGIZADA;LV + ENERGZ;Pendente;N1 C/ TRF;LV-161677                 161723 EN;;;;100%;1;;1;PLANO 7;PRIORIDADE PLANO ANEEL;100%;dez./1;R$ 20.276,06;GABRIEL;;23/12/2025;31/12/2025;08/12/2025;;;TRUE;TRUE;FALSE;;;D660014;-10,4329331, -39,3229729;https://drive.google.com/file/d/1peZVhvZP89VUH7GKmaQgdBpsQOdJRvGm/view?usp=drive_link;E903462 – E903462;;;SENHOR DO BONFIM;2025-12-01;1184427;Consolidado;N/A
B-1198374;26/12/2025;ER-CIND-POV-BOA VISTA 106-RURAL;FILADÉLFIA;GESONI;Energizada;3;3;;ENERGIZADA;LV + ENERGZ;;N1 C/ TRF;LV-151341                   161682 EN;;;149560;0%;0;;1;PLANO 14;PRIORIDADE PLANO ANEEL;100%;dez./1;R$ 27.094,29;JOAO;;15/12/2025;20/12/2025;09/12/2025;;;TRUE;FALSE;FALSE;;;Q060116;-10,4251666, -40,2657237;https://drive.google.com/file/d/1BvlL0IHzR3Z11GEnyIVgR_2DDpJfFFbP/view?usp=drive_link;E903519 – E903521;;;SENHOR DO BONFIM;2025-12-01;1198374;Consolidado;N/A
B-1218789;;UB-CIND-RUA-JOAO GONCALVES-CENTRO ANTONI;ANTÔNIO GONÇALVES;EDVALDO;;3;3;;PARA CONCLUIR ATE 31-12;BT;;;161649 BT;;;;0%;0;;;;;100%;;;JOAO;;15/12/2025;19/12/2025;11/12/2025;;FALSE;TRUE;FALSE;FALSE;FALSE;FALSE;;;;;;;SENHOR DO BONFIM;2025-12-01;1218789;Consolidado;N/A
B-1198729;26/12/2025;ER-CIND-FAZ-CABACEIRA-RURAL;ITIÚBA;GESONI;Energizada;5;5;;ENERGIZADA;LV + ENERGZ;Realizado;N1 C/ TRF;LV-151427                   155658 EN;;10/dez;149365;100%;5;;1;PLANO 14;PRIORIDADE PLANO ANEEL;100%;dez./1;R$ 41.638,76;JOAO;;08/12/2025;13/12/2025;09/12/2025;;;TRUE;FALSE;FALSE;;;D206223;-10,6870094, -39,3047097;https://drive.google.com/file/d/1hzkr8rNqFoi2puezFKkyq5J17HyN7Pm6/view?usp=drive_link;E875418 - E875422;;;SENHOR DO BONFIM;2025-12-01;1198729;Consolidado;N/A
B-1051348;26/12/2025;ER-CIND-FAZ-POCO DAS QUEIMADAS-N PILAR;JAGUARARI;WAGNER;Energizada;;1;;ENERGIZADA;LV + ENERGZ;Realizado;N1 C/ TRF;LV-151233       161746 EN;;09/dez;149363 (ANEXAR PEX);0%;0;;1;PLANO 7;QLP;100%;dez./1;R$ 9.254,81;JOAO;;08/12/2025;13/12/2025;09/12/2025;;;TRUE;FALSE;FALSE;;;;-9,95274, -40,04116;https://drive.google.com/file/d/1rpqWRrDlIQLmxJyDfM_ZkWI_8AqgbeLM/view?usp=drive_link;E903454 – E903454;;;SENHOR DO BONFIM;2025-12-01;1051348;Consolidado;N/A
B-1067126;;IS-COEL-PR -COMERCIO-ANDORINHA;ANDORINHAS;ALDAIR;Em execução;;27;;FALTA 3X70XLPE 2212008 3X70 XLPE 2212016;DESL + LV;Pendente;;LV-162146;;;;66,66666667%;18;;1;PLANO 8;JUDICIAL;100%;dez./1;R$ 335.050,76;GABRIEL;;15/12/2025;30/12/2025;12/12/2025;;;;FALSE;FALSE;;;Q109712;-10,5021538, -39,4067176;;E875206 – E875232;;;SENHOR DO BONFIM;2025-12-01;1067126;Consolidado;N/A
B-1151586;;AC-CIND-LOT-VILA PEIXE-VILA PEIXE;ANDORINHAS;ALDAIR;;1;1;;FALTA CABO 2230078 3X120. PRECISA DESLIGAMENTO;DESL + LV;Pendente;B1-N3;LV-150784;;23/dez;157225;100%;1;;0;PLANO 7;RECLAMAÇÃO;100%;dez./1;R$ 26.251,94;GABRIEL;;15/12/2025;20/12/2025;12/12/2025;;;TRUE;FALSE;FALSE;;;D130180;-10,3191272, -39,1863356;https://drive.google.com/file/d/1aF3wfEiV0Ka5ZLxYr_1gcyANVlnV3Y_9/view?usp=drive_link;E903442 – E903442;;;SENHOR DO BONFIM;2025-12-01;1151586;Consolidado;N/A
B-1222322;;AC-PREF-POV-RIACHO SECO-RURAL;ANDORINHAS;ALDAIR;;2;2;;FALTA CABO 2230084 3X70. PRECISA DESLIGAMENTO;DESL;;;;;20/dez;149663;100%;2;;1;PLANO 7;GOVERNO;100%;dez./1;R$ 44.108,41;GABRIEL;;15/12/2025;20/12/2025;12/12/2025;;;TRUE;FALSE;FALSE;;;D574414;-10,2959073, -40,7210239;https://drive.google.com/file/d/1d4XLET9qUCGH5O3CHAL69rbSlbrpuMfx/view?usp=drive_link;E903477 – E903478;;;SENHOR DO BONFIM;2025-12-01;1222322;Consolidado;N/A
B-1178662;26/12/2025;ER-CIND-LOT-ALTO DA BOA VISTA-MORRINHOS;CAMPO FORMOSO;ISRAEL;Energizada;7;7;;ENERGIZADA;LV + ENERGZ;;N1-3;LV-151032                161766 EN;;20/dez;149649;171,4285714%;12;;0;PLANO 7;QLP;100%;dez./1;R$ 56.692,27;JOAO;;15/12/2025;31/12/2025;10/12/2025;;;TRUE;FALSE;FALSE;;;D773999;-10,3878015, -39,8191379;https://drive.google.com/file/d/1abk4hCSXH3MqnXXXf3vA980Gdhsu_bn0/view?usp=drive_link;E875118 – E875124;;;SENHOR DO BONFIM;2025-12-01;1178662;Consolidado;N/A
B-1158358;27/12/2025;RR-CIND-FAZ-BAIXA DA MINA-RURAL;CAMPO FORMOSO;ISRAEL;Energizada;11;11;4;ENERGIZADA;LV + ENERGZ;;N1-3;LV-159435               161700 EN;;17/dez;149510;18,18181818%;2;;1;PLANO 7;PRIORIDADE PLANO ANEEL;100%;dez./1;R$ 98.184,79;JOAO;;15/12/2025;31/12/2025;10/12/2025;;;TRUE;FALSE;FALSE;;;D316873;-10,3443348, -39,9255146;https://drive.google.com/file/d/1hJojN2QLOICfCdS2RmnkMyn2l5nGsEVJ/view?usp=drive_link;E875195 – E875205;;;SENHOR DO BONFIM;2025-12-01;1158358;Consolidado;N/A
B-1156142;27/12/2025;ER-CIND-POV-CARIACA-RURAL;CANSANÇÃO;ANAILTON;Energizada;2;2;;ENERGIZADA;DESL + LV;Pendente;;LV-161768;;27/dez;157234 ;100%;2;;1;PLANO 7;QLP;100%;dez./1;R$ 33.623,01;GABRIEL;;15/12/2025;20/12/2025;15/12/2025;;;TRUE;FALSE;FALSE;;;B929905;-10,687, -39,3047;https://drive.google.com/file/d/1IeCsCvOsetpDuaAB73Zx0KSSS2LD8G6W/view?usp=drive_link;E903493 – E903494;;;SENHOR DO BONFIM;2025-12-01;1156142;Consolidado;N/A
B-1144703;27/12/2025;ER-SEIN-POV-SITIO DOS PIAUS-RURAL;ITIÚBA;ANAILTON;Energizada;3;3;;ENERGIZADA;DESL + LV;Pendente;N1 C/ TRF;LV-161752;;27/12;158536;166,6666667%;5;;1;PLANO 7;GOVERNO;100%;dez./1;R$ 56.661,91;GABRIEL;;22/12/2025;30/12/2025;15/12/2025;;;TRUE;FALSE;FALSE;;;Q095747;-10,8191377, -39,4311659;https://drive.google.com/file/d/18GYc4_bhHGiIcQS-E703LO89ZLUoyP7s/view?usp=drive_link;E875438-E875442;;;SENHOR DO BONFIM;2025-12-01;1144703;Consolidado;N/A
B-1154641;29/12/2025;ER-CIND-POV-CABECA DA VACA 110-RURAL;FILADÉLFIA;GESONI;Energizada;1;1;;ENERGIZADA;LV + ENERGZ;;N1 C/ TRF;LV-151326                    161689 EN;;;149473;0%;0;;1;PLANO 7;QLP;100%;dez./1;R$ 18.467,16;JOAO;;15/12/2025;20/12/2025;09/12/2025;;;TRUE;FALSE;FALSE;;;Q050926;-10,4458212, -39,9699907;https://drive.google.com/file/d/1RznpTGBFaww4wXvhm7pVyou55adghPxb/view?usp=drive_link;E903449 – E903449;;;SENHOR DO BONFIM;2025-12-01;1154641;Consolidado;N/A
B-1218599;;ER-CIND-ET-PEDRA BRANCA-RURAL;MONTE SANTO;OSMAR;;10;10;;FALTA TRAFO 210497 2-10 E ALÇA DE CABO 4;LV + ENERGZ;Pendente;N3/N4;154524 EN LV-161772;;;;100%;10;;0;PLANO 7;QLP;100%;dez./1;R$ 85.822,51;GABRIEL;;22/12/2025;30/12/2025;15/12/2025;;;TRUE;FALSE;FALSE;;;D772198;-10,7408517, -40,1242072;https://drive.google.com/file/d/1FBZ8mw8c7iDhTCvgp8LBeXd8FO9byPXz/view?usp=drive_link;E875174 – E875183;;;SENHOR DO BONFIM;2025-12-01;1218599;Consolidado;N/A
B-1157179;;IT GRUA AG CANDIDO FONSECA RURAL;SENHOR DO BONFIM;REGINALDO;Em execução;;34;22;JA IMPLANTADO TRECHO LIVRE;DESL + LV;;;LV-162002,162010,162014,162023,162029;;;;8,823529412%;3;;0;PLANO 7;QLP;60%;dez./1;R$ 1.706.478,98;JOAO;;17/12/0205;31/01/2026;15/12/2025;;;;FALSE;FALSE;;;D129136;-10,4529673, -40,5616592;;E875233 – E875295;;;SENHOR DO BONFIM;2025-12-01;1157179;Consolidado;N/A
B-1148575;30/12/2025;ER-CIND-POV-TIQUARA-RURAL;CAMPO FORMOSO;EDVALDO;Energizada;;5;;ENERGIZADA;BT;;;159081 BT;;;;100%;5;;1;PLANO 7;QLP;100%;dez./1;R$ 30.617,44;JOAO;;15/12/2025;20/12/2025;09/12/2025;;;TRUE;FALSE;FALSE;;;D010382;-10,413798, -39,2763061;https://drive.google.com/file/d/1TBdjFfLbOmaSKHjdqUkyY1eVpR5to9SZ/view?usp=drive_link;E875448-E875452;;;SENHOR DO BONFIM;2025-12-01;1148575;Consolidado;N/A
B-1145072;;ER-CIND-FAZ-CARPINTARIA-NUCLEO PILAR;JAGUARARI;WAGNER;;;19;;FALTA ALÇA DE CABO 4 E LAÇO DE 25;LV + ENERGZ;Pendente;N3/N4;LV-151307                   157669 EN;;12/dez;149376;21,05263158%;4;;1;PLANO 7;PRIORIDADE PLANO ANEEL;100%;dez./1;R$ 74.659,68;JOAO;;08/12/2025;31/12/2025;18/12/2025;;;TRUE;FALSE;FALSE;;;D261007;-10,2315923, -39,3376556;https://drive.google.com/file/d/1v0rY_6dPG0KH_kxLjPJc78_tIXMNVB2L/view?usp=drive_link;E875155 – E875163;;;SENHOR DO BONFIM;2025-12-01;1145072;Consolidado;N/A
B-1212962;30/12/2025;ER-CIND-POV-BEBEDOURO-BEBEDOURO;CAMPO FORMOSO;ISRAEL;Energizada;2;2;;ENERGIZADA;LV + ENERGZ;Pendente;N1 C/ TRF;LV-151022             155607 EN;;;;100%;2;;1;PLANO 14;PRIORIDADE PLANO ANEEL;100%;dez./1;R$ 22.173,58;JOAO;;01/12/2025;13/12/2025;10/12/2025;;;TRUE;FALSE;FALSE;;;E427156;-10,08367, -40,79028;https://drive.google.com/file/d/1rqy7eaE8zQOW-9VDxF5vU47QM4pqhmOO/view?usp=drive_link;E903483 – E903484;;;SENHOR DO BONFIM;2025-12-01;1212962;Consolidado;N/A
