NOTA;PROJETO;TÍTULO;MUNICIPIO;PLANO;CRITERIO;PSTP;PST EXEC;CLIET. PREV;CLIET. REAL;V. PROJETO;ENERGIZAÇÃO;SUPERVISOR;ENCARREGADO;PERFIL;COORD;Carteira;STATUS 1;PROJETO_FATO;STATUS_AUDITORIA;MOTIVO_DESCARTE
9102022738;B-1128886;ER-CIND-FAZ-SAO LUIZ-PEDRA VERMELHA;MONTE SANTO;;ESTADUAL;2;2;;2;;2025-02-01 00:00:00;DICSON;OSMAR ;0-5 POSTES;SENHOR DO BONFIM;2025-02-01;INDEFINIDO;1128886;Consolidado;N/A
9102164217;B-1183387;UB-CIND-AV-LUIZ E MAGALHAES-CENTRO;MONTE SANTO;;;0;0;;1;;2025-02-01 00:00:00;DICSON;OSMAR ;0-5 POSTES;SENHOR DO BONFIM;2025-02-01;INDEFINIDO;1183387;Consolidado;N/A
9101904936;B-1083736;ER-CIND-FAZ-CEROULA NOVA-RURAL;MONTE SANTO;;ESTADUAL;2;2;;1;;2025-02-01 00:00:00;DICSON;OSMAR ;0-5 POSTES;SENHOR DO BONFIM;2025-02-01;INDEFINIDO;1083736;Consolidado;N/A
9102057564;B-1137475;ER-CIND-POV-MULUNGU-RURAL;SENHOR DO BONFIM;;DIA C;6;6;;2;;2025-02-05 00:00:00;WESLEY;JOILSON ;6-15 POSTES;SENHOR DO BONFIM;2025-02-01;INDEFINIDO;1137475;Consolidado;N/A
9101978110;B-1112875;ER-CCOL-FAZ-CALDEIR O DO COXO-RURAL;NORDESTINA;;GOVERNO;67;47;;6;;2025-02-05 00:00:00;ALAN;ANAILTON;;SENHOR DO BONFIM;2025-02-01;INDEFINIDO;1112875;Consolidado;N/A
9102095904;B-1155909;ER-CIND-POV-TEIU-RURAL;SENHOR DO BONFIM;;DIA C;1;1;;2;;2025-02-15 00:00:00;WESLEY;JOSÉ SILVA;0-5 POSTES;SENHOR DO BONFIM;2025-02-01;INDEFINIDO;1155909;Consolidado;N/A
9102133030;B-1159228;ER-CCOL-POV-LAGES-RURAL;SENHOR DO BONFIM;;DIA C;4;4;;1;;2025-02-08 00:00:00;DICSON;ERIELTON ;0-5 POSTES;SENHOR DO BONFIM;2025-02-01;INDEFINIDO;1159228;Consolidado;N/A
9101727174;B-1007298;RR-CIND-ET-ADUTORA MINA CARAIBA-RURAL NU;JAGUARARI;;JUDICIAL;13;13;;3;;2025-02-28 00:00:00;DICSON;BADU;6-15 POSTES;SENHOR DO BONFIM;2025-02-01;INDEFINIDO;1007298;Consolidado;N/A
9101805511;B-1053427;MP-CCOL-FAZ OLHOS DAGUA-RURAL;ITIÚBA;;ESTADUAL;11;14;;5;;2025-02-14 00:00:00;ALAN;ISRAEL ;;SENHOR DO BONFIM;2025-02-01;INDEFINIDO;1053427;Consolidado;N/A
9102022726;B-1128973;MP CIND POV QUEIMADA GRANDE RURAL;MONTE SANTO;;QLP;17;21;;2;;2025-02-14 00:00:00;ALAN;OSMAR ;;SENHOR DO BONFIM;2025-02-01;INDEFINIDO;1128973;Consolidado;N/A
9101959951;B-1107362;RR-SEIN-POV-LAGOA DO PEIXE-RURAL;SENHOR DO BONFIM;;REPUTACIONAL;31;;;;;;;BADU;16-50 POSTES;SENHOR DO BONFIM;2025-02-01;INDEFINIDO;1107362;Consolidado;N/A
9101867733;B-1062185;ER-CIND-FAZ-PLANALTO 10-RURAL;PONTO NOVO;;ESTADUAL;21;23;;8;;2025-02-14 00:00:00;DICSON;GESONI ;16-50 POSTES;SENHOR DO BONFIM;2025-02-01;INDEFINIDO;1062185;Consolidado;N/A
9102078212;B-1146265;IS-COEL-RUA-DR ANTONIO GONCALVES-CENTRO;CAMPO FORMOSO;;REPUTACIONAL;0;1;;0;;2025-02-16 00:00:00;DICSON;JOILSON ;0-5 POSTES;SENHOR DO BONFIM;2025-02-01;INDEFINIDO;1146265;Consolidado;N/A
9101290252;B-0914747;RU-CCOL-FAZ GENIO-RURAL-CRB;CAMPO FORMOSO;;JUDICIAL;96;84;;10;;2025-02-27 00:00:00;DICSON;WAGNER ;;SENHOR DO BONFIM;2025-02-01;INDEFINIDO;0914747;Consolidado;N/A
9102057077;B-1138085;ER-CIND-SI-GENIO 1000 --Z-RURAL;CAMPO FORMOSO;;PLANO ANEEL;8;8;;1;;2025-02-18 00:00:00;DICSON;WAGNER ;6-15 POSTES;SENHOR DO BONFIM;2025-02-01;INDEFINIDO;1138085;Consolidado;N/A
9102042813;B-1134465;ER-CIND-POV-CAIXAO-RURAL;CANSANÇÃO;;REPUTACIONAL;18;;;;;;;ANAILTON;16-50 POSTES;SENHOR DO BONFIM;2025-02-01;INDEFINIDO;1134465;Consolidado;N/A
9101794121;B-1143184;ER-CCOL-POV-CALDEIRAO DOS VAQ-RURAL;CANSANÇÃO;;ESTADUAL;8;11;;8;;2025-02-27 00:00:00;ALAN;ANAILTON;6-15 POSTES;SENHOR DO BONFIM;2025-02-01;INDEFINIDO;1143184;Consolidado;N/A
9102151875;B-1180051;UB-EMBA-RUA-CASAS POPULARES-CENTRO;ITIÚBA;;GOVERNO;2;2;;1;;2025-03-01 00:00:00;ALAN;ISRAEL ;0-5 POSTES;SENHOR DO BONFIM;2025-02-01;INDEFINIDO;1180051;Consolidado;N/A
9101874275;B-1075226;MP CIND POV CALDEIRÃOZINHO RURAL;ITIÚBA;;REPUTACIONAL;15;;;;;;;ISRAEL ;6-15 POSTES;SENHOR DO BONFIM;2025-02-01;INDEFINIDO;1075226;Consolidado;N/A
9101675556;B-1042982;MP-CIND-POV-CACIMBAS-RURAL;ITIÚBA;;REPUTACIONAL;50;;;;;;;ISRAEL ;16-50 POSTES;SENHOR DO BONFIM;2025-02-01;INDEFINIDO;1042982;Consolidado;N/A
9101977256;B-1115635;ER-CIND-PR -IGREJA-CATUNY;JAGUARARI;;LPT;11;11;;1;;2025-02-25 00:00:00;DICSON;BADU;6-15 POSTES;SENHOR DO BONFIM;2025-02-01;INDEFINIDO;1115635;Consolidado;N/A
9101587099;B-0984449;RR-CIND-FZ ANGICO-ANGICO;MONTE SANTO;;REPUTACIONAL;35;35;;4;;2025-02-28 00:00:00;ALAN;OSMAR ;16-50 POSTES;SENHOR DO BONFIM;2025-02-01;INDEFINIDO;0984449;Consolidado;N/A
9102084184;B-1143757;ER-CCOL-LOT-NOVA QUEIMADAS-NOVA QUEIMADA;QUEIMADAS;;JUDICIAL;3;3;;1;;2025-02-21 00:00:00;ALAN;OSMAR ;0-5 POSTES;SENHOR DO BONFIM;2025-02-01;INDEFINIDO;1143757;Consolidado;N/A
9102070360;B-1144008;ER-CIND-POV-MARRUAIS-RURAL;QUEIMADAS;;RECLAMAÇÃO;1;1;;1;;2025-02-13 00:00:00;ALAN;ANAILTON;0-5 POSTES;SENHOR DO BONFIM;2025-02-01;INDEFINIDO;1144008;Consolidado;N/A
9100709091;B-0686033;MP-CCOL-FAZ. VÁRZEA DA NOVILHA COMPL.RUR;QUEIMADAS;;NOVOS QUESTIONAMENTOS ANEEL;86;;;;;;;ERIELTON ;;SENHOR DO BONFIM;2025-02-01;INDEFINIDO;0686033;Consolidado;N/A
9101910191;B-1090786;MP  CIND POV . LAGOA DAS CABRAS RURAL;QUEIMADAS;;REPUTACIONAL;31;;;;;;;JEFERSON ;6-15 POSTES;SENHOR DO BONFIM;2025-02-01;INDEFINIDO;1090786;Consolidado;N/A
9102002528;B-1121813;MP-CCOL-POV.SANTO EUSEBIO-RURAL;QUEIMADAS;;ESTADUAL;109;109;;11;;2025-02-27 00:00:00;ALAN;JEFERSON ;;SENHOR DO BONFIM;2025-02-01;INDEFINIDO;1121813;Consolidado;N/A
9102025021;B-1122959;AC CIND POV SANTO EUSEBIO RURAL;QUEIMADAS;;QLP;22;22;;7;;2025-02-27 00:00:00;ALAN;JEFERSON ;6-15 POSTES;SENHOR DO BONFIM;2025-02-01;INDEFINIDO;1122959;Consolidado;N/A
9101908619;B-1089356;MP-CCOL-FAZ.VARZEA DA NOVILHA RURAL;QUEIMADAS;;ESTADUAL;43;;;;;;;ERIELTON ;;SENHOR DO BONFIM;2025-02-01;INDEFINIDO;1089356;Consolidado;N/A
9102095610;B-1151080;AC-CIND-RUA-25 DE JANEIRO-SANTOS DUMONT;SENHOR DO BONFIM;;RECLAMAÇÃO;1;1;;0;;2025-02-19 00:00:00;DICSON;JOILSON;0-5 POSTES;SENHOR DO BONFIM;2025-02-01;INDEFINIDO;1151080;Consolidado;N/A
9101911590;B-1089429;MP CIND FAZ MANCAMBIRA RURAL;SENHOR DO BONFIM;;ESTADUAL;24;24;;3;;2025-02-28 00:00:00;DICSON;JOILSON ;16-50 POSTES;SENHOR DO BONFIM;2025-02-01;INDEFINIDO;1089429;Consolidado;N/A
9101662765;B-1044080;MP-CCOL-POV-CACO DE TELHA-RURAL;SENHOR DO BONFIM;;ESTADUAL;24;24;;3;;2025-02-27 00:00:00;DICSON;BADU;16-50 POSTES;SENHOR DO BONFIM;2025-02-01;INDEFINIDO;1044080;Consolidado;N/A
9102131406;B-1160399;UB-CIND-RUA-ANA IZABEL MUNIZ-CENTRO;FILADÉLFIA;;DIA C;5;;;;;;;GESONI ;0-5 POSTES;SENHOR DO BONFIM;2025-02-01;INDEFINIDO;1160399;Consolidado;N/A
9102134827;B-1165543;UB-CIND-RUA-SIMOES-N S DA CONCEI  O;ITIÚBA;;DIA C;3;;;;;;;ISRAEL ;0-5 POSTES;SENHOR DO BONFIM;2025-02-01;INDEFINIDO;1165543;Consolidado;N/A
9102121141;B-1161715;ER-CIND-POV-ENGORDA-RURAL;MONTE SANTO;;DIA C;2;;;;;;;;0-5 POSTES;SENHOR DO BONFIM;2025-02-01;INDEFINIDO;1161715;Consolidado;N/A
9102106606;B-1157312;AC-CIND-POV-LAGOA DO SACO-RURAL;MONTE SANTO;;DIA C;5;;;;;;;;0-5 POSTES;SENHOR DO BONFIM;2025-02-01;INDEFINIDO;1157312;Consolidado;N/A
9102084887;B-1149258;ER-SEIN-FAZ-LAGOA DOS BOIS-RURAL;NORDESTINA;;DIA C;5;;;;;;;;0-5 POSTES;SENHOR DO BONFIM;2025-02-01;INDEFINIDO;1149258;Consolidado;N/A
9102090398;B-1152255;ER-CIND-AV-OTAVIO FERREIRA-URBANO;QUEIMADAS;;DIA C;1;;;;;;;;0-5 POSTES;SENHOR DO BONFIM;2025-02-01;INDEFINIDO;1152255;Consolidado;N/A
9102136651;B-1167180;RR-SEIN-FAZ-PATIOBA-RURAL;SENHOR DO BONFIM;;DIA C;2;;;;;;;;;SENHOR DO BONFIM;2025-02-01;INDEFINIDO;1167180;Consolidado;N/A
9101691568;B-1044483;MP-CCOL-POV.CACIMBINHA-RURAL;CAMPO FORMOSO;;REPUTACIONAL;324;;;;;;;;;SENHOR DO BONFIM;2025-02-01;INDEFINIDO;1044483;Consolidado;N/A
9003901510;B-0477336;MP-CCOL-POV CURRAL FALSO AROEIRA-RURAL;MONTE SANTO;;REPUTACIONAL;281;;;;;;;;;SENHOR DO BONFIM;2025-02-01;INDEFINIDO;0477336;Consolidado;N/A
;B-1173976;RR-CIND-POV- TANQUINHO-RURAL;NORDESTINA;;;;0;;1;;2025-02-11 00:00:00;ALAN;ANAILTON;;SENHOR DO BONFIM;2025-02-01;INDEFINIDO;1173976;Consolidado;N/A
;B-1190045;ER-CIND-POV-BARRO DE BAIXO II 6-B D B II;SENHOR DO BONFIM;;;;2;;1;;2025-02-17 00:00:00;WESLEY;JOILSON;;SENHOR DO BONFIM;2025-02-01;INDEFINIDO;1190045;Consolidado;N/A
;B-1167180;RR-SEIN-FAZ-PATIOBA-RURAL;SENHOR DO BONFIM;;;;2;;1;;2025-02-20 00:00:00;DICSON;JOILSON;;SENHOR DO BONFIM;2025-02-01;INDEFINIDO;1167180;Consolidado;N/A
;B-1091723;AC-CCOL FAZ CALDEIRÃO DO COXO RURAL;NORDESTINA;;;;20;;4;;2025-02-05 00:00:00;ALAN;ANAILTON;;SENHOR DO BONFIM;2025-02-01;INDEFINIDO;1091723;Consolidado;N/A
;;;;;;;;;;;;;;;SENHOR DO BONFIM;2025-02-01;INDEFINIDO;nan;Descartado;Projeto Vazio/Inválido
;;;;;;;;;;;;;;;SENHOR DO BONFIM;2025-02-01;INDEFINIDO;nan;Descartado;Projeto Vazio/Inválido
;;;;;;;;;;;;;;;SENHOR DO BONFIM;2025-02-01;INDEFINIDO;nan;Descartado;Projeto Vazio/Inválido
;B-1121813;MP-CCOL-POV.SANTO EUSEBIO-RURAL;QUEIMADAS;;;;;;;;;;;;SENHOR DO BONFIM;2025-02-01;INDEFINIDO;1121813;Consolidado;N/A
;B-1112875;ER-CCOL-FAZ-CALDEIR O DO COXO-RURAL;NORDESTINA;;;;;;;;;;;;SENHOR DO BONFIM;2025-02-01;INDEFINIDO;1112875;Consolidado;N/A
;B-1089356;MP-CCOL-FAZ.VARZEA DA NOVILHA RURAL;QUEIMADAS;;;;;;;;;;;;SENHOR DO BONFIM;2025-02-01;INDEFINIDO;1089356;Consolidado;N/A
;B-1128973;MP CIND POV QUEIMADA GRANDE RURAL;MONTE SANTO;;;;;;;;;;;;SENHOR DO BONFIM;2025-02-01;INDEFINIDO;1128973;Consolidado;N/A
;B-1053427;MP-CCOL-FAZ OLHOS DAGUA-RURAL;ITIÚBA;;;;;;;;;;;;SENHOR DO BONFIM;2025-02-01;INDEFINIDO;1053427;Consolidado;N/A
;B-1160430;ER-CIND-RUA-DO MATADOURO 95-CATUNY;JAGUARARI;;;;;;;;;;;;SENHOR DO BONFIM;2025-02-01;INDEFINIDO;1160430;Consolidado;N/A
;B-0914747;RU-CCOL-FAZ GENIO-RURAL-CRB;CAMPO FORMOSO;;;;;;;;;;;;SENHOR DO BONFIM;2025-02-01;INDEFINIDO;0914747;Consolidado;N/A
