PROJETO;TÍTULO;MUNICIPIO;ENCARREGADO;PSTP;CONCRETO;STATUS 1;PST EXEC;CAVR;OBS;RESUMO;LV;RESUMO LV;Nº PES;% CAVAS;DT DESL;PES DESLIG;% POSTES;CLIENT.;PLANO;CRITERIO;AVANÇO;CARTEIRA;V. PROJETO;ENERGIZAÇÃO;SUPERVISOR;AR;PV. INÍCIO;PV. FIM;DT. SEPARAÇÃO;RESERVA;SACADO;PRÉ FECHAMENTO;AS BUILT;DEVOLUÇAO;OBRAS SIMPLIFICADAS;VISITA PRÉVIA;REFERÊNCIA;COORDENADAS;LINK PROJETO;PG'S;LATITUDE;LONGITUDE;COORD;Carteira;PROJETO_FATO;STATUS_AUDITORIA;MOTIVO_DESCARTE
B-1233123;ER-CIND-FAZ-POCO DANTAS-RURAL;ITIÚBA;ANAILTON;1;1;Energizada;;1;ENERGIZADA;BT;;;1404 BT;;;;100%;1;PLANO 7;QLP;100%;jan./1;R$ 6.062,19;12/01/2026;;;05/01/2026;10/01/2026;05/01/2026;;TRUE;TRUE;TRUE;TRUE;;;D106490;-10,6080699, -39,9078473;https://drive.google.com/file/d/1bmXhXwpKeaRQEVgmgvoH_vT_xmhiG-_a/view;E936998;;;SENHOR DO BONFIM;2026-01-01;1233123;Consolidado;N/A
B-1224382;RC-CIND-RUA-FORTALEZA-CENTRO;ANDORINHAS;;1;1;Paralisada;0;;;DESL;;;;;;;100%;0;PLANO 8;REPUTACIONAL;100%;jan./1;R$ 19.178,33;;;;19/01/2026;24/01/2026;06/01/2026;;FALSE;TRUE;FALSE;FALSE;;;Q093313;-10,3440237, -39,8314899;https://drive.google.com/file/d/1jxOGm6zBipEwb7xClJFj6lI0mjbttWiF/view;E936999;;;SENHOR DO BONFIM;2026-01-01;1224382;Consolidado;N/A
B-0603860;MP-CCOL-POV. MANDI COMPL-RURAL;ANDORINHAS;ALDAIR;38;40;Em escavação;41;38;FALTA TRAFO 4 2-10 211304, FALTA ELO 0,5H 536778;LV + ENERGZ + BT;;;2891 EN       2892 BT;;;;105%;5;PLANO 14;AIC AUDITORIA;80%;jan./1;R$ 145.038,21;;;;05/01/2026;31/01/2026;13/01/2026;;TRUE;TRUE;FALSE;FALSE;;;D040108;-10,2372809, -39,7605516;https://drive.google.com/file/d/17avaG8zEW6an6JTBzSPHMhWlnw158saO/view;E936484 – E936520;;;SENHOR DO BONFIM;2026-01-01;0603860;Consolidado;N/A
B-1067126;IS-COEL-PR -COMERCIO-ANDORINHA;ANDORINHAS;ALDAIR;27;18;Em escavação;;21;FALTA 3426030 ESPAÇADOR, ALÇA 70 1000 3430538 ;DESL + LV;;;;;13, 14, 16, 20, 21;165844, 165846, 165851;67%;;;;100%;jan./1;;;;;05/01/2026;31/01/2026;06/01/2026;;TRUE;TRUE;FALSE;FALSE;;;Q109712;-10,5021538, -39,4067176;https://drive.google.com/file/d/1zL042QxT5snV06b_oVubU9G6zFUdXZ4G/view;E936243 – E936269;;;SENHOR DO BONFIM;2026-01-01;1067126;Consolidado;N/A
B-1222322;AC-PREF-POV-RIACHO SECO-RURAL;ANDORINHAS;ALDAIR;2;2;Em escavação;;2;FALTA CABO 2230084 3X70.;DESL;;;;;28/01/2026;4730;100%;1;PLANO 7;GOVERNO;100%;dez./1;R$ 44.108,41;;;;15/12/2025;20/12/2025;12/12/2025;;TRUE;TRUE;FALSE;FALSE;;;D574414;-10,2959073, -40,7210239;https://drive.google.com/file/d/1d4XLET9qUCGH5O3CHAL69rbSlbrpuMfx/view?usp=drive_link;E903477 – E903478;;;SENHOR DO BONFIM;2026-01-01;1222322;Consolidado;N/A
B-1151586;AC-CIND-LOT-VILA PEIXE-VILA PEIXE;ANDORINHAS;ALDAIR;1;1;Em escavação;;1;FALTA CABO 2230078 3X120.;DESL + LV;Pendente;;LV-150784;;27/01/2026;4626;100%;0;PLANO 7;RECLAMAÇÃO;100%;dez./1;R$ 26.251,94;;;;15/12/2025;20/12/2025;12/12/2025;;TRUE;TRUE;FALSE;FALSE;;;D130180;-10,3191272, -39,1863356;https://drive.google.com/file/d/1aF3wfEiV0Ka5ZLxYr_1gcyANVlnV3Y_9/view?usp=drive_link;E903442 – E903442;;;SENHOR DO BONFIM;2026-01-01;1151586;Consolidado;N/A
B-1216143;ER-CIND-POV-MANDASSAIA-RURAL;MONTE SANTO;ANAILTON;0;0;Energizada;;;ENERGIZADA;DESL;;;;;29/01/2026;4731;100%;1;PLANO 7;GOVERNO;100%;dez./1;R$ 21.535,59;;;;01/12/2025;06/12/2025;04/12/2025;;TRUE;TRUE;TRUE;TRUE;;;Q097286;-10,3447027, -39,833628;https://drive.google.com/file/d/1upyEJCYV6Plq7-XjoRF1LeshqK8AxNgP/view?usp=drive_link;0;;;SENHOR DO BONFIM;2026-01-01;1216143;Consolidado;N/A
B-1225627;UB-CIND-LOT-NOVA QUEIMADAS-NOVA QUEIMADA;QUEIMADAS;ANAILTON;3;2;Energizada;;;ENERGIZADA;LV + ENERGZ;;;LV-1165        1421 EN;;;;67%;7;PLANO 7;QLP;100%;jan./1;R$ 31.120,68;;;;12/01/2026;31/01/2026;05/01/2026;;TRUE;TRUE;TRUE;TRUE;;;D054475;-10,9859438, -39,6234911;https://drive.google.com/file/d/132SlHWdL59C189dcG451h3O_OmtbERn3/view;E937008 – E937010;;;SENHOR DO BONFIM;2026-01-01;1225627;Consolidado;N/A
B-0979517;ER-CIND-FAZ-RAIO DO SOL-RURAL;QUEIMADAS;ANAILTON;12;12;Energizada;;;ENERGIZADA;LV + ENERGZ;;;;;;;100%;2;PLANO 14;REPUTACIONAL;100%;jan./1;R$ 31.510,73;;;;12/01/2026;17/01/2026;12/01/2026;;TRUE;TRUE;TRUE;TRUE;;;DEPENDE DE 9101195078.;;https://drive.google.com/file/d/1q0U-Wvi_NAcU8NjvmaQWyFY5ZbNP9Ji5/view;E875544 – E875555;;;SENHOR DO BONFIM;2026-01-01;0979517;Consolidado;N/A
B-1222441;UB-CIND-RUA-DO CUPIM-CENTRO;CAMPO FORMOSO;GESONI;2;0;Energizada;;;ENERGIZADA;BT;;;5263 BT;;;;0%;1;PLANO 7;AGIL;100%;jan./1;R$ 13.025,83;;;;21/01/2026;23/01/2026;20/01/2026;;;TRUE;TRUE;TRUE;;;Q059443;-10,4984799, -40,3154779;;;;;SENHOR DO BONFIM;2026-01-01;1222441;Consolidado;N/A
B-1231947;ER-CIND-FAZ-CACHOEIRA-RURAL;FILADÉLFIA;GESONI;1;1;Energizada;;1;ENERGIZADA;LV + ENERGZ;;;2789 EN;;;;100%;10;PLANO 7;QLP;100%;jan./1;R$ 17.998,34;;;;05/01/2026;16/01/2026;08/01/2026;;TRUE;TRUE;TRUE;TRUE;;;B704313;-10,6661634, -40,2718228;https://drive.google.com/file/d/1Vj_9eh1Ib1g8cQPgpVpHAeM48t66wywJ/view;E860922;;;SENHOR DO BONFIM;2026-01-01;1231947;Consolidado;N/A
B-1224954;RR-CIND-POV-BARRACAS-RURAL BARRACAS;PONTO NOVO;GESONI;14;14;Energizada;;14;ENERGIZADA;LV + ENERGZ;;;2845 EN LV-5470;;;;100%;3;PLANO 7;QLP;100%;jan./1;R$ 103.743,31;;;;08/01/2026;22/01/2026;13/01/2026;;TRUE;TRUE;TRUE;TRUE;;;B638516;-11,082274, -40,0809083;https://drive.google.com/file/d/1iGKuvQJI0v5aGVw9w8dNcLY0_p3aces3/view;E875584 – E875597;;;SENHOR DO BONFIM;2026-01-01;1224954;Consolidado;N/A
B-1220601;ER-CIND-FAZ-BARAUNA-BARAUNA;SENHOR DO BONFIM;GESONI;3;3;Energizada;;;ENERGIZADA;BT;;;5231 BT;;;;100%;1;PLANO 7;AGIL;100%;jan./1;R$ 15.620,82;;;;28/01/2026;31/01/2026;20/01/2026;;;TRUE;TRUE;TRUE;;;E051804;-10.4276765, -40.1327385;;;;;SENHOR DO BONFIM;2026-01-01;1220601;Consolidado;N/A
B-1078475;MP-CCOL-FAZ.MARRECO BREJÃO D.GROTA-RURAL;ANTÔNIO GONÇALVES;ISRAEL;29;25;Energizada;;29;ENERGIZADA;LV + ENERGZ + BT;;;LV-5608;;29/01/2026;7237;86%;2;PLANO 14;REPUTACIONAL;100%;jan./1;R$ 342.077,94;;;;14/12/2025;31/12/2025;13/01/2026;;TRUE;TRUE;TRUE;TRUE;;;D047406;-10,6472111, -40,5265507;https://drive.google.com/file/d/1FnKZkQoZhjLq3VAxb2vEm97AOvqQVLSM/view;E936325 – E936352;;;SENHOR DO BONFIM;2026-01-01;1078475;Consolidado;N/A
B-1212007;ER-CIND-FAZ-TEREZA-RURAL;CAMPO FORMOSO;ISRAEL;20;18;Energizada;;19;ENERGIZADA;LV + ENERGZ;;;1514 EN;;;;90%;1;PLANO 7;REPUTACIONAL;100%;jan./1;R$ 171.422,01;12/01/2026;;;05/01/2026;24/01/2026;06/01/2026;;TRUE;TRUE;TRUE;TRUE;;;Q064009;-10,4419294, -40,6783527;https://drive.google.com/file/d/16FQnHfTq9mIvfo2a2mpzK2RJTdt2s8CG/view;E875613 – E875632;;;SENHOR DO BONFIM;2026-01-01;1212007;Consolidado;N/A
B-0983966;ER-CCOL-POV ARARAS-RURAL;CAMPO FORMOSO;;87;0;Paralisada;;;;LV + ENERGZ;;;;;;;100%;8;PLANO 14;QLP;50%;jan./1;R$ 405.345,63;;;;;;;;;TRUE;FALSE;FALSE;;;B139343;-10,143847, -40,5343069;https://drive.google.com/file/d/11KlXf3ohk262ltz0mSsMGoXngFhBwc47/view;E936817 – E936895;;;SENHOR DO BONFIM;2026-01-01;0983966;Consolidado;N/A
B-1203968;RR-CIND-FAZ-JOAO GOMES-RURAL;CAMPO FORMOSO;JAIRO;69;90;Em escavação;;43;;LV + ENERGZ;;;LV-6061                 24167 EN;;;;130%;7;PLANO 14;QLP;100%;jan./1;R$ 629.909,33;;;;19/01/2026;31/01/2026;19/12/2025;;TRUE;TRUE;FALSE;FALSE;;;Q062498;-10,1347086, -40,4111479;https://drive.google.com/file/d/1KSc6z13NMyr7n5wp1d1gb9M5gAB4qBLi/view?usp=drive_link;E936669 – E936737;;;SENHOR DO BONFIM;2026-01-01;1203968;Consolidado;N/A
B-1242603;ER-CIND-POV-MATINHA-RURAL;ITIÚBA;ANAILTON;14;14;Em escavação;14;14;FALTA TRAFO 2-10 211304, FALTA ELO 0,5H 536778, CABO POT 35 2223464;LV + ENERGZ;;;1451 EN LV-5569;;;;100%;1;PLANO 14;REPUTACIONAL;100%;jan./1;R$ 70.498,88;;;;05/01/2026;17/01/2026;12/01/2026;;TRUE;TRUE;FALSE;FALSE;;;Q093542;-10,6510182, -39,8157491;https://drive.google.com/file/d/1k-8OJ2oSQ7CGQLWvAN5QdgOl8p4gJWlp/view;E875556 – E875569;;;SENHOR DO BONFIM;2026-01-01;1242603;Consolidado;N/A
B-1213374;RI-SEIN-RUA-PINDOBACU-CENTRO;PINDOBAÇU;REGINALDO;61;57;Em escavação;62;61;FALTA CABO 2426 3X35 2230076;LV + BT + ENERGZ;;;LV-6019 LV-6026;;30/01/2026 E 31/01/2026;7251 (ANEXAR ACORDO);93%;0;PLANO 7;GOVERNO;80%;jan./1;R$ 448.030,10;;;;20/01/2026;15/02/2026;16/01/2026;;TRUE;TRUE;FALSE;FALSE;;;Q037089;-10,6682725, -40,3236711;https://drive.google.com/file/d/1Utd2yOlswUx804w_pQErmAIBoci3PLBW/view;E936609 – E936668;;;SENHOR DO BONFIM;2026-01-01;1213374;Consolidado;N/A
B-1180267;ER-CIND-POV-SUMIDOURO-RURAL;CAMPO FORMOSO;ISRAEL;11;11;Energizada;;11;ENERGIZADA;LV + ENERGZ;Pendente;;LV-151213            155594 EN;;;;100%;1;PLANO 7;INSTITUCIONAL;100%;dez./1;R$ 130.483,38;;;;01/12/2025;13/12/2025;10/12/2025;;TRUE;TRUE;TRUE;TRUE;;;D068248;-10,7520101, -39,4984245;https://drive.google.com/file/d/11VNesRoWB3HZaad5JUyrA0_Vx88k-OD2/view?usp=drive_link;E875184 – E875194;;;SENHOR DO BONFIM;2026-01-01;1180267;Consolidado;N/A
B-1229609;ER-CIND-POV-TIQUARA X-RURAL-TIQUARA;CAMPO FORMOSO;ISRAEL;2;3;Energizada;;2;ENERGIZADA;LV + ENERGZ;;;LV-1182         1496 EN;;;;150%;3;PLANO 7;QLP;100%;jan./1;R$ 29.850,03;;;;05/01/2026;16/01/2026;06/01/2026;;TRUE;TRUE;TRUE;TRUE;;;D023868;-10,4572679, -40,5517428;https://drive.google.com/file/d/1p3jxIQyqNMlgqMtbPGmxGkteOB92z_HD/view;E937002 – E937003;;;SENHOR DO BONFIM;2026-01-01;1229609;Consolidado;N/A
B-1188776;ER-SEIN-FAZ-TANQUINHO DA PEDRA-ODILON G;JAGUARARI;JEFFERSON;23;26;Energizada;;23;ENERGIZADA;LV + ENERGZ;;;2797 EN LV-5991;;;;113%;2;PLANO 7;GOVERNO;100%;jan./1;R$ 172.986,77;;;;05/01/2026;17/01/2026;08/01/2026;;TRUE;TRUE;TRUE;TRUE;;;B457888;-10,2491339, -40,1542061;https://drive.google.com/file/d/1mKFkn050SDLJx3LYxzSkuYRMsutpGxZi/view;E875654 – E875676;;;SENHOR DO BONFIM;2026-01-01;1188776;Consolidado;N/A
B-0734547;MP-CCOL-POV ATALHO 44444 - RURAL;CAMPO FORMOSO;ISRAEL;14;13;;;;FALTA TRAFO 2-10 211304, FALTA ELO 0,5H 536778, SUSPENSAO 34 2322006;LV + ENERGZ;;;5346 EN LV-6480;;;;93%;3;PLANO 14;REPUTACIONAL;100%;jan./1;R$ 69.829,38;;;;05/01/2026;16/01/2026;06/01/2026;;TRUE;TRUE;FALSE;FALSE;;;Q025022;-10,1273956, -40,732631;https://drive.google.com/file/d/18UJcbZbswKDWyPqqCjc-0SFHTwe3YsNK/view;E875570 – E875583;;;SENHOR DO BONFIM;2026-01-01;0734547;Consolidado;N/A
B-0984471;MP-CCOL-POV ARARAS-RURAL;CAMPO FORMOSO;JAIRO;51;51;;2;;FALTA ELO 0,5H 536778, 3430547 ALÇA 25, 3431611 LAÇO 25, CABO POT 35 2223464;LV + ENERGZ;;;LV-6619         24172 EN;;;;100%;6;PLANO 14;AIC AUDITORIA;50%;jan./1;R$ 248.561,08;;;;20/01/2026;28/02/2026;19/01/2026;;TRUE;TRUE;FALSE;FALSE;;;B139231;-10,1154277, -40,4850514;https://drive.google.com/file/d/1yFKO37daW2DuXEErbro-rEfuw7VKp6kj/view;E936559 – E936608;;;SENHOR DO BONFIM;2026-01-01;0984471;Consolidado;N/A
B-1145072;ER-CIND-FAZ-CARPINTARIA-NUCLEO PILAR;JAGUARARI;JEFFERSON;19;4;Energizada;;;ENERGIZADA;LV + ENERGZ;Pendente;;LV-151307                   157669 EN;;;;21%;1;PLANO 7;PRIORIDADE PLANO ANEEL;100%;dez./1;R$ 74.659,68;;;;08/12/2025;31/12/2025;18/12/2025;;TRUE;TRUE;TRUE;TRUE;;;D261007;-10,2315923, -39,3376556;https://drive.google.com/file/d/1v0rY_6dPG0KH_kxLjPJc78_tIXMNVB2L/view?usp=drive_link;E875155 – E875163;;;SENHOR DO BONFIM;2026-01-01;1145072;Consolidado;N/A
B-1217158;UB-SEIN-ROD-LOMANTO JUNIOR -URBANA;JAGUARARI;JEFFERSON;12;12;Energizada;;;ENERGIZADA;BT;;;1540 BT;;;;100%;0;PLANO 7;GOVERNO;100%;jan./1;R$ 92.197,25;;;;05/01/2026;16/01/2026;07/01/2026;;TRUE;TRUE;TRUE;TRUE;;;Q046958;-10,1933772, -40,2203276;https://drive.google.com/file/d/1Hio-bSdJNej731nan7kgcFHcHpLnVohu/view;E875532 – E875543;;;SENHOR DO BONFIM;2026-01-01;1217158;Consolidado;N/A
B-1170043;UB-CIND-RUA-QUIPA 1226 -PR-CENTRO;JAGUARARI;JEFFERSON;2;0;Energizada;;;ENERGIZADA;DESL + LV;;;LV-4591;;30/01/2026;7588;0%;1;PLANO 7;GOVERNO;100%;jan./1;R$ 56.320,08;;;;05/01/2026;16/01/2026;07/01/2026;;TRUE;TRUE;TRUE;TRUE;;;Q069246;-9,8913282, -39,9656842;https://drive.google.com/file/d/1cvg8_AgVYmPryFcsAkPydO3A98IwoVey/view;E937004 – E937005;;;SENHOR DO BONFIM;2026-01-01;1170043;Consolidado;N/A
B-1023469;RR-SEIN-FAZ-ANJO-RURAL;SENHOR DO BONFIM;JOILSON;15;2;Energizada;;15;ENERGIZADA;DESL + ENERGZ;;;1591 EN;;15/01/2026;167030;13%;4;PLANO 14;GOVERNO;100%;jan./1;R$ 135.705,85;;;;19/01/2026;31/01/2026;07/01/2026;;TRUE;TRUE;TRUE;TRUE;;;D250701;-10,3841074, -40,1187975;https://drive.google.com/file/d/1D_HpxkPYmhMOgQzicJAzR6K4DOqufsIq/view;E875598 – E875612;;;SENHOR DO BONFIM;2026-01-01;1023469;Consolidado;N/A
B-1221916;UB-CIND-RUA-DO MORRINHO-CENTRO;JAGUARARI;JEFFERSON;21;25;Em execução;;;;DESL + LV + BT + ENERGZ;;;EN1551-BT1563-BT-1567-LV6498;;31/01/2026;7655;119%;8;PLANO 7;QLP;100%;jan./1;R$ 188.959,99;;;;12/01/2026;17/01/2026;07/01/2026;;TRUE;TRUE;FALSE;FALSE;;;Q069242;-9,8904815, -39,9658245;https://drive.google.com/file/d/1n_xffADCT16pqNHvte3HZBQd3Rc1Hrom/view;E875633 – E875653;;;SENHOR DO BONFIM;2026-01-01;1221916;Consolidado;N/A
B-1043420;MP-CCOL-POV. VARZINHA RURAL;ITIÚBA;GESONI;79;77;;70;;FALTA 3430547 ALÇA 25, 3431611 LAÇO 25;LV + ENERGZ;;;LV-5724         24223 EN;;;;97%;7;PLANO 14;INSTITUCIONAL;50%;jan./1;R$ 802.121,47;;;;26/01/2026;28/02/2026;15/01/2026;;TRUE;TRUE;FALSE;FALSE;;;D249046;-10,9296104, -39,7060011;https://drive.google.com/file/d/1iVWNsZQ0Vj0cs6UliI2EDHEfyZb44H_g/view?usp=drive_link;E936738 – E936816;;;SENHOR DO BONFIM;2026-01-01;1043420;Consolidado;N/A
B-1229278;UB-CIND-RUA-PASSAGEM VELHA-OLARIA;SENHOR DO BONFIM;JOILSON;5;5;Energizada;;;ENERGIZADA;BT;;;5213 BT;;;;100%;1;PLANO 7;AGIL;100%;jan./1;R$ 25.386,79;;;;26/01/2026;30/01/2026;20/01/2026;;;TRUE;TRUE;TRUE;;;D911630;-10,5053418, -40,1614599;;;;;SENHOR DO BONFIM;2026-01-01;1229278;Consolidado;N/A
B-1228653;ER-CIND-RUA-DA LINHA-CENTRO-FLAMENGO;JAGUARARI;JEFFERSON;3;2;;;3;FALTA TRAFO 3-45 210444, ELO 3H 536781, 3X70 2230084;DESL + LV + BT + ENERGZ;;;1527 BT 1537 EN;;28/01/2026;5367;67%;1;PLANO 7;SOLICITAÇÃO ATENDIMENTO;100%;jan./1;R$ 103.250,38;;;;05/01/2026;16/01/2026;07/01/2026;;TRUE;TRUE;FALSE;FALSE;;;Q048359;-10,0433385, -40,2269572;https://drive.google.com/file/d/1koCRpj2CZnQIsd9IYKN1OYg42zhNUzl_/view;E875506 – E875508;;;SENHOR DO BONFIM;2026-01-01;1228653;Consolidado;N/A
B-1228865;RC-CIND-ROD-BOMFIM IGARA 407-RR-S BOMFIM;SENHOR DO BONFIM;JOILSON;5;5;Energizada;;;ENERGIZADA;DESL + LV;;;LV-6041;;23/01/2026;9461;100%;0;PLANO 8;JUDICIAL;100%;jan./1;R$ 74.513,20;;;;13/01/2026;24/01/2026;26/01/2026;;;TRUE;TRUE;TRUE;;;Q043242;-10,4115142, -40,1820197;https://drive.google.com/file/d/18GLhVyQbAeZqxZBqhuv8xT3s3xnqZIdr/view;E875509 – E875513;;;SENHOR DO BONFIM;2026-01-01;1228865;Consolidado;N/A
B-1235535;ER-SEIN-POV-TANQUE VELHO-TANQUE VELHO;SENHOR DO BONFIM;JOILSON;4;4;Energizada;;;ENERGIZADA;BT;;;5221 BT;;;;100%;1;PLANO 7;AGIL;100%;jan./1;R$ 22.388,97;;;;22/01/2026;27/01/2026;20/01/2026;;;TRUE;TRUE;TRUE;;;D097591;-10,5560158, -40,1168724;;;;;SENHOR DO BONFIM;2026-01-01;1235535;Consolidado;N/A
B-1237655;ER-CIND-FAZ-MELANCIA-RURAL-ANDORINHA;ANDORINHAS;JOSE ROBERTO;2;2;Energizada;;;ENERGIZADA;BT;;;5236 BT;;;;100%;1;PLANO 7;AGIL;100%;jan./1;R$ 8.254,87;;;;26/01/2026;30/01/2026;20/01/2026;;;TRUE;TRUE;TRUE;;;D554623;-10,3396259, -39,8088047;;;;;SENHOR DO BONFIM;2026-01-01;1237655;Consolidado;N/A
B-1229407;UB-CIND-RUA-FLORISVALDO F CARDOSO-CENTRO;ANTÔNIO GONÇALVES;JOSE ROBERTO;12;12;Energizada;;12;ENERGIZADA;BT;;;;;;;100%;6;PLANO 7;QLP;100%;jan./1;R$ 66.630,28;;;;05/01/2026;14/01/2026;07/01/2026;;TRUE;TRUE;TRUE;TRUE;;;D008505;-10,5758932, -40,273331;https://drive.google.com/file/d/13CFJBocynavyy0QeHb1C5hHmGeEUcUxG/view;E875520 – E875531;;;SENHOR DO BONFIM;2026-01-01;1229407;Consolidado;N/A
B-1214216;RI-SEIN-RUA-ALTO DA ESTA AO-ANTONIO GONC;ANTÔNIO GONÇALVES;JOSE ROBERTO;3;3;Energizada;;3;ENERGIZADA;LV + ENERGZ;;;;;;;100%;1;PLANO 7;GOVERNO;100%;jan./1;R$ 42.875,57;;;;05/01/2026;14/01/2026;07/01/2026;;TRUE;TRUE;TRUE;TRUE;;;D084805;-10,5716478, -40,2805947;https://drive.google.com/file/d/1_B-x0xUD_wm871785R6TMpbC1HFFONMw/view;E875503 – E875505;;;SENHOR DO BONFIM;2026-01-01;1214216;Consolidado;N/A
B-1218789;UB-CIND-RUA-JOAO GONCALVES-CENTRO ANTONI;ANTÔNIO GONÇALVES;JOSE ROBERTO;3;0;Energizada;;3;ENERGIZADA;BT;;;;;;;0%;1;PLANO 7;AGIL;100%;dez./1;R$ 12.000,00;;;;15/12/2025;19/12/2025;11/12/2025;;TRUE;TRUE;TRUE;TRUE;FALSE;FALSE;;;;;;;SENHOR DO BONFIM;2026-01-01;1218789;Consolidado;N/A
B-1201683;ER-SEIN-POV-SANTO ANTONIO-SANTO ANTONIO;JAGUARARI;JEFFERSON/OSMAR;94;57;;20;;;LV + ENERGZ + BT;;;LV-6538;;;;61%;9;PLANO 7;GOVERNO;80%;jan./1;R$ 802.766,79;;;;20/01/2026;28/02/2026;26/01/2026;;;TRUE;FALSE;FALSE;;;B971287;-10,0283077, -40,0517367;https://drive.google.com/file/d/1ypo2v-XF7HyvPiCu55oHvcALYKtBnRxg/view;E936903 – E936995;;;SENHOR DO BONFIM;2026-01-01;1201683;Consolidado;N/A
B-1213741;RR-SEIN-RUA-PINDOBACU-CENTRO;PINDOBAÇU;JOSE ROBERTO;33;35;;;;FALTA 1102 3x35 2230076;LV + BT + ENERGZ;;;LV-5674;;;;106%;0;PLANO 7;GOVERNO;100%;jan./1;R$ 239.084,55;;;;13/01/2026;31/01/2026;13/01/2026;;TRUE;TRUE;FALSE;FALSE;;;Q036262;-10,6216199, -40,2905741;https://drive.google.com/file/d/1OUrliukqqrj_sKOeh_P-TgwvPeYk6S3J/view;E936417 – E936448;;;SENHOR DO BONFIM;2026-01-01;1213741;Consolidado;N/A
B-1213480;IP-SEIN-RUA-ITAPICURU-RURAL;PINDOBAÇU;REGINALDO;39;42;;34;;FALTA CABO 1876 3X35 2230076;LV + BT + ENERGZ;;;2813 EN LV-6517;;;;108%;0;PLANO 7;GOVERNO;80%;jan./1;R$ 314.397,05;;;;05/01/2026;19/01/2026;08/01/2026;;TRUE;TRUE;FALSE;FALSE;;;Q056995;-10,7993508, -40,380492;https://drive.google.com/file/d/1_rT7MYpbbS2UoT4wakh3zwp-KwuKqbLt/view?usp=drive_link;E936521 – E936558;;;SENHOR DO BONFIM;2026-01-01;1213480;Consolidado;N/A
B-1221931;ER-CIND-RUA-APOLONIO-JATOBA;PINDOBAÇU;JOSE ROBERTO;4;4;Energizada;;;ENERGIZADA;BT;;;5224 BT;;;;100%;1;PLANO 7;AGIL;100%;jan./1;R$ 22.354,91;;;;19/01/2026;24/01/2026;20/01/2026;;;TRUE;TRUE;TRUE;;;Q063899;-10,739757, -40,4714933;;;;;SENHOR DO BONFIM;2026-01-01;1221931;Consolidado;N/A
B-1155068;EQ-GRUA-ROD BR 407 - RURAL;PONTO NOVO;;0;0;Paralisada;0;;;RELIG;;;;;;;100%;0;PLANO 7;MMGD;100%;jan./1;R$ 88.538,44;;;;;;;;;;FALSE;FALSE;;;DEPENDE DE 9102069530;;https://drive.google.com/file/d/1WEPBbYCotEgnGitlXdoiOTy27kAKT03S/view;;;;SENHOR DO BONFIM;2026-01-01;1155068;Consolidado;N/A
B-1187294;EQ-COEL-ROD-CJN - SIX ENERGY-RURAL;PONTO NOVO;;0;0;Paralisada;0;;;RELIG;;;;;;;100%;0;PLANO 7;MMGD;100%;jan./1;R$ 97.291,85;;;;;;;;;;FALSE;FALSE;;;DEPENDE DE OUTRO PROJETO;;https://drive.google.com/file/d/1lwe87KiV8_qlu3uowUl1wlTyc2B6XGUZ/view;;;;SENHOR DO BONFIM;2026-01-01;1187294;Consolidado;N/A
B-1223728;ER-CIND-TRV-SENHOR DO BONFIM-CENTRO-TIJU;SENHOR DO BONFIM;MARCELO;1;1;Energizada;;;ENERGIZADA;BT;;;5284 BT;;;;100%;1;PLANO 7;AGIL;100%;jan./1;R$ 6.502,60;;;;20/01/2026;23/01/2026;20/01/2026;;;TRUE;TRUE;TRUE;;;D408504;-10,6208025, -40,1372741;;;;;SENHOR DO BONFIM;2026-01-01;1223728;Consolidado;N/A
B-1185253;EQ GRUA-FAZ-RIACHO DOS NEGROS-RURAL;QUEIMADAS;;0;0;Paralisada;0;;;RELIG;;;;;;;100%;0;PLANO 7;MMGD;100%;jan./1;R$ 133.144,47;;;;;;;;;;FALSE;FALSE;;;DEPENDE DE OUTRO PROJETO;;https://drive.google.com/file/d/1TcwDfsEJAKA-6uXkkk6A3HSB6bISnUkV/view;;;;SENHOR DO BONFIM;2026-01-01;1185253;Consolidado;N/A
B-1223889;ER-CIND-POV-LAGOA DAS MO AS- PONTO NOVO;QUEIMADAS;ANAILTON;33;32;;29;;FALTA TRAFO 2-15 211308, FALTA ELO 0,5H 536778,  2322006 SUSPENSAO, 3430547 ALÇA 25, 3431611 LAÇO 25;LV + ENERGZ;;;2886 EN LV-5584;;;;97%;2;PLANO 7;QLP;100%;jan./1;R$ 301.753,13;;;;12/01/2026;24/01/2026;12/01/2026;;TRUE;TRUE;FALSE;FALSE;;;D918621;-10,9948355, -39,5379872;https://drive.google.com/file/d/1QagrSAAiJWunSk947lAJ6e3ElyJ3AtEn/view?usp=drive_link;E936384 – E936416;;;SENHOR DO BONFIM;2026-01-01;1223889;Consolidado;N/A
B-1200575;ER-CIND-TRV-SAO FRANCISCO -RURAL;CAMPO FORMOSO;OSMAR;2;0;Energizada;;;ENERGIZADA;DESL;;;;;27/01/2026;4727;0%;1;PLANO 14;PRIORIDADE PLANO ANEEL;100%;dez./1;R$ 9.937,27;;;;15/12/2025;20/12/2025;09/12/2025;;TRUE;TRUE;TRUE;TRUE;;;D130228;-10,3195859, -39,1927885;https://drive.google.com/file/d/10HJ5boLCn412A8pZ4lcGQ_dCB0NAwAvA/view?usp=drive_link;E903481 – E903482;;;SENHOR DO BONFIM;2026-01-01;1200575;Consolidado;N/A
B-1214280;ER-CIND-POV-ALECRIM PEDRAS ALTAS-RURAL;QUEIMADAS;MARCELO;31;30;;;;;LV + ENERGZ;;;LV-1169          24226 EN;;;;97%;1;PLANO 7;QLP;100%;jan./1;R$ 211.050,93;;;;19/01/2025;31/01/2026;05/01/2026;;TRUE;TRUE;FALSE;FALSE;;;D085909;-11,1013139, -39,8757613;https://drive.google.com/file/d/1NK9tsMR-2pkOtRS7SOoKtYo5jmg8xiYa/view;E936353 – E936383;;;SENHOR DO BONFIM;2026-01-01;1214280;Consolidado;N/A
B-1022962;RR-CCOL-FAZ-BOA VISTA-RURAL;QUEIMADAS;MARCELO;28;19;;;;;LV + ENERGZ;;;LV-1138          24256 EN;;;;68%;0;PLANO 14;INSTITUCIONAL;100%;jan./1;R$ 115.177,33;;;;05/01/2025;17/01/2026;05/01/2026;;TRUE;TRUE;FALSE;FALSE;;;D755470;-11,1366409, -39,7243466;https://drive.google.com/file/d/1iYz87MMRvru0zsqQrykoZ7K8AJ4IPix8/view;E936270 – E936296;;;SENHOR DO BONFIM;2026-01-01;1022962;Consolidado;N/A
B-1192514;RR-CCOL-POV-MALACAXETA 1800-LAGEDO;JAGUARARI;OSMAR;28;27;Energizada;;;ENERGIZADA;LV + ENERGZ;;;2890 EN LV-5647;;;;96%;3;PLANO 7;GOVERNO;100%;jan./1;R$ 223.226,52;;;;19/01/2026;24/01/2026;13/01/2026;;TRUE;TRUE;TRUE;TRUE;;;Q048752;-10,1785883, -40,1623422;https://drive.google.com/file/d/15T5edlGcCGLBZsGk8FBz7k7aSNEGzBGO/view;E936297 – E936324;;;SENHOR DO BONFIM;2026-01-01;1192514;Consolidado;N/A
B-1218599;ER-CIND-ET-PEDRA BRANCA-RURAL;MONTE SANTO;OSMAR;10;10;Energizada;;;ENERGIZADA;BT;;;154524 EN LV-161772;;;;100%;0;PLANO 7;QLP;100%;dez./1;R$ 85.822,51;;;;;;;;TRUE;TRUE;TRUE;TRUE;;;D772198;-10,7408517, -40,1242072;https://drive.google.com/file/d/1FBZ8mw8c7iDhTCvgp8LBeXd8FO9byPXz/view?usp=drive_link;;;;SENHOR DO BONFIM;2026-01-01;1218599;Consolidado;N/A
B-1123207;ER-CIND-FAZ-PEDRA-DO MATADOURO;MONTE SANTO;OSMAR;6;0;Energizada;;;ENERGIZADA;BT;;;1605 BT;;;;0%;1;PLANO 14;NOVOS QUESTIONAMENTOS ANEEL;100%;jan./1;R$ 36.939,22;07/01/2026;;;05/01/2026;10/01/2026;05/01/2026;;TRUE;TRUE;TRUE;TRUE;;;D394958;-10,479504, -39,3025142;https://drive.google.com/file/d/1Slf6OG7UadPjZ1SHAOa39ahiJrTYSi13/view;E875514 – E875519;;;SENHOR DO BONFIM;2026-01-01;1123207;Consolidado;N/A
B-1192368;ER-CIND-FAZ-MARIA DE LIMA-MARIA DE LIMA;MONTE SANTO;OSMAR;0;0;Energizada;;;ENERGIZADA;BT;;;1597 BT;;;;100%;1;PLANO 14;SLA;100%;jan./1;R$ 1.660,62;08/01/2026;;;05/01/2026;10/01/2026;05/01/2026;;TRUE;TRUE;TRUE;TRUE;;;D252116;-10,4062685, -39,210528;https://drive.google.com/file/d/1WjkWdoE9aMIypSmy2MMhjjzWcREpEi6H/view;;;;SENHOR DO BONFIM;2026-01-01;1192368;Consolidado;N/A
B-1225952;UB-CIND-RUA-MARIA ARAUJO-JUSTINO GOMES;ANDORINHAS;REGINALDO;3;2;Energizada;3;;ENERGIZADA;BT;;;5226 BT;;;;67%;1;PLANO 7;AGIL;100%;jan./1;R$ 18.490,19;;;;27/01/2026;31/01/2026;20/01/2026;;;TRUE;TRUE;TRUE;;;Q097016;-10,3439107, -39,8354242;;;;;SENHOR DO BONFIM;2026-01-01;1225952;Consolidado;N/A
B-1227477;ER-CIND-POV-SERRA MORGADOS-RURAL;JAGUARARI;REGINALDO;8;0;Energizada;;;ENERGIZADA;BT;;;5177 BT;;;;0%;1;PLANO 7;AGIL;100%;jan./1;R$ 54.221,62;;;;19/01/2026;30/01/2026;20/01/2026;;;TRUE;TRUE;TRUE;;;D137558;-10,2396611, -40,2399918;;;;;SENHOR DO BONFIM;2026-01-01;1227477;Consolidado;N/A
B-1157179;IT GRUA AG CANDIDO FONSECA RURAL;SENHOR DO BONFIM;;36;3;Paralisada;0;;;DESL + LV;;;;;;;100%;1;PLANO 7;GRUPO A;67%;jan./1;R$ 455.995,37;;;;05/01/2026;31/01/2026;06/01/2026;;;TRUE;FALSE;FALSE;;;;;https://drive.google.com/file/d/1nZP2Q6clxLAi_G9FpR2MdqvbdUJSXpbr/view;E936449 – E936483;;;SENHOR DO BONFIM;2026-01-01;1157179;Consolidado;N/A
B-1157045;EQ GRUA-AG CANDIDO FONSECA;SENHOR DO BONFIM;;1;0;Paralisada;0;;;LV;;;;;;;100%;0;PLANO 7;MMGD;100%;jan./1;R$ 99.427,13;;;;;;;;;;FALSE;FALSE;;;Q041880;-10,4831793, -40,1660255;https://drive.google.com/file/d/1jHzMUmfkfSL9z1YRdGBS4ADe8iBXbHg3/view;E936996;;;SENHOR DO BONFIM;2026-01-01;1157045;Consolidado;N/A
B-1234592;ER CIND MARISTAS ;SENHOR DO BONFIM;REGINALDO;1;1;Energizada;1;;ENERGIZADA;;;;;;;;100%;;;;;;;;;;;;;;FALSE;FALSE;TRUE;TRUE;FALSE;FALSE;;;;;;;SENHOR DO BONFIM;2026-01-01;1234592;Consolidado;N/A
