PROJETO;TÍTULO;MUNICIPIO;ENCARREGADO;PSTP;PST EXEC;STATUS 1;LV;RESUMO;OBS;RESUMO LV;Nº PES;DATA DESL;PES DESLIG;CONCRETO;% POSTES;CAVR;% CAVAS;OBS CAVA;CLIET.;PLANO;CRITERIO;AVANÇO;CARTEIRA;V. PROJETO;ENERGIZAÇÃO;SUPERVISOR;AR;PV. INÍCIO;PV. FIM;DT. SEPARAÇÃO;RESERVA;SACADO;PRÉ FECHAMENTO;OBRAS SIMPLIFICADAS;VISITA PRÉVIA;REFERÊNCIA;COORDENADAS;PG'S;LINK PROJETO;LATITUDE;LONGITUDE;COORD;Carteira;PROJETO_FATO;STATUS_AUDITORIA;MOTIVO_DESCARTE
B-1134149;LD CIND POV SÃO JOÃO DOS CAMPOS RURAL;MONTE SANTO;JOSE/OSMAR;49;44;Energizada;;LV + ENERGZ + DESL;Pendente podas;TRANS N3 P/N4;(EN) 125849 LV-148543;21/11/2025;143047;49;100%;49;100,0%;;7;PLANO 14;AIC AUDITORIA;50%;out./1;R$ 500.132,76;22/11/2025;GABRIEL;;13/10/2025;15/11/2025;;;TRUE;TRUE;;;D012482;-10,2518285, -39,466756;E875537 – E875585;;;;SENHOR DO BONFIM;2025-11-01;1134149;Consolidado;N/A
B-1181856;ER-SEIN-RUA-SERRINHA-CENTRO-NUCLEO PILAR;JAGUARARI;ALDAIR;32;32;Energizada;Pendente;LV + ENERGZ;;N1-3;145676 EN 141082 LV;;;32;100%;32;100,0%;;0;PLANO 7;GOVERNO;100%;nov./1;R$ 292.335,35;14/11/2025;JOAO;;04/11/2025;15/11/2025;07/11/2025;Sim;TRUE;TRUE;;;Q066061;-9.8720057, -39.8993768;E903108 – E903139;;;;SENHOR DO BONFIM;2025-11-01;1181856;Consolidado;N/A
B-1214079;IT-GRUA-POV-CAATINGUINHA 4545-RURAL;SENHOR DO BONFIM;JOILSON;15;0;Energizada;;DESL + LV;;5 POSTES;134442 EN 147965 LV;29/11/25;141554 e 141555 (ANEXA PEX);11;73,33333333%;6;40,0%;;0;PLANO 7;REPUTACIONAL;100%;out./1;R$ 63.731,32;;JOAO;;16/10/2025;22/11/2025;19/11/2025;Solicitado;FALSE;TRUE;FALSE;FALSE;Q043225;-10,4235329, -40,1895399;E875650 – E875665;https://drive.google.com/file/d/1bh8HQM6yOMLwUn-CLGZFYRmkXM71n8jv/view?usp=drive_link;;;SENHOR DO BONFIM;2025-11-01;1214079;Consolidado;N/A
B-1178411;ER-CIND-FAZ-PICADA 612-RURAL;SENHOR DO BONFIM;REGINALDO;14;8;Energizada;Pendente;LV+ENER+TRNS-REDE-BT;;N3 P/N4;LV 148974   144405 EN  144406 BT;;;5;35,71428571%;14;100,0%;;1;PLANO 7;QLP;100%;nov./1;R$ 103.316,77;20/11/2025;JOAO;;03/11/2025;15/11/2025;11/11/2025;Sim;TRUE;TRUE;;;B640476;-10.5495906, -40.1246195;E902923 – E902936;https://drive.google.com/file/d/1jEcugo4ZpV19lDdeTuE4_Jm1hQLxMaFh/view?usp=drive_link;;;SENHOR DO BONFIM;2025-11-01;1178411;Consolidado;N/A
B-0744119;MP-CIND-POV TOCA DA NOVILHA-RURAL;CAMPO FORMOSO;ISRAEL;13;10;Energizada;;LV + ENERGZ;EM SEPARAÇÃO, CONFIRMAR SE FOI 100% ATENDIDA;N3;EN 144140 LV 148250;;;15;115,3846154%;13;100,0%;5 SEM ACESSO;1;PLANO 7;PRIORIDADE PLANO ANEEL;100%;nov./1;R$ 71.171,71;28/11/2025;JOAO;;17/11/2025;29/11/2025;18/11/2025;Solicitado;;TRUE;FALSE;FALSE;Q063144;-10.4322025, -40.5640763;E903420 - E903435;https://drive.google.com/file/d/1oWaeU83Q0iOulXnQBU7NczHDQQvCzIUw/view?usp=drive_link;;;SENHOR DO BONFIM;2025-11-01;0744119;Consolidado;N/A
B-1186811;ER-CIND-ROD-LOMANTO JUNIOR-RURAL;JAGUARARI;WAGNER;12;11;Energizada;;LV+BT+ENERG;CAVAS PRONTAS;N3;BT 139516 EN 139528 LV 141488 ;;;12;100%;;0,0%;;1;PLANO 14;QLP;100%;nov./1;R$ 91.528,91;;JOAO;;10/11/2025;15/11/2025;11/11/2025;Sim;TRUE;TRUE;;;D207714;-10.24054, -40.200146;E902998 – E903009;https://drive.google.com/file/d/10lPVC-geujuqFj0ABTJAP17x2AQBtAoG/view?usp=drive_link;;;SENHOR DO BONFIM;2025-11-01;1186811;Consolidado;N/A
B-1194379;ER-CIND-FAZ-GATO-RURAL;ITIÚBA;GESONI;11;11;Energizada;;LV+ENERGIZ;Falta o cabo: CABO COBRE XLPE 35MM2 1F PRETO;N4;139329 EN 140665 LV;;;11;100%;8;72,7%;JA LOCADO KLC;1;PLANO 14;PRIORIDADE PLANO ANEEL;100%;nov./1;R$ 99.025,36;;JOAO;;17/11/2025;29/11/2025;14/11/2025;Sim;TRUE;TRUE;;;E703914;-10.726086, -39.929985;E902987 – E902997;https://drive.google.com/file/d/1AnigDSDlsRefhUZx5LTXbwuZOLyDMYiA/view?usp=drive_link;;;SENHOR DO BONFIM;2025-11-01;1194379;Consolidado;N/A
B-1162110;ER-CIND-POV-VARZEA CURRAL-RURAL;QUEIMADAS;MARCELO;10;0;Energizada;Pendente;LV+ENERGIZ;Previsão de desligamento 18/11;N1/3;134653 EN / 134701 LV;25/11/2025;143330;10;100%;10;100,0%;;1;PLANO 7;QLP;100%;nov./1;R$ 76.924,23;21/11/2025;GABRIEL;;10/11/2025;15/11/2025;10/11/2025;Sim;TRUE;TRUE;;;E461011;-11.034363, -39.604916;E902962 – E902971;https://drive.google.com/file/d/12nMbMkBMh97CYldCVJ8ZPdbQCaIFHTpX/view?usp=drive_link;;;SENHOR DO BONFIM;2025-11-01;1162110;Consolidado;N/A
B-1174377;ER-CIND-POV-ASSENT OURICURI TORTO-RURAL;ITIÚBA;GESONI;10;10;Energizada;;LV + ENERGZ;;N4;139315 EN 140904 LV;;;10;100%;;0,0%;JA LOCADO KLC;1;PLANO 7;QLP;100%;nov./1;R$ 136.387,58;28/11/2025;JOAO;;17/11/2025;29/11/2025;14/11/2025;Sim;TRUE;TRUE;;;D074332;-10.7594899, -39.9312999;E902972 – E902981;https://drive.google.com/file/d/1w28DHwVH3siLTyp1SZe5SnYryXm_0dWg/view?usp=drive_link;;;SENHOR DO BONFIM;2025-11-01;1174377;Consolidado;N/A
B-1197186;ER-CIND-FAZ-ANGICO-BARRINHA;JAGUARARI;ALDAIR;9;9;Energizada;;LV+BT;;N1;BT 139744 LV 145233;25/11/2025;143335;10;111,1111111%;9;100,0%;;1;PLANO 14;PRIORIDADE PLANO ANEEL;100%;nov./1;R$ 86.207,79;22/11/2025;JOAO;;17/11/2025;22/11/2025;18/11/2025;Solicitado;;TRUE;;;D394357;-9.8877005, -40.1535408;E903379 - E903388;https://drive.google.com/file/d/1ixIZgJwCMOOANj3uSY8MJ4_1ZNipv3up/view?usp=drive_link;;;SENHOR DO BONFIM;2025-11-01;1197186;Consolidado;N/A
B-1204005;ER-CIND-FAZ-TATU DEUS ME LIVRE-RURAL;ITIÚBA;GESONI;9;0;Energizada;Pendente;LV+BT;;N1;138320 BT 140890 LV;;;14;155,5555556%;9;100,0%;;1;PLANO 7;PRIORIDADE PLANO ANEEL;100%;nov./1;R$ 49.564,10;18/11/2025;JOAO;;03/11/2025;15/11/2025;10/11/2025;Sim;TRUE;TRUE;;;D100510;-10.7005335, -39.9329799;E903278 – E903286;https://drive.google.com/file/d/1SQ5Zt5IjfJHJ7YzWSy7h7zowc6DzNRDF/view?usp=drive_link;;;SENHOR DO BONFIM;2025-11-01;1204005;Consolidado;N/A
B-1216748;ER-CIND-POV-MORRINHOS-RURAL;CAMPO FORMOSO;EDVALDO;9;5;Energizada;;LV+BT+ENERGZ;FALTA TRAFO;N3/B1/1/TRAFO;BT 138052 LV- 148141;;;9;100%;9;100,0%;;0;PLANO 7;PRIORIDADE PLANO ANEEL;100%;nov./1;R$ 74.118,23;25/11/2025;JOAO;;22/11/2025;29/11/2025;19/11/2025;;;TRUE;;;E654970;-10.391477, -40.593649;E902953 – E902961;https://drive.google.com/file/d/1LQbj9kq7wQX70BBmTiVCBcAhHDqM088E/view?usp=drive_link;;;SENHOR DO BONFIM;2025-11-01;1216748;Consolidado;N/A
B-1214173;AC-CIND-FAZ-PE DA SERRA-PIAUS;ITIÚBA;JEFFERSON;9;0;Energizada;;LV+BT;;N1;138341 BT 140831 LV;;;9;100%;9;100,0%;;1;PLANO 7;PRIORIDADE PLANO ANEEL;100%;nov./1;R$ 61.674,23;13/11/2025;GABRIEL;;17/11/2025;22/11/2025;08/11/2025;Sim;TRUE;TRUE;;;Q090033;-10.6163083, -39.7836231;E902944 – E902952;https://drive.google.com/file/d/16FyWmKLzIIEqOGQydaDk3ctXFzyKiYDv/view?usp=drive_link;;;SENHOR DO BONFIM;2025-11-01;1214173;Consolidado;N/A
B-1174392;ER-CIND-FAZ-RAPOSA-QUICE;SENHOR DO BONFIM;JOILSON;8;0;Energizada;Pendente;LV+ENERGIZ;;N1/BANCADA;134442 EN 141491 LV;;;13;162,5%;8;100,0%;;1;PLANO 14;PRIORIDADE PLANO ANEEL;100%;nov./1;R$ 55.522,36;;JOAO;;07/11/2025;15/11/2025;12/11/2025;Sim;TRUE;TRUE;;;B111663;-10.5742747, -39.984193;E902894 – E902901;https://drive.google.com/file/d/1H-5c6omeThJ7rBWE_FSNlwwyAhIaEFNY/view?usp=drive_link;;;SENHOR DO BONFIM;2025-11-01;1174392;Consolidado;N/A
B-1214003;ER-CIND-POV-PASSAGEM VELHA -RURAL;SENHOR DO BONFIM;REGINALDO;8;8;Energizada;;BT;;;133639 BT;;;0;0%;8;100,0%;;1;PLANO 14;PRIORIDADE PLANO ANEEL;100%;nov./1;R$ 39.572,37;13/11/2025;JOAO;;05/11/2025;15/11/2025;13/11/2025;Sim;TRUE;TRUE;;;E376748;-10.5033724, -40.1679919;E902902 – E902909;https://drive.google.com/file/d/1EbaTg_RLEIrTN33Fq_pwgG-nJbjTkskO/view?usp=drive_link;;;SENHOR DO BONFIM;2025-11-01;1214003;Consolidado;N/A
B-1205642;ER-CIND-POV-ALAGADICO DO MEL-RURAL;ITIÚBA;GESONI;7;0;Energizada;;ENERG;Falta o cabo: CABO COBRE XLPE 35MM2 1F PRETO;N1/1.TRAFO;139301 EN 140805 LV;;143334;7;100%;7;100,0%;;1;PLANO 14;PRIORIDADE PLANO ANEEL;100%;nov./1;R$ 44.962,55;;JOAO;;17/11/2025;22/11/2025;14/11/2025;Sim;TRUE;TRUE;;;D397457;-10.831568, -39.9729284;E902937 – E902943;https://drive.google.com/file/d/176lRGE7YnMjoYUiGJA6HpwyCtrO9b2rl/view?usp=drive_link;;;SENHOR DO BONFIM;2025-11-01;1205642;Consolidado;N/A
B-1171381;ER-CIND-POV-LAGE DOS NEGROS -L D NEGROS;CAMPO FORMOSO;ISRAEL;7;0;Energizada;Pendente;LV + ENERGZ;;TRF;124663 (LV)      145880 (EN);;;7;100%;7;100,0%;;1;PLANO 14;PRIORIDADE PLANO ANEEL;100%;out./1;R$ 62.354,50;14/11/2025;JOAO;;20/10/2025;15/11/2025;;;TRUE;TRUE;;;E528660;-10,1591055, -40,9337948;E875299 – E875305;https://drive.google.com/file/d/17d7bgA-151hAo1z4GU7CjbDq6y2gNKvL/view?usp=drive_link;;;SENHOR DO BONFIM;2025-11-01;1171381;Consolidado;N/A
B-1206073;ER-CIND-POV-RURAL-CACIMBINHA;CAMPO FORMOSO;ISRAEL;7;0;Energizada;Pendente;LV + ENERGZ;PENDENTE TRAFO 1FF 10KVA 13,8KV 220V 3T VG ;TRF;124657 (LV)      124861 (EN);;;7;100%;7;100,0%;;1;PLANO 14;PRIORIDADE PLANO ANEEL;100%;out./1;R$ 89.359,21;28/11/2025;JOAO;;20/10/2025;15/11/2025;;;TRUE;TRUE;;;D010745;-9,9124989, -40,6843068;E875291 – E875298;https://drive.google.com/file/d/1fUb8klgF5nSnHVTy2-KASHhdBbEIKTw9/view?usp=drive_link;;;SENHOR DO BONFIM;2025-11-01;1206073;Consolidado;N/A
B-1183329;ER-CIND-ET-ADUTORA MINA-RURAL-NUCLEO PIL;JAGUARARI;ALDAIR;6;6;Energizada;;ENERG;;N1/OBS-LINHA(T);139493 BT;;;4;66,66666667%;6;100,0%;;1;PLANO 7;PRIORIDADE PLANO ANEEL;100%;nov./1;R$ 57.675,15;;JOAO;;24/11/2025;29/11/2025;18/11/2025;Solicitado;;TRUE;;;Q068964;-9.8185572, -40.0175522;E903411 - E903416;https://drive.google.com/file/d/1tk4upj6aJ23XuDc0J5VjXdroyHMO3J7k/view?usp=drive_link;;;SENHOR DO BONFIM;2025-11-01;1183329;Consolidado;N/A
B-1215543;ER-CIND-POV-RES MORROS-TANQUINHO;SENHOR DO BONFIM;REGINALDO;6;0;Energizada;;BT;;;133644 BT;;;6;100%;6;100,0%;;1;PLANO 7;PRIORIDADE PLANO ANEEL;100%;nov./1;R$ 28.559,54;12/11/2025;JOAO;;03/11/2025;15/11/2025;11/11/2025;Sim;TRUE;TRUE;;;E801034;-10.535905, -40.126363;E902888 – E902893;https://drive.google.com/file/d/1dNGU1_kASvqivdrEOcKNPUJq-ADAJxe6/view?usp=drive_link;;;SENHOR DO BONFIM;2025-11-01;1215543;Consolidado;N/A
B-1210118;UB-CCOL-RUA-ANTONIO PIMENTEL-ITIUBA;ITIÚBA;JEFFERSON;5;0;Energizada;;LV + BT;Falta o cabo: CABO MLP ALUM XLPE 3X1X35/35MM2 N ISO;;LV 140168 - BT 138306 ;;;9;180%;5;100,0%;;2;PLANO 7;PRIORIDADE PLANO ANEEL;100%;nov./1;R$ 31.282,42;;GABRIEL;;24/11/2025;29/11/2025;17/11/2025;Solicitado;;TRUE;;;D508813;-10.683756, -39.864986;E902982 – E902986;https://drive.google.com/file/d/1KQ4SMk4MjVBWh1g8utaPvgYJs4Jjjkbd/view?usp=drive_link;;;SENHOR DO BONFIM;2025-11-01;1210118;Consolidado;N/A
B-1204503;ER-CIND-POV-VARGEM DO SAL 300-V DO SAL;CAMPO FORMOSO;ISRAEL;5;0;Energizada;Pendente;LV + ENERGZ;CABO POT COBRE C2 PVCA 1KV 1X70 MM2;N1 C/ TRF;124748 (LV) 124696 (EN);;;5;100%;5;100,0%;;1;PLANO 14;PRIORIDADE PLANO ANEEL;100%;out./1;R$ 53.873,54;19/11/2025;JOAO;;27/10/2025;15/11/2025;;;TRUE;TRUE;;;Q064027;-10,4179027, -40,6692667;E875306 – E875310;https://drive.google.com/file/d/1KOg7AzZW4dLkP8c6COkBal8zVAL_LxXB/view?usp=drive_link;;;SENHOR DO BONFIM;2025-11-01;1204503;Consolidado;N/A
B-1200674;ER-CIND-FAZ-VARZEA GRANDE-VARZEA GRANDE;QUEIMADAS;MARCELO;5;0;Energizada;Pendente;LV + BT;Programar LV;2 N1;123154 BT  LV 145709;;128905;5;100%;5;100,0%;;1;PLANO 14;QLP;100%;out./1;R$ 35.253,30;;GABRIEL;;20/10/2025;15/11/2025;;;TRUE;TRUE;FALSE;FALSE;B565390;-10,9210645, -39,9412907;E875365 – E875369;https://drive.google.com/file/d/18ZF9Qq8JVg4GFYxbbO4i-8WenlIsK2HK/view?usp=drive_link;;;SENHOR DO BONFIM;2025-11-01;1200674;Consolidado;N/A
B-1172415;UB-CIND-RUA-M CAROLINA FERREIRA-CENTRO;CANSANÇÃO;ANAILTON;4;4;Energizada;;DESL;;;;20/11/2025;142294;4;100%;4;100,0%;;0;PLANO 7;PRIORIDADE PLANO ANEEL;100%;out./1;R$ 39.552,26;20/11/2025;GABRIEL;;20/10/2025;15/11/2025;;;TRUE;TRUE;;;Q099415;-10,6679905, -39,4917045;E875330 – E875333;https://drive.google.com/file/d/1-sawzub04_2yUJrRCX47jaDBUprjkuqa/view?usp=drive_link;;;SENHOR DO BONFIM;2025-11-01;1172415;Consolidado;N/A
B-1186324;AC-CIND-POV-LAGOA DOS CAVALOS-RURAL;CANSANÇÃO;ANAILTON;4;4;Energizada;Pendente;LV + BT + DESL;Pendente CABO POT COBRE C2 PVCA 1KV 1X70 MM2;CE3;124947 (LV) 123271 BT;21/11/2025;142295;4;100%;4;100,0%;;0;PLANO 7;QLP;100%;out./1;R$ 84.103,37;;GABRIEL;;20/10/2025;15/11/2025;;;TRUE;TRUE;;;D934348;-10,6544928, -39,4879905;E875318 – E875321;https://drive.google.com/file/d/1S_bIjmDjBZM-cDGRb8i-mv8jk9M_vX36/view?usp=drive_link;;;SENHOR DO BONFIM;2025-11-01;1186324;Consolidado;N/A
B-1180746;ER-CIND-POV-BAIX O DAS GALINHAS-RURAL;ITIÚBA;JEFFERSON;4;0;Energizada;Pendente;LV+BT;Depende do recebimento do trafo;N3/TRAFO; LV- 140215 BT-138310 ;;;8;200%;4;100,0%;;0;PLANO 14;QLP;100%;nov./1;R$ 46.614,51;;GABRIEL;;03/11/2025;15/11/2025;08/11/2025;Sim;TRUE;TRUE;;;Q089333;-10.6677233, -39.6960878;E903299 – E903302;https://drive.google.com/file/d/1j1KByKrzLvgAAZZvHy9wubz5o_7zNYyI/view?usp=drive_link;;;SENHOR DO BONFIM;2025-11-01;1180746;Consolidado;N/A
B-1173513;ER-CIND-POV-LAGE DO JOSE-LAGE DO JOSE;CANSANÇÃO;JEFFERSON;4;0;Energizada;Realizado;LV+BT+ENERG;;(2) N1;135204 (BT) EN 135232 LV 141031 ;;;8;200%;4;100,0%;;1;PLANO 14;QLP;100%;nov./1;R$ 34.356,19;12/11/2025;GABRIEL;;03/11/2025;15/11/2025;08/11/2025;Sim;TRUE;TRUE;;;D189129;-10.6413059, -39.5483032;E903270 – E903273;https://drive.google.com/file/d/1nwkiP8o-VMN9jlqptcmyuD2X36N34HoH/view?usp=drive_link;;;SENHOR DO BONFIM;2025-11-01;1173513;Consolidado;N/A
B-1192316;ER-CIND-POV-CERCADINHO 353-RURAL;ITIÚBA;GESONI;4;0;Energizada;;LV+BT; ;N1/TRAFO;138317 BT 140660 LV;;;4;100%;;0,0%;JA LOCADO KLC;0;PLANO 7;QLP;100%;nov./1;R$ 40.844,27;19/11/2025;JOAO;;17/11/2025;22/11/2025;14/11/2025;Sim;TRUE;TRUE;;;D069751;-10.7540595, -39.8783515;E903295 – E903298;https://drive.google.com/file/d/1wxiwGBCJKVl2wgppz_ZrPVWmT1CuRrw7/view?usp=drive_link;;;SENHOR DO BONFIM;2025-11-01;1192316;Consolidado;N/A
B-1144666;ER-CIND-FAZ-CALDEIRAOZINHO-RURAL;MONTE SANTO;JOSE;4;0;Energizada;;LV+BT+ENERGIZ;"Falta o cabo (2223464-CABO COBRE XLPE 35MM2 1F PRETO)
";N1/3;151371 BT 135523 EN148650 LV;;;4;100%;;0,0%;"Alocada
necessita da KLC";1;PLANO 14;QLP;100%;nov./1;R$ 46.058,74;26/11/2025;GABRIEL;;17/11/2025;22/11/2025;17/11/2025;Solicitado;;TRUE;;;A254655;-10.3592092, -39.4466995;E903344 – E903347;https://drive.google.com/file/d/1hPtKU8VYNjlSCrmLYqPPXPG0U3ncCp-P/view?usp=drive_link;;;SENHOR DO BONFIM;2025-11-01;1144666;Consolidado;N/A
B-1178358;ER-CIND-POV NOVO ACORDO-NOVO ACORDO;CANSANÇÃO;ANAILTON;4;0;Energizada;;LV+BT;"Pendente TRAFO 3F 45KVA 34,5KV 380/220V 3 TAPS
trafo vindo de jacobina";N1/TRAFO;135280 BT 141052 LV;;;8;200%;4;100,0%;;1;PLANO 14;REPUTACIONAL;100%;nov./1;R$ 71.171,71;28/11/2025;GABRIEL;;17/11/2025;22/11/2025;10/11/2025;Sim;TRUE;TRUE;;;D152205;-10.720078, -39.340708;E903066 – E903080;https://drive.google.com/file/d/1CX9_ZQPxuKiQHzklXizV6YaEVi65toFT/view?usp=drive_link;;;SENHOR DO BONFIM;2025-11-01;1178358;Consolidado;N/A
B-1158293;UB-CIND-RUA-HERMANO B SOUZA-URBANA;CANSANÇÃO;ANAILTON;4;0;Energizada;Pendente;LV + BT;Depende do cabo 3x35;N1;125076 (LV) 123269 BT;;;4;100%;4;100,0%;;1;PLANO 7;PRIORIDADE PLANO ANEEL;100%;out./1;R$ 24.101,81;;GABRIEL;;27/10/2025;15/11/2025;;;TRUE;TRUE;;;Q099328;-10,6652094, -39,4990013;E875326 – E875329;https://drive.google.com/file/d/1Vmqy-TWEwX0cNpdx1z-xx9aZjWHty6AK/view?usp=drive_link;;;SENHOR DO BONFIM;2025-11-01;1158293;Consolidado;N/A
B-1213134;ER-CIND-POV-DEIXAI 94 -FT-RURAL;CANSANÇÃO;ANAILTON;4;0;Energizada;;LV + BT;;3 N1;125095 (LV) 123273 BT;;;4;100%;4;100,0%;;1;PLANO 14;PRIORIDADE PLANO ANEEL;100%;out./1;R$ 39.405,66;28/11/2025;GABRIEL;;17/11/2025;22/11/2025;;;TRUE;TRUE;;;B164365;-10,6854032, -39,3437082;E875334 – E875337;https://drive.google.com/file/d/12N6F1E_ZjJZI1L2xFWVO0_vI9aQ949MB/view?usp=drive_link;;;SENHOR DO BONFIM;2025-11-01;1213134;Consolidado;N/A
B-1139502;UB-CIND-AV-ANTONIO VICENTE M M-CENTRO;CANSANÇÃO;ANAILTON;4;0;Energizada;Realizado;LV + ENERGZ;Depende do cabo 3x35;TRF + N1;124968 (LV) 148791 (EN);;;8;200%;4;100,0%;;1;PLANO 7;PRIORIDADE PLANO ANEEL;100%;out./1;R$ 56.169,24;19/11/2025;GABRIEL;;20/10/2025;15/11/2025;;;TRUE;TRUE;;;D297035;-10,6594125, -39,4945877;E875322 – E875325;https://drive.google.com/file/d/1KB_Ffd8O0Ut7F3ftx26HSkUSUrsFtfj8/view?usp=drive_link;;;SENHOR DO BONFIM;2025-11-01;1139502;Consolidado;N/A
B-1186692;ER-CIND-FAZ-CAJARANA-RURAL-ITIUBA;ITIÚBA;GESONI;4;0;Energizada;;BT;;;138241 BT;;;4;100%;4;100,0%;;2;PLANO 7;QLP;100%;nov./1;R$ 31.163,34;13/11/2025;JOAO;;10/11/2025;15/11/2025;10/11/2025;Sim;TRUE;TRUE;;;D572240;-10.7322623, -39.938497;E903291 – E903294;https://drive.google.com/file/d/1M92Aa4bTvL0CR896sH6TK2YCDQQoKJMq/view?usp=drive_link;;;SENHOR DO BONFIM;2025-11-01;1186692;Consolidado;N/A
B-1191735;ER-CIND-POV TANQUE DA TERRA-TANQUE DE TE;JAGUARARI;REGINALDO;4;0;Energizada;;BT;;;139682 BT;;;4;100%;;0,0%;;1;PLANO 7;RECLAMAÇÃO;100%;nov./1;R$ 22.149,09;24/11/2025;JOAO;;17/11/2025;22/11/2025;11/11/2025;Sim;TRUE;TRUE;;;B479320;-10.225127, -40.203209;E903404 - E903407;https://drive.google.com/file/d/1nbgMY6lypPglhzgqY1CR0kR9tJTn75eO/view?usp=drive_link;;;SENHOR DO BONFIM;2025-11-01;1191735;Consolidado;N/A
B-1179691;UB-CIND-RUA-JOSE JACINTO 101-CENTRO;ITIÚBA;MARCELO;4;0;Energizada;;BT;Fazer visita prévia;OBS-SEM PROEJTO;OBS-SEM PROEJTO;;;4;100%;;0,0%;;1;PLANO 7;QLP;100%;nov./1;R$ 39.623,46;28/11/2025;GABRIEL;;24/11/2025;29/11/2025;17/11/2025;Solicitado;;TRUE;;;E636183;-10.852209, -39.723853;E903303 – E903305;https://drive.google.com/file/d/1VTm9x93ljrjTqVCWyTumdXyc5WG3HOnu/view?usp=drive_link;;;SENHOR DO BONFIM;2025-11-01;1179691;Consolidado;N/A
B-1213002;ER-CIND-POV-PONTA DAGUA-RURAL;CAMPO FORMOSO;ISRAEL;4;0;Energizada;;BT;;;144399 BT;;;4;100%;4;100,0%;;1;PLANO 14;PRIORIDADE PLANO ANEEL;100%;out./1;R$ 22.711,82;15/11/2025;JOAO;;27/10/2025;15/11/2025;;;TRUE;TRUE;;;D724169;-10,4114853, -41,1624956;E875287 – E875290;https://drive.google.com/file/d/1KsxIb6H7s6QnTmeIBsuWeo6tyOwt6IK8/view?usp=drive_link;;;SENHOR DO BONFIM;2025-11-01;1213002;Consolidado;N/A
B-1180962;ER-CCOL-FAZ-PAU D ARCO-RURAL;MONTE SANTO;OSMAR;4;0;Energizada;;LV+BT;;N1 C/ TRF;BT 127167 LV-148697;;;4;100%;2;50,0%;Precisa da KLC;1;PLANO 14;QLP;100%;out./1;R$ 45.098,21;;GABRIEL;;20/10/2025;22/11/2025;;;TRUE;TRUE;;;D409513;-10,5062648, -39,4095984;E903274 – E903277;https://drive.google.com/file/d/19vWBocIDS5w2Z3vj0Uk7se2EjMeZSV4I/view?usp=drive_link;;;SENHOR DO BONFIM;2025-11-01;1180962;Consolidado;N/A
B-1167440;UB CIND RUA DO ANGICO CENTRO;JAGUARARI;ALDAIR;3;0;Energizada;;LV+BT+DESL;;B1;BT 139549 LV 145165;;143264;3;100%;;0,0%;;1;PLANO 7;QLP;100%;nov./1;R$ 24.089,65;;JOAO;;17/11/2025;22/11/2025;18/11/2025;Solicitado;;TRUE;;;D655454;-9.889389, -39.974332;E903392 - E903394;https://drive.google.com/file/d/18xF3RIgPVD8FZpj5igOztdnyNWBRDnwf/view?usp=drive_link;;;SENHOR DO BONFIM;2025-11-01;1167440;Consolidado;N/A
B-1170663;ER-CIND-RUA-DO FAXEIRO 3029-NUCLEO PILAR;JAGUARARI;ALDAIR;3;0;Energizada;;DESL + LV;;B1;LV-149231;26/11/2025;144183;1;33,33333333%;3;100,0%;;1;PLANO 7;PRIORIDADE PLANO ANEEL;100%;nov./1;R$ 30.962,00;;JOAO;;24/11/2025;29/11/2025;18/11/2025;Solicitado;;TRUE;;;D655456;-9.8901532, -39.9743231;E903327 – E903329;https://drive.google.com/file/d/1skDUekm_N87T4ZwWYRNkkyXXYrLpcn89/view?usp=drive_link;;;SENHOR DO BONFIM;2025-11-01;1170663;Consolidado;N/A
B-1167467;LD CIND ET ADUTORA MINA CARAIBA RURAL;JAGUARARI;ALDAIR;3;0;Energizada;;LV+ENERGIZ;Detonação dia 18/11;;EN 139440 LV 145325;;;3;100%;3;100,0%;3 FURADAS;1;PLANO 7;PRIORIDADE PLANO ANEEL;100%;nov./1;R$ 43.267,50;;JOAO;;24/11/2025;29/11/2025;18/11/2025;Solicitado;;TRUE;;;D216992;-9.8674146, -39.9562488;E903321 – E903323;https://drive.google.com/file/d/1CjigDrbictRcc078JCuGl6A4O7qUWUE6/view?usp=drive_link;;;SENHOR DO BONFIM;2025-11-01;1167467;Consolidado;N/A
B-1211192;ER-CIND-POV-CACIMBA-CACIMBINHA;CANSANÇÃO;ANAILTON;3;0;Energizada;Realizado;DESL + LV + BT;;N1 C/ TRF;124981 (LV) 145472 (BT);;;3;100%;3;100,0%;;1;PLANO 14;PRIORIDADE PLANO ANEEL;100%;out./1;R$ 33.755,69;13/11/2025;GABRIEL;;17/11/2025;22/11/2025;;;TRUE;TRUE;;;Q101267;-10,7173807, -39,453117;E875192 – E875194;https://drive.google.com/file/d/1rUdQCmjOqOYFwDCN2fKL62HfyI9ExvXd/view?usp=drive_link;;;SENHOR DO BONFIM;2025-11-01;1211192;Consolidado;N/A
B-1168652;ER-CIND-FAZ-TRINDADE-RURAL;NORDESTINA;MARCELO;14;0;;;LV+ENERGIZ;;N1/3;EN 135511 LV- 148268;;;13;92,85714286%;14;100,0%;;1;PLANO 14;QLP;100%;nov./1;R$ 131.108,26;;GABRIEL;;17/11/2025;22/11/2025;17/11/2025;Solicitado;;TRUE;FALSE;FALSE;D026496;-10.8263598, -39.4973282;E903037 – E903050;https://drive.google.com/file/d/1PnMy5gRhQHvv6WY2lxGdwxq8rj7yS37-/view?usp=drive_link;;;SENHOR DO BONFIM;2025-11-01;1168652;Consolidado;N/A
B-1172209;ER-CIND-POV-LAGOA DA ROCA-RURAL;CAMPO FORMOSO;EDVALDO;3;0;Energizada;;LV+BT;REDE DESATIVADA/ INFORMADO AO AR;N1/TRAFO;137187 BT 142711 LV;;;3;100%;3;100,0%;;1;PLANO 14;QLP;100%;nov./1;R$ 40.691,07;;JOAO;;17/11/2025;22/11/2025;19/11/2025;;;TRUE;;;Q061552;-10.4968911, -40.450779;E903257 – E903259;https://drive.google.com/file/d/12KXlgbMyIliH2Rt1hVrU3rNKOeUSjshj/view?usp=drive_link;;;SENHOR DO BONFIM;2025-11-01;1172209;Consolidado;N/A
B-1215317;ER-CIND-POV-RIACHAO-RIACHAO;CAMPO FORMOSO;EDVALDO;3;3;Energizada;;ENERG;FALTA TRAFO;;EN 144411 LV 149512;;;3;100%;3;100,0%;;1;PLANO 7;PRIORIDADE PLANO ANEEL;100%;nov./1;R$ 36.113,79;26/11/2025;JOAO;;17/11/2025;22/11/2025;19/11/2025;;;TRUE;;;B258022;-10.4132845, -40.6187214;E903260 – E903262;https://drive.google.com/file/d/10aoCOsfRQzGO1qMCFqblwjlbtWetW3V0/view?usp=drive_link;;;SENHOR DO BONFIM;2025-11-01;1215317;Consolidado;N/A
B-1215447;ER-CIND-POV-CALDEIRAO DO MULATO-RURAL;SENHOR DO BONFIM;REGINALDO;3;3;Energizada;;LV+ENERGIZ;;N1/TRAFO;134644 EN 142589 LV;;;1;33,33333333%;3;100,0%;;1;PLANO 7;PRIORIDADE PLANO ANEEL;100%;nov./1;R$ 29.693,64;21/11/2025;JOAO;;25/11/2025;22/11/2025;18/11/2025;Solicitado;;TRUE;;;D010984;-10.5628392, -40.1396837;E902878 – E902880;https://drive.google.com/file/d/13exg7HzgE1TqzH1_52y3pYmf5OYCmV2I/view?usp=drive_link;;;SENHOR DO BONFIM;2025-11-01;1215447;Consolidado;N/A
B-1166882;ER-CIND POV VEADOS-RURAL;SENHOR DO BONFIM;JEFFERSON;3;2;Energizada;;BT;PENDENTE SAQUE DE MATERIAL;N1;133596 BT / 134303 LV;;;0;0%;1;33,3%;Necessita de KLC;1;PLANO 7;QLP;100%;nov./1;R$ 26.102,45;24/11/2025;JOAO;;07/11/2025;15/11/2025;12/11/2025;Sim;TRUE;TRUE;;;D573931;-10.5097187, -40.0462947;E903376 – E903378;https://drive.google.com/file/d/1qNJ_H279qW2HpePvyXG0GB7m3fcBtAAL/view?usp=drive_link;;;SENHOR DO BONFIM;2025-11-01;1166882;Consolidado;N/A
B-1167424;ER-CIND-PO.PASSAGEM VELHA-RURAL;SENHOR DO BONFIM;REGINALDO;3;1;Energizada;;BT;;;133610 BT;;;0;0%;3;100,0%;;1;PLANO 14;QLP;100%;nov./1;R$ 25.140,82;22/11/2025;JOAO;;05/11/2025;15/11/2025;13/11/2025;Sim;TRUE;TRUE;;;E524674;-10.5129244, -40.1628389;E903324 – E903326;https://drive.google.com/file/d/172gXBr6Ps5ynPHVdErODRkGdxrvn3hJi/view?usp=drive_link;;;SENHOR DO BONFIM;2025-11-01;1167424;Consolidado;N/A
B-1215863;ER-CIND-POV-CAZUMBA-CAZUMBA;SENHOR DO BONFIM;REGINALDO;3;0;Energizada;;BT;;;133647 BT             133652 ENERGZ;;;0;0%;3;100,0%;;1;PLANO 7;PRIORIDADE PLANO ANEEL;100%;nov./1;R$ 16.264,99;14/11/2025;JOAO;;17/11/2025;22/11/2025;18/11/2025;Solicitado;;TRUE;;;D205589;-10.5449612, -40.1607697;E902881 – E902883;https://drive.google.com/file/d/1SjoOzT_CN0LQjisWAV_3ELnQn89u9Gkx/view?usp=drive_link;;;SENHOR DO BONFIM;2025-11-01;1215863;Consolidado;N/A
B-1190461;UB-CIND-RUA-JUAZEIRO-CENTRO;JAGUARARI;ALDAIR;3;0;Energizada;;BT;;;139761 BT;;;3;100%;3;100,0%;;1;PLANO 7;QLP;100%;nov./1;R$ 19.047,89;24/11/2025;JOAO;;24/11/2025;29/11/2025;18/11/2025;Solicitado;;TRUE;;;Q068389;-9,886564, -39,9719119;E903417 - E903419;https://drive.google.com/file/d/1PlZDItsy58a6SwHzI4kQbfX_UJlvn5YN/view?usp=drive_link;;;SENHOR DO BONFIM;2025-11-01;1190461;Consolidado;N/A
B-1210373;ER-CIND-POV-SITIO DO FELIX-RURAL;ITIÚBA;GESONI;3;0;Energizada;;BT;;;138339 BT;;;3;100%;3;100,0%;;1;PLANO 14;PRIORIDADE PLANO ANEEL;100%;nov./1;R$ 16.837,51;15/11/2025;JOAO;;10/11/2025;15/11/2025;10/11/2025;Sim;TRUE;TRUE;;;D054396;-10.7429262, -39.988466;E903312 – E903314;https://drive.google.com/file/d/15ZFBYVtmASbv8403MdPxLnTCySs7ndnw/view?usp=drive_link;;;SENHOR DO BONFIM;2025-11-01;1210373;Consolidado;N/A
B-1216558;ER-CIND-FAZ-ANGICO-BARRINHA;JAGUARARI;ALDAIR;3;0;Energizada;;BT;FALTA CABO;;BT 139379;;;3;100%;3;100,0%;;1;PLANO 7;PRIORIDADE PLANO ANEEL;100%;nov./1;R$ 19.365,36;25/11/2025;JOAO;;17/11/2025;22/11/2025;18/11/2025;Solicitado;;TRUE;;;B720434;-9.9084724, -40.1451071;E903389 - E903391;https://drive.google.com/file/d/19ZKYClGuopxa1kQ_c3jcPclQEBJ4roL5/view?usp=drive_link;;;SENHOR DO BONFIM;2025-11-01;1216558;Consolidado;N/A
B-1209595;ER-CIND-RUA-DO CAMPO-CENTRO;CAMPO FORMOSO;ISRAEL;3;0;Energizada;;BT;;;121346 BT;;;3;100%;3;100,0%;;1;PLANO 14;PRIORIDADE PLANO ANEEL;100%;out./1;R$ 13.794,15;18/11/2025;JOAO;;27/10/2025;15/11/2025;;;TRUE;TRUE;;;R024920;-10,5954581, -40,930199;E875177 – E875179;https://drive.google.com/file/d/1ZK7k_sD48GWLN7LnzOAhgRGZAlHFvzJz/view?usp=drive_link;;;SENHOR DO BONFIM;2025-11-01;1209595;Consolidado;N/A
B-1176297;ER-CIND-POV-JUNCO DO FERRE-RURAL;MONTE SANTO;JOSE;2;0;Energizada;;LV+BT;;2 N1;BT 138151 LV-148527;22/11/2025;143275;3;150%;2;100,0%;;1;PLANO 14;QLP;100%;nov./1;R$ 25.276,75;19/11/2025;GABRIEL;;17/11/2025;22/11/2025;17/11/2025;Solicitado;;TRUE;;;D136574;-10.5597548, -39.5028811;E903348 – E903350;https://drive.google.com/file/d/1INRIj6Vq5M-U7DAiQydyAnseSRpdp_Yk/view?usp=drive_link;;;SENHOR DO BONFIM;2025-11-01;1176297;Consolidado;N/A
B-1194770;ER-CIND-POV-FLORES -FLORES;MONTE SANTO;OSMAR;2;0;Energizada;;LV + BT;;2 N1;BT 123106 LV-148562;22/11/2025;143278;2;100%;;0,0%;;1;PLANO 14;QLP;100%;out./1;R$ 13.435,26;;GABRIEL;;20/10/2025;22/11/2025;;;TRUE;TRUE;;;D107818;-10,150653, -39,5808952;E875248 – E875249;https://drive.google.com/file/d/14_po5iDUOFGdzDZjS1WGCLNsIJayKeN8/view?usp=drive_link;;;SENHOR DO BONFIM;2025-11-01;1194770;Consolidado;N/A
B-1195841;ER-CIND-POV-LAGE 3652-LAGE;MONTE SANTO;OSMAR;2;0;Energizada;;LV + BT;;2 N1;BT 127161 LV-148683;26/11/2025;144181;2;100%;;0,0%;Detonar ou KLC;1;PLANO 14;QLP;100%;out./1;R$ 12.344,10;26/11/2025;GABRIEL;;20/10/2025;22/11/2025;17/11/2025;Solicitado;;TRUE;;;D143859;-10,4605865, -39,2612516;E875150 – E875151;https://drive.google.com/file/d/10hAjidpSjethJXun3uV91gg5_28hEfjx/view?usp=drive_link;;;SENHOR DO BONFIM;2025-11-01;1195841;Consolidado;N/A
B-1193863;ER-CIND-POV-VARZEA SUJA-RURAL;ITIÚBA;GESONI;2;0;Energizada;;LV+BT;;2.N/1;138294 BT 140451 LV;27/11/2025;145698;2;100%;2;100,0%;;1;PLANO 7;PRIORIDADE PLANO ANEEL;100%;nov./1;R$ 11.736,71;;JOAO;;17/11/2025;22/11/2025;14/11/2025;Sim;TRUE;TRUE;;;D157854;-10.821269, -40.00361;E903306 – E903307;https://drive.google.com/file/d/16EEP9ehss3pFHi0Ty-oBRRaVwe9FcyWw/view?usp=drive_link;;;SENHOR DO BONFIM;2025-11-01;1193863;Consolidado;N/A
B-1220742;RC-CIND-PR -ELIAS MARQUES-CENTRO;QUEIMADAS;MARCELO;2;0;Energizada;;DESL + EN;;;152117 EN;28/11/2025;146902;2;100%;;0,0%;Provavelmente precisa de KLC;0;PLANO 8;JUDICIAL;100%;nov./1;R$ 16.435,37;;GABRIEL;;10/11/2025;15/11/2025;10/11/2025;Sim;TRUE;TRUE;;;Q105518;-10.9760463, -39.6284591;E903359 – E903360;https://drive.google.com/file/d/1MmcKrAlDhSRDyMEek1QmoyNSdEvclIpy/view?usp=drive_link;;;SENHOR DO BONFIM;2025-11-01;1220742;Consolidado;N/A
B-1213354;RC-CIND-RUA-BAHIA-NOVO HORIZONTE;SENHOR DO BONFIM;REGINALDO;2;0;Energizada;;DESLIG;;;133637 BT ;27/11/2025;145706 (PEDIR ACORDO);0;0%;;0,0%;;0;PLANO 8;JUDICIAL;100%;nov./1;R$ 16.456,13;;JOAO;;24/11/2025;29/11/2025;18/11/2025;Solicitado;;TRUE;;;Q048921;-10.4512727, -40.1764398;E902872 – E902873;https://drive.google.com/file/d/1tMVGWmOmEoCZcK4jgxgmi4wLAoKVUycf/view?usp=drive_link;;;SENHOR DO BONFIM;2025-11-01;1213354;Consolidado;N/A
B-1216483;ER-CIND-FAZ-PEDRA DO UMBU-CARIACA;SENHOR DO BONFIM;JOILSON;2;0;Energizada;;BT;;;LV 140042     151361 EN;;;0;0%;2;100,0%;;1;PLANO 7;PRIORIDADE PLANO ANEEL;100%;nov./1;R$ 13.296,02;14/11/2025;JOAO;;07/11/2025;15/11/2025;12/11/2025;Sim;TRUE;TRUE;;;E291658;-10.5081567, -40.0958669;E902874 – E902875;https://drive.google.com/file/d/1eyTM-Rku4E-PXaEFyF4HGZhUiTijrAC1/view?usp=drive_link;;;SENHOR DO BONFIM;2025-11-01;1216483;Consolidado;N/A
B-1210455;ER-CIND-FAZ-PILOES-RURAL;CAMPO FORMOSO;EDVALDO;2;2;Energizada;Pendente;LV+BT;Previsão de conclusão 18/11;2/B1;138097 BT 142614 LV;;;2;100%;1;50,0%;FURAR 1;1;PLANO 14;PRIORIDADE PLANO ANEEL;100%;nov./1;R$ 14.489,91;22/11/2025;JOAO;;05/11/2025;15/11/2025;11/11/2025;Sim;TRUE;TRUE;;;E328845;-10.4597444, -40.3676863;E903265 – E903266;https://drive.google.com/file/d/1uye6EnYgFN6hA32dY2LKD2oljbgtLH27/view?usp=drive_link;;;SENHOR DO BONFIM;2025-11-01;1210455;Consolidado;N/A
B-1214292;ER-CIND-POV-LAGOA DO TANQUE-LAGOA DO TAN;ITIÚBA;JEFFERSON;2;0;Energizada;;LV+BT;;N1/1;139261 BT 140523 LV;;;4;200%;;0,0%;precisa da KLC;1;PLANO 14;PRIORIDADE PLANO ANEEL;100%;nov./1;R$ 17.520,56;26/11/2025;GABRIEL;;17/11/2025;22/11/2025;08/11/2025;Sim;TRUE;TRUE;;;D143324;-10.46616, -39.7971761;E903308 – E903309;https://drive.google.com/file/d/1DDntLplEKQl63zaykwEm-GvLAxsXBAeB/view?usp=drive_link;;;SENHOR DO BONFIM;2025-11-01;1214292;Consolidado;N/A
B-1170955;ER-CIND-FAZ-CAJAZEIRA 922-RURAL-QUICE;SENHOR DO BONFIM;JOILSON;2;0;Energizada;;BT;PENDENTE SACAR MATERIAL;;133617 BT;;;0;0%;;0,0%;;1;PLANO 14;PRIORIDADE PLANO ANEEL;100%;nov./1;R$ 15.318,47;;JOAO;;07/11/2025;15/11/2025;12/11/2025;Sim;TRUE;TRUE;;;D135547;-10.5356738, -40.0470073;E875684 – E902867;https://drive.google.com/file/d/1gbhPsOC7m1R9h1_AfByeoxMr8-lDqcXi/view?usp=drive_link;;;SENHOR DO BONFIM;2025-11-01;1170955;Consolidado;N/A
B-1210364;ER-CIND-RUA-V SIMOES-PASSAGEM VELHA;SENHOR DO BONFIM;REGINALDO;2;0;Energizada;;BT;;;133624 BT;;;0;0%;;0,0%;;1;PLANO 14;PRIORIDADE PLANO ANEEL;100%;nov./1;R$ 13.619,09;13/11/2025;JOAO;;;;13/11/2025;Sim;TRUE;TRUE;;;P748244;-10.496017, -40.163902;E902868 – E902869;https://drive.google.com/file/d/1F6u0yYjrsoggA9VXYUSwmNlSC_vu9xui/view?usp=drive_link;;;SENHOR DO BONFIM;2025-11-01;1210364;Consolidado;N/A
B-1211047;ER-CIND-LOT PANOTAMA 19-RURAL-BARAUNA;SENHOR DO BONFIM;WAGNER;2;2;Energizada;;LV+BT;;N1;148875 BT LV 142524;;;2;100%;1;50,0%;;1;PLANO 14;PRIORIDADE PLANO ANEEL;100%;nov./1;R$ 9.787,05;19/11/2025;JOAO;;05/11/2025;15/11/2025;11/11/2025;Sim;TRUE;TRUE;;;B765644;-10.430555, -40.137597;E902870 – E902871;https://drive.google.com/file/d/14NNEWjffAxTxpotfA0bjaTPUwKJVjdMl/view?usp=drive_link;;;SENHOR DO BONFIM;2025-11-01;1211047;Consolidado;N/A
B-1210625;ER-CIND-POV-LAGEDO RASO-TIQUARA;CAMPO FORMOSO;EDVALDO;2;0;Energizada;;LV+BT;;2/N1;137279 BT 142691 LV;;;2;100%;2;100,0%;;1;PLANO 14;PRIORIDADE PLANO ANEEL;100%;nov./1;R$ 15.591,94;24/11/2025;JOAO;;17/11/2025;22/11/2025;19/11/2025;;;TRUE;;;D023899;-10.4504431, -40.5481115;E903395 - E903396;https://drive.google.com/file/d/1a7Bc8KitHh_nD1yhyuJ-EeI7ycLTanLO/view?usp=drive_link;;;SENHOR DO BONFIM;2025-11-01;1210625;Consolidado;N/A
B-1216188;ER-CIND-POV-CURRAL DA PONTE-RURAL;CAMPO FORMOSO;EDVALDO;2;0;Energizada;Pendente;LV;;N1;138016 BT 142626 LV;;;3;150%;2;100,0%;;3;PLANO 7;QLP;100%;nov./1;R$ 14.734,75;;JOAO;;05/11/2025;15/11/2025;11/11/2025;Sim;TRUE;TRUE;;;B425255;-10.4532885, -40.3156405;E903267 – E903268;https://drive.google.com/file/d/1LSvtgReDBsUwQ8BIU3ojvlpv0HN8XRLy/view?usp=drive_link;;;SENHOR DO BONFIM;2025-11-01;1216188;Consolidado;N/A
B-1221730;RR-EMBA-RUA-DA LARANJEIRA-CENTRO;JAGUARARI;REGINALDO;2;0;Energizada;Pendente;LV;;;141553(LV);;;2;100%;2;100,0%;;;PLANO 7;PRIORIDADE PLANO ANEEL;100%;out./1;R$ 436.108,77;10/11/2025;JOAO;;07/10/2025;15/11/2025;06/11/2025;Sim;TRUE;TRUE;FALSE;FALSE;Q044255;-10,3661371, -40,1690107;E903332 – E903333;https://drive.google.com/file/d/1eSP8ezsTJAbYkxkjeG4knccannEvM_Ng/view?usp=drive_link;;;SENHOR DO BONFIM;2025-11-01;1221730;Consolidado;N/A
B-1177738;ER-CIND-FAZ-CARPINTARIA-RURAL;JAGUARARI;WAGNER;2;0;Energizada;;LV + BT;;N1/N1;139468 BT;;;2;100%;2;100,0%;;2;PLANO 7;QLP;100%;nov./1;R$ 18.229,86;;JOAO;;17/11/2025;22/11/2025;11/11/2025;Sim;TRUE;TRUE;;;D544114;-9.9000362, -39.9709761;E903330 – E903331;https://drive.google.com/file/d/1927pOH6Q0EFnWAZ14KlYZ6db2TIaGjnS/view?usp=drive_link;;;SENHOR DO BONFIM;2025-11-01;1177738;Consolidado;N/A
B-1170529;ER-CIND-FAZ-PILOES-RURAL;CAMPO FORMOSO;EDVALDO;2;0;Energizada;;LV+BT;;N1;BT 137151 LV-148014 ;;;2;100%;2;100,0%;;1;PLANO 14;QLP;100%;nov./1;R$ 17.766,30;19/11/2025;JOAO;;;;;;;TRUE;;;D520532;-10.4812951, -40.3647843;E903263 – E903264;https://drive.google.com/file/d/140yB0gdID-5z9ikRTD7U_MJxEinIatQP/view?usp=drive_link;;;SENHOR DO BONFIM;2025-11-01;1170529;Consolidado;N/A
B-1216105;ER-CIND-POV-LAGOA GRANDE-RURAL;MONTE SANTO;OSMAR;2;0;Energizada;;LV+BT;;2 N1/TRAFO;BT 138185 LV-148672;;;2;100%;;0,0%;Precisa da KLC;3;PLANO 7;QLP;100%;nov./1;R$ 29.365,84;27/11/2025;GABRIEL;;17/11/2025;22/11/2025;17/11/2025;Solicitado;;TRUE;;;P118752;-10.250051, -39.5126099;E903353 – E903354;https://drive.google.com/file/d/1W1i1gKhjFv0cgMuyp0T6jYzsmq43QXPD/view?usp=drive_link;;;SENHOR DO BONFIM;2025-11-01;1216105;Consolidado;N/A
B-1186497;ER-CIND-POV-LAGOA DO PORCO-RURAL;CAMPO FORMOSO;ISRAEL;2;0;Energizada;;BT;;;137084 BT;;;2;100%;2;100,0%;;1;PLANO 7;QLP;100%;nov./1;R$ 11.282,59;20/11/2025;JOAO;;17/11/2025;22/11/2025;19/11/2025;;;TRUE;;;D137045;-10.3350236, -40.6213253;E903336 – E903337;https://drive.google.com/file/d/119T0p4sfIOatpa7hGyDary_Cpk_o5s7h/view?usp=drive_link;;;SENHOR DO BONFIM;2025-11-01;1186497;Consolidado;N/A
B-1199167;ER-CIND-FAZ-CANAVIEIRAS 2-RURAL;CAMPO FORMOSO;ISRAEL;2;0;Energizada;;BT;;;137135 BT;;;2;100%;2;100,0%;PODA;1;PLANO 7;PRIORIDADE PLANO ANEEL;100%;nov./1;R$ 11.280,94;;JOAO;;05/11/2025;15/11/2025;11/11/2025;Sim;TRUE;TRUE;;;Q060232;-10.4728827, -40.2769164;E903342 – E903343;https://drive.google.com/file/d/1R-EKIzkeaJoQGUrUOXOglNlH6m_dQ55s/view?usp=drive_link;;;SENHOR DO BONFIM;2025-11-01;1199167;Consolidado;N/A
B-1050851;ER-CIND-POV-GAMELEIRA 182-RURAL;JAGUARARI;WAGNER;2;0;Energizada;;BT;;;139576 BT;;;2;100%;;0,0%;;3;PLANO 14;PRIORIDADE PLANO ANEEL;100%;nov./1;R$ 4.793,81;;JOAO;;17/11/2025;22/11/2025;11/11/2025;Sim;TRUE;TRUE;;;B658316;-10.2120357, -40.1143323;E903408 - E903409;https://drive.google.com/file/d/1li_jowAelqEDpYOfMQLxFPDL1iNpuw-j/view?usp=drive_link;;;SENHOR DO BONFIM;2025-11-01;1050851;Consolidado;N/A
B-1192185;ER-CIND-RUA-BELA VISTA-RURAL;CAMPO FORMOSO;ISRAEL;2;0;Energizada;;BT;;;137236 BT;;;2;100%;2;100,0%;;1;PLANO 14;REPUTACIONAL;100%;nov./1;R$ 10.438,48;12/11/2025;JOAO;;17/11/2025;22/11/2025;12/11/2025;Sim;TRUE;TRUE;;;B339226;-10.5033005, -40.3975959;E903397 - E903398;https://drive.google.com/file/d/1FstJbyOByRQmt6g6eAB9Pl33fN8isEmA/view?usp=drive_link;;;SENHOR DO BONFIM;2025-11-01;1192185;Consolidado;N/A
B-1211890;ER-CIND-POV-LAGOA DA PEDRA-RURAL;CAMPO FORMOSO;ISRAEL;2;0;Energizada;;BT;;;145558 BT;;;2;100%;2;100,0%;;1;PLANO 7;PRIORIDADE PLANO ANEEL;100%;nov./1;R$ 11.681,17;;JOAO;;17/11/2025;22/11/2025;12/11/2025;Sim;TRUE;TRUE;;;D065096;-10.5045089, -40.4218939;E903399 - E903400;https://drive.google.com/file/d/1r6KwI9zhbgesoNSrYOCELjrUYLZqIOn7/view?usp=drive_link;;;SENHOR DO BONFIM;2025-11-01;1211890;Consolidado;N/A
B-1214847;UB-CIND-CJN-VI JOEL 130-CENTRO;CAMPO FORMOSO;ISRAEL;2;0;Energizada;;BT;;;137297 BT;;;4;200%;2;100,0%;;1;PLANO 7;PRIORIDADE PLANO ANEEL;100%;nov./1;R$ 12.965,31;20/11/2025;JOAO;;17/11/2025;22/11/2025;12/11/2025;Sim;TRUE;TRUE;;;Q062125;-10.4688438, -40.4377683;E903401 - E903402;https://drive.google.com/file/d/138Okir1ABDwe_8CRCnwZf9QrcVVWg_Oa/view?usp=drive_link;;;SENHOR DO BONFIM;2025-11-01;1214847;Consolidado;N/A
B-1216176;UB-CIND-RUA-ALTO DO CAMPO-RURAL;ITIÚBA;JEFFERSON;2;2;Energizada;;BT;Depende do cabo 3x35;;139277 BT;;;0;0%;2;100,0%;;1;PLANO 14;PRIORIDADE PLANO ANEEL;100%;nov./1;R$ 6.908,51;18/11/2025;GABRIEL;;24/11/2025;29/11/2025;12/11/2025;Sim;TRUE;TRUE;;;Q066944;-10.6899575, -39.859984;E903355 – E903356;https://drive.google.com/file/d/1_VNa00o6E-cEuEdjun_Q2zJaKPASP8GX/view?usp=drive_link;;;SENHOR DO BONFIM;2025-11-01;1216176;Consolidado;N/A
B-1205388;ER-CIND-POV-CACO DE TELHA 78-RURAL;SENHOR DO BONFIM;REGINALDO;4;0;Paralisada;;DESL + LV;;2 N3-3;134636 EN 142573 LV;28/11/2025;146253 ANEXA PEX;0;0%;;0,0%;;1;PLANO 7;PRIORIDADE PLANO ANEEL;100%;nov./1;R$ 70.752,48;;;;24/11/2025;29/11/2025;18/11/2025;Solicitado;;TRUE;;;Q043744;-10,3918417, -40,1592126;E902884 – E902887;https://drive.google.com/file/d/194hw5DEM44jD5q57OkXkTNNPBH6NcMjW/view?usp=drive_link;;;SENHOR DO BONFIM;2025-11-01;1205388;Consolidado;N/A
B-1190860;ER-CIND-FAZ-BARRA-CACIMBAS;ITIÚBA;JEFFERSON;2;2;Energizada;;BT;Previsão de conclusão 18/11;;BT 138261  ;;;2;100%;2;100,0%;precisa da KLC;1;PLANO 7;QLP;100%;nov./1;R$ 14.147,55;18/11/2025;GABRIEL;;24/11/2025;29/11/2025;17/11/2025;Solicitado;;TRUE;;;D395165;-10.7410177, -39.7087084;E903351 – E903352;https://drive.google.com/file/d/1FqvcbOI43a7H2dVnKn3Qc9gT1TGB3hJF/view?usp=drive_link;;;SENHOR DO BONFIM;2025-11-01;1190860;Consolidado;N/A
B-1210106;ER-CIND-POV-CAMPO ALEGRE-CAMPO ALEGRE;CAMPO FORMOSO;EDVALDO;2;0;Energizada;;BT;;;137251 BT;;;2;100%;;0,0%;;1;PLANO 14;PRIORIDADE PLANO ANEEL;100%;nov./1;R$ 11.399,83;20/11/2025;JOAO;;17/11/2025;22/11/2025;19/11/2025;;;TRUE;;;E141329;-10.389477, -40.41142;E903338 – E903339;https://drive.google.com/file/d/1iqUQJ6ZRaj5x7y8Orc81Frcfp1F3xWez/view?usp=drive_link;;;SENHOR DO BONFIM;2025-11-01;1210106;Consolidado;N/A
B-1190192;ER-CIND-RUA-APOLONIO-CJATOBA;PINDOBAÇU;JOILSON;2;0;Energizada;;BT;;;135326 BT;;;2;100%;2;100,0%;;2;PLANO 7;QLP;100%;nov./1;R$ 9.324,71;05/11/2025;JOAO;;;;;;TRUE;TRUE;TRUE;;;;E903363 – E903364;https://drive.google.com/file/d/1fGGp9MUbj_lrxybf54aXyDJhajQo6-G9/view?usp=drive_link;;;SENHOR DO BONFIM;2025-11-01;1190192;Consolidado;N/A
B-1209962;ER-CIND-RUA-ANTONIO JOSE FERNANDES-CENTR;CANSANÇÃO;ANAILTON;2;0;Energizada;Realizado;BT;;;135195 BT;;;4;200%;2;100,0%;;1;PLANO 14;QLP;100%;nov./1;R$ 39.039,00;11/11/2025;GABRIEL;;17/11/2025;22/11/2025;10/11/2025;Sim;TRUE;TRUE;;;Q098328;-10,6736886, -39,4991437;E903287 – E903290;https://drive.google.com/file/d/1QneDf6FexXq8VWBZ-fYTUNZcGm2r_7WL/view?usp=drive_link;;;SENHOR DO BONFIM;2025-11-01;1209962;Consolidado;N/A
B-1228308;ER-CERB-FAZ-NOVA-RURAL;ITIÚBA;MARCELO;1;0;Energizada;;DESL;Saque de material dia 18/11;;;19/11/2025;146092 (VIP);2;200%;1;100,0%;;1;PLANO 7;GOVERNO;100%;nov./1;R$ 29.161,67;19/11/2025;GABRIEL;;24/11/2025;29/11/2025;17/11/2025;Solicitado;;TRUE;FALSE;FALSE;D293170;-10,9339093, -39,7997546;E903372 – E903372;https://drive.google.com/file/d/1lVLzKnBjAETsJBNOkmEnzMPk1O96-NN0/view?usp=drive_link;;;SENHOR DO BONFIM;2025-11-01;1228308;Consolidado;N/A
B-1169767;AC-CIND-POV-PICOS-RURAL;ITIÚBA;JEFFERSON;1;0;Energizada;;DESL + LV;Saque de material dia 19/11;;LV 140092;20/11/2025;142297;2;200%;1;100,0%;precisa da KLC;0;PLANO 7;QLP;100%;nov./1;R$ 42.270,11;20/11/2025;GABRIEL;;24/11/2025;29/11/2025;17/11/2025;Solicitado;;TRUE;;;Q068227;-10.6676535, -39.8742346;E903311 – E903311;https://drive.google.com/file/d/1s6Y_NG2c1ZskXRziY0mgC8_d0ZGxAqGv/view?usp=drive_link;;;SENHOR DO BONFIM;2025-11-01;1169767;Consolidado;N/A
B-1180143;ER-CIND-POV-ANTAS I-RURAL;JAGUARARI;WAGNER;1;1;Energizada;;LV+BT;;N1; BT 139665 LV 145196 ;;143324;1;100%;;0,0%;;1;PLANO 7;QLP;100%;nov./1;R$ 6.538,80;24/11/2025;JOAO;;17/11/2025;22/11/2025;11/11/2025;Sim;TRUE;TRUE;;;D408442;-10.3027111, -40.1076727;E903315 – E903320;https://drive.google.com/file/d/1nqv6xxpqNtcZa38Vfug2LPqRfEo9SjEx/view?usp=drive_link;;;SENHOR DO BONFIM;2025-11-01;1180143;Consolidado;N/A
B-1060677;ER-CIND-POV-CACHOEIRA-ANDORINHA;ANDORINHAS;;1;0;Paralisada;;BT;;;135147 BT;;;1;100%;;0,0%;;1;PLANO 14;PRIORIDADE PLANO ANEEL;100%;nov./1;R$ 2.393,07;;;;;;;;;;;;B015669;-10.357579, -39.810062;E903440;https://drive.google.com/file/d/14K_CsaAf8cIUPhvhZXSIKHk-kAftU7ky/view?usp=drive_link;;;SENHOR DO BONFIM;2025-11-01;1060677;Consolidado;N/A
B-1169729;ER-CIND-FAZ-S O GONCALO-RURAL;ANDORINHAS;;2;0;Paralisada;;LV+BT;;N1;BT 135168 LV-149168;;;2;100%;;0,0%;;1;PLANO 7;QLP;100%;nov./1;R$ 18.492,73;;;;;;;;;;;;D388057;-10.2704878, -39.9203461;E903436 - E903437;https://drive.google.com/file/d/1oIgx3k1Wtpgz0d2G1-w8L-bdnb_Zs5wh/view?usp=drive_link;;;SENHOR DO BONFIM;2025-11-01;1169729;Consolidado;N/A
B-1190993;ER-CIND-POV-LAGEDOS-RURAL;ANDORINHAS;;2;0;Paralisada;;BT;;;135152 BT;;;2;100%;;0,0%;;1;PLANO 7;RECLAMAÇÃO;100%;nov./1;R$ 9.333,97;;;;;;;;;;;;D014317;-10.169574, -39.912487;E903438 - E903439;https://drive.google.com/file/d/1hlnMcIHlErXyM-Krn5a6I8wMRGM4tV3s/view?usp=drive_link;;;SENHOR DO BONFIM;2025-11-01;1190993;Consolidado;N/A
B-1067126;IS-COEL-PR -COMERCIO-ANDORINHA;ANDORINHAS;;27;0;Paralisada;;DESL;;;;;;18;66,66666667%;;0,0%;;1;PLANO 8;JUDICIAL;50%;nov./1;R$ 335.050,76;;;;;;;;;;;;Q099019;-10.3445425, -39.8323744;E903081 – E903107;;;;SENHOR DO BONFIM;2025-11-01;1067126;Consolidado;N/A
B-1156651;ER-CIND-POV-BREJO CAATINGA-RURAL;CAMPO FORMOSO;ISRAEL;1;0;Energizada;Pendente;DESLIG;"MATERIAL PENDENTE 
TRAFO E CABO POTE";N1 C/ TRF;124773 (LV) 124652 (EN);27/11/2025;145700;1;100%;1;100,0%;;0;PLANO 7;;100%;out./1;R$ 27.197,79;27/11/2025;JOAO;;27/10/2025;15/11/2025;;;TRUE;TRUE;;;D931025;-10,4265503, -40,8651062;E875185 – E875185;https://drive.google.com/file/d/1MGM9EwydAcMCbDyjyaG2pf9mkqQncAn8/view?usp=drive_link;;;SENHOR DO BONFIM;2025-11-01;1156651;Consolidado;N/A
B-1199686;ER-CIND-FAZ-UMBURANA-RURAL;QUEIMADAS;MARCELO;1;0;Energizada;Pendente;LV+BT;Programar LV;N1;134669 BT / 134670 LV 148784 LV;;;1;100%;1;100,0%;;1;PLANO 7;PRIORIDADE PLANO ANEEL;100%;nov./1;R$ 6.848,69;21/11/2025;GABRIEL;;10/11/2025;15/11/2025;10/11/2025;Sim;TRUE;TRUE;;;D030008;-10.838989, -39.6406917;E903366 – E903366;https://drive.google.com/file/d/1iaxNatJpHria08Y7-M5MHfep47iukdT2/view?usp=drive_link;;;SENHOR DO BONFIM;2025-11-01;1199686;Consolidado;N/A
B-1155593;ER-CIND-FAZ-JUAZEIRINHO-RURAL;CANSANÇÃO;JEFFERSON;1;0;Energizada;Realizado;LV + ENERGZ;;N1 C/ TRF;125048 (LV)   125848 (EN);;;1;100%;1;100,0%;;1;PLANO 7;PRIORIDADE PLANO ANEEL;100%;out./1;R$ 20.229,80;15/11/2025;GABRIEL;;03/10/2025;15/11/2025;;;TRUE;TRUE;;;D265962;-10,6850113, -39,5549432;E875202 – E875202;https://drive.google.com/file/d/1-m2QkNBzfsq5ArEr7_pW5dDvuxxmXmMd/view?usp=drive_link;;;SENHOR DO BONFIM;2025-11-01;1155593;Consolidado;N/A
B-1180616;ER-CIND-FAZ- PILOES-RURAL;CAMPO FORMOSO;EDVALDO;1;0;Energizada;Pendente;LV+BT;;N1;137208 BT 140987 LV;;;1;100%;1;100,0%;;0;PLANO 7;QLP;100%;nov./1;R$ 4.772,12;;JOAO;;05/11/2025;15/11/2025;11/11/2025;Sim;TRUE;TRUE;;;B929837;-10.4535513, -40.3308433;E903369 – E903369;https://drive.google.com/file/d/1jyEKZgJ4-ooj7Rmhcnzz4arxPdaS9oD2/view?usp=drive_link;;;SENHOR DO BONFIM;2025-11-01;1180616;Consolidado;N/A
B-1158161;ER-CIND-POV-LAGOA DOS ALTOS-LAGOA DOS AL;CANSANÇÃO;ANAILTON;1;0;Energizada;Realizado;LV + ENERGZ;;N1 C/ TRF;125011 (LV) 145474 (EN);;;1;100%;1;100,0%;;1;PLANO 7;PRIORIDADE PLANO ANEEL;100%;out./1;R$ 15.000,26;13/11/2025;GABRIEL;;27/10/2025;15/11/2025;;;TRUE;TRUE;;;D158998;-10,6306033, -39,457738;E875201 – E875201;https://drive.google.com/file/d/1nBqmO9QjEOqxkoPP2WFLlIv3r67uImZP/view?usp=drive_link;;;SENHOR DO BONFIM;2025-11-01;1158161;Consolidado;N/A
B-1171389;ER-CIND-FAZ-SANTA MARIA 2-RURAL;QUEIMADAS;MARCELO;1;0;Energizada;Pendente;LV + ENERGZ;;N1;LV 134716                 146639 EN;;;1;100%;1;100,0%;;2;PLANO 14;QLP;100%;nov./1;R$ 21.151,54;14/11/2025;GABRIEL;;10/11/2025;15/11/2025;10/11/2025;Sim;TRUE;TRUE;;;E088017;-10.972847, -39.6469582;E903367 – E903367;https://drive.google.com/file/d/1pOnvJrLKS_RAtkUhAbLzq0UKjn612N0c/view?usp=drive_link;;;SENHOR DO BONFIM;2025-11-01;1171389;Consolidado;N/A
B-1168806;ER-CIND-POV-PATOS 3-URBANO;CAMPO FORMOSO;ISRAEL;1;0;Energizada;Pendente;LV + ENERGZ;;N1 C/ TRF;124783 (LV) 145861 (EN);;;1;100%;1;100,0%;;1;PLANO 7;PRIORIDADE PLANO ANEEL;100%;out./1;R$ 24.982,67;14/11/2025;JOAO;;27/10/2025;15/11/2025;;;TRUE;TRUE;;;Q024911;-10,1845895, -40,8966678;E875184 – E875184;https://drive.google.com/file/d/1FUMDq-bUdK8-BLdnwQeSZEVh0g0Cgm-w/view?usp=drive_link;;;SENHOR DO BONFIM;2025-11-01;1168806;Consolidado;N/A
B-1149566;ER-CIND-POV-LAGE-RURAL;MONTE SANTO;OSMAR;1;0;Energizada;;LV + ENERGZ;;N1 C/ TRF;(EN) 127208 LV- 148290;;;1;100%;1;100,0%;;1;PLANO 7;PRIORIDADE PLANO ANEEL;100%;out./1;R$ 21.269,92;19/11/2025;GABRIEL;;20/10/2025;22/11/2025;;;TRUE;TRUE;;;A249948;-10,4666449, -39,2706592;E875152 – E875153;https://drive.google.com/file/d/16vhzvlqzctwCDMbRAV9FK_aQisV0zVJb/view?usp=drive_link;;;SENHOR DO BONFIM;2025-11-01;1149566;Consolidado;N/A
B-1148616;ER-CIND-FAZ-PEDRA-RURAL;MONTE SANTO;OSMAR;1;0;Energizada;;LV + ENERGZ;;N1 C/ TRF;(EN) 127095 LV- 148436;;;1;100%;;0,0%;Detonar ou KLC;1;PLANO 7;PRIORIDADE PLANO ANEEL;100%;out./1;R$ 21.323,67;20/11/2025;GABRIEL;;27/10/2025;22/11/2025;;;TRUE;TRUE;;;D394972;-10,4752186, -39,3080912;E875154 – E875154;https://drive.google.com/file/d/1TqaAjnC2mF93Ls2xR-UZjEIBVRJEP98O/view?usp=drive_link;;;SENHOR DO BONFIM;2025-11-01;1148616;Consolidado;N/A
B-1195746;ER-CCOL-POV-PONTA BAIXA 1228-A-RURAL;ITIÚBA;JEFFERSON;1;0;Energizada;;LV + ENERGZ;;TRAFO;139340 EN 140637 LV;;;6;600%;0;0,0%;JA LOCADO KLC;0;PLANO 7;PRIORIDADE PLANO ANEEL;100%;nov./1;R$ 23.110,29;;GABRIEL;;17/11/2025;22/11/2025;08/11/2025;Sim;TRUE;TRUE;;;Q069803;-10.5225184, -39.8935192;E903310 – E903310;https://drive.google.com/file/d/1golgVNuVF1bgKr1Fhr5Lg4dkgWOaFZfH/view?usp=drive_link;;;SENHOR DO BONFIM;2025-11-01;1195746;Consolidado;N/A
B- 1210023;ER-CIND-FAZ- POCO DANTAS 856-PEDRA VERME;MONTE SANTO;JOSE;1;0;Energizada;;LV+ENERGZ;;N1/TRAFO;LV 140042     144134 EN;;;0;0%;;0,0%;KLC ou detonação;0;PLANO 7;PRIORIDADE PLANO ANEEL;100%;nov./1;R$ 14.287,18;;GABRIEL;;17/11/2025;22/11/2025;17/11/2025;Solicitado;;TRUE;;;D239683;-10.408354, -39.310426;E903361 – E903362;https://drive.google.com/file/d/1BnDs2D5aOmlbplWfox5ZEnzS3bIKwHj4/view?usp=drive_link;;;SENHOR DO BONFIM;2025-11-01;1210023;Consolidado;N/A
B-1198090;ER-CIND-FAZ-ROCHA-RURAL;CANSANÇÃO;JEFFERSON;1;0;Energizada;Realizado;BT;;;143805 BT;;;0;0%;1;100,0%;;1;PLANO 14;PRIORIDADE PLANO ANEEL;100%;nov./1;R$ 4.904,50;10/11/2025;GABRIEL;;03/11/2025;15/11/2025;08/11/2025;Sim;TRUE;TRUE;;;B087388;-10.6520489, -39.7119756;0;https://drive.google.com/file/d/1lm4Or16slzL-KVk6huWTAwsxxLHwuSYJ/view?usp=drive_link;;;SENHOR DO BONFIM;2025-11-01;1198090;Consolidado;N/A
B-1215542;ER-CIND-POV-CERCADINHO-RURAL;ITIÚBA;GESONI;1;0;Energizada;;BT;;;139257 BT;;;0;0%;1;100,0%;;1;PLANO 7;PRIORIDADE PLANO ANEEL;100%;nov./1;R$ 2.071,52;10/11/2025;JOAO;;10/11/2025;15/11/2025;10/11/2025;Sim;TRUE;TRUE;;;D069799;-10.7545483, -39.8827815;E903370 – E903370;https://drive.google.com/file/d/1KrrTsGQGiSKJ1HsCMeIF_IKqnwXFg_Ov/view?usp=drive_link;;;SENHOR DO BONFIM;2025-11-01;1215542;Consolidado;N/A
B-1179876;UB-CIND-RUA-NICANOR AMABAHY-CENTRO;NORDESTINA;MARCELO;1;0;Energizada;;BT;Pendente cabo 3x35;;135355 BT;;;1;100%;1;100,0%;;2;PLANO 7;QLP;100%;nov./1;R$ 7.858,69;21/11/2025;GABRIEL;;17/11/2025;22/11/2025;12/11/2025;Sim;TRUE;TRUE;;;D920911;-10.8250099, -39.4247838;E903373 – E903373;https://drive.google.com/file/d/15f5sQa4njChDcBmYL4H6Ssl0gZzG5Rbz/view?usp=drive_link;;;SENHOR DO BONFIM;2025-11-01;1179876;Consolidado;N/A
B-1198739;UB-CIND-RUA-DEMOSTENES BARRETO-CENTRO;MONTE SANTO;JOSE;1;0;Energizada;;BT;Pendente cabo 3x35;;135527 BT;;;1;100%;1;100,0%;;1;PLANO 7;PRIORIDADE PLANO ANEEL;100%;nov./1;R$ 6.302,10;18/11/2025;GABRIEL;;17/11/2025;22/11/2025;17/11/2025;Solicitado;;TRUE;;;D660005;-10.4330598, -39.325867;E903374 – E903374;https://drive.google.com/file/d/18o9rTBHvAZom8DsetWZdEIE9sazpR8KU/view?usp=drive_link;;;SENHOR DO BONFIM;2025-11-01;1198739;Consolidado;N/A
B-1199287;ER-CIND-POV-CURRAL VELHO-RUR-MONTE SANTO;MONTE SANTO;JOSE;1;0;Energizada;;BT;Previsão de conclusão para 18/11;;135528 BT;;;1;100%;1;100,0%;;1;PLANO 14;PRIORIDADE PLANO ANEEL;100%;nov./1;R$ 5.681,17;18/11/2025;GABRIEL;;17/11/2025;22/11/2025;17/11/2025;Solicitado;;TRUE;;;D685810;-10.4728459, -39.395173;E903375 – E903375;https://drive.google.com/file/d/1avv9wHkzzo7iGL2q1XA8BFv3Vj8jZ3mT/view?usp=drive_link;;;SENHOR DO BONFIM;2025-11-01;1199287;Consolidado;N/A
B-1198444;ER-CIND-POV-LAGOA DO PORCO-RURAL;CAMPO FORMOSO;ISRAEL;1;0;Energizada;;BT;;;137117 BT;;;1;100%;1;100,0%;;1;PLANO 7;PRIORIDADE PLANO ANEEL;100%;nov./1;R$ 5.489,19;21/11/2025;JOAO;;17/11/2025;22/11/2025;19/11/2025;;FALSE;TRUE;;;Q063930;-10.3339535, -40.6177873;E903368 – E903368;https://drive.google.com/file/d/1EBngDEluOD-6drViWeqyPV8ouPHG8G3u/view?usp=drive_link;;;SENHOR DO BONFIM;2025-11-01;1198444;Consolidado;N/A
B-1163666;ER-CIND-RUA-BELA VISTA-POCOS;CAMPO FORMOSO;ISRAEL;1;0;Energizada;;BT;;;137054 BT;;;1;100%;1;100,0%;;1;PLANO 7;AIC AUDITORIA;100%;nov./1;R$ 6.785,27;;JOAO;;17/11/2025;22/11/2025;12/11/2025;Sim;TRUE;TRUE;;;Q061925;-10.5016733, -40.402421;E903403;https://drive.google.com/file/d/1BY58kxqjeoAeWWzyDVEOxdTMPwljHnvj/view?usp=drive_link;;;SENHOR DO BONFIM;2025-11-01;1163666;Consolidado;N/A
B-1195701;ER-CIND-RUA-PONTILHAO-CENTRO - PICOS;ITIÚBA;JEFFERSON;1;0;Energizada;;BT;;;138299 BT;;;2;200%;;0,0%;precisa da KLC;1;PLANO 14;PRIORIDADE PLANO ANEEL;100%;nov./1;R$ 8.387,51;27/11/2025;GABRIEL;;24/11/2025;29/11/2025;17/11/2025;Solicitado;;TRUE;;;Q069888;-10.6279916, -39.908117;E903371 – E903371;https://drive.google.com/file/d/12_rcIvHiuoSRinSamTc5hTKwKKdJya84/view?usp=drive_link;;;SENHOR DO BONFIM;2025-11-01;1195701;Consolidado;N/A
B-1148717;ER-CIND-POV-LAGINHA-RURAL;QUEIMADAS;MARCELO;1;0;Energizada;Pendente;LV + ENERGZ;Programar LV;N1 C/ TRF;124420 (EN) LV- 148948;;123296;1;100%;1;100,0%;;1;PLANO 7;PRIORIDADE PLANO ANEEL;100%;out./1;R$ 18.416,88;21/11/2025;GABRIEL;;20/10/2025;15/11/2025;;;TRUE;TRUE;;;D565953;-11,0102411, -39,673026;E875241 – E875241;https://drive.google.com/file/d/1cYkIJgaRRFhfKUBTqgH_ueFQWVUTJ6la/view?usp=drive_link;;;SENHOR DO BONFIM;2025-11-01;1148717;Consolidado;N/A
B-1198495;ER-CIND-POV-CAPOEIRA-RURAL;CANSANÇÃO;ANAILTON;1;0;Energizada;Realizado;BT;;;135180 BT;;;2;200%;1;100,0%;;0;PLANO 7;PRIORIDADE PLANO ANEEL;100%;nov./1;R$ 9.198,18;11/11/2025;GABRIEL;;17/11/2025;22/11/2025;10/11/2025;Sim;TRUE;TRUE;;;Q099631;-10.674412, -39.460124;E903334 – E903335;https://drive.google.com/file/d/1B4s0IgIhKuwh5Mn2y209ESSlswTRtHiH/view?usp=drive_link;;;SENHOR DO BONFIM;2025-11-01;1198495;Consolidado;N/A
B-1217384;ER-CIND-FAZ-ANJO-RURAL;SENHOR DO BONFIM;REGINALDO;0;0;Energizada;;LV;;N1/TRAFO;LV 142555;;;0;100%;;100,0%;;1;PLANO 7;PRIORIDADE PLANO ANEEL;100%;nov./1;R$ 22.518,58;22/11/2025;JOAO;;24/11/2025;29/11/2025;18/11/2025;Solicitado;;TRUE;;;Q043850;-10.3773752, -40.1006744;E875681 – E875681;https://drive.google.com/file/d/11jkdVOTBvtIuu3yR3PmY3yqlnV75rmM-/view?usp=drive_link;;;SENHOR DO BONFIM;2025-11-01;1217384;Consolidado;N/A
B-1217245;ER-CIND-POV-S O MIGUEL-RURAL;JAGUARARI;ALDAIR;0;0;Energizada;;LV;FALTA TRAFO;;LV 145281;27/11/2025;145071;0;100%;;100,0%;;1;PLANO 7;PRIORIDADE PLANO ANEEL;100%;nov./1;R$ 12.944,06;;JOAO;;24/11/2025;29/11/2025;18/11/2025;Solicitado;;TRUE;;;B494623;-9.9784184, -40.1474094;0;https://drive.google.com/file/d/1h4-vyBO3IbiM3JMBRWiWuOcsk5EAhm1S/view?usp=drive_link;;;SENHOR DO BONFIM;2025-11-01;1217245;Consolidado;N/A
B-1194404;AC-CIND-POV-VARZEA COMPRIDA-RURAL;ITIÚBA;MARCELO;0;0;Energizada;;DESL;Saque dia 17/11, material não sacado ;;;29/11/2025;146973 (PRECISA DE ACORDO);0;100%;;100,0%;;1;PLANO 7;PRIORIDADE PLANO ANEEL;100%;nov./1;R$ 33.946,55;;GABRIEL;;24/11/2025;29/11/2025;17/11/2025;Solicitado;;TRUE;FALSE;;Q055596;-10.9129082, -39.8416527;0;https://drive.google.com/file/d/1PnH_-O-pGUMPUODFhoTf_0dU2rGsb5T7/view?usp=drive_link;;;SENHOR DO BONFIM;2025-11-01;1194404;Consolidado;N/A
B-1185448;ER-CIND-POV-TIQUARA -RURAL;CAMPO FORMOSO;EDVALDO;0;0;Energizada;;ENERG;;N1/TRAFO;137059 BT 142632 LV;;;1;100%;;100,0%;;1;PLANO 7;PRIORIDADE PLANO ANEEL;100%;nov./1;R$ 21.221,45;26/11/2025;JOAO;;17/11/2025;22/11/2025;19/11/2025;;FALSE;TRUE;;;Q063543;-10.4723862, -40.5427325;E903269 – E903269;https://drive.google.com/file/d/1uR97eSJfizjlwACFSm6L-7a13iZFtQga/view?usp=drive_link;-10.8421072;-39.308;SENHOR DO BONFIM;2025-11-01;1185448;Consolidado;N/A
B-1157179;IT GRUA AG CANDIDO FONSECA RURAL;SENHOR DO BONFIM;;63;22;Paralisada;;;;;;;;3;4,761904762%;;0,0%;;0;PLANO 7;QLP;0%;nov./1;R$ 1.706.478,98;;;;;;;;;;;;;;E903189 – E903189;;;;SENHOR DO BONFIM;2025-11-01;1157179;Consolidado;N/A
B-1172674;ER-CIND-FAZ-PACIENCIA-PACIENCIA;MONTE SANTO;OSMAR;0;0;Energizada;;LV+BT;"Executar no mesmo dia da obra ""POV-FLORES""";N1;BT 127161 LV-148683;;;1;100%;;100,0%;;1;PLANO 14;QLP;100%;nov./1;R$ 7.978,71;22/11/2025;GABRIEL;;17/11/2025;22/11/2025;17/11/2025;Solicitado;;TRUE;;;D108759;-10.1559336, -39.5542258;E903365 – E903365;https://drive.google.com/file/d/1OS33s5jhwTm-CuzXvxvCk4YqpO6OHkdh/view?usp=drive_link;;;SENHOR DO BONFIM;2025-11-01;1172674;Consolidado;N/A
B-1157055;IT-GRUA-RO BA 220-RURAL;SENHOR DO BONFIM;;86;0;Paralisada;;;;;;;;0;0%;;0,0%;;1;PLANO 7;GRUPO A;0%;nov./1;R$ 1.679.249,18;;;;;;;;;;;;;;;;;;SENHOR DO BONFIM;2025-11-01;1157055;Consolidado;N/A
B-1198094;ER-CIND-FAZ-PAU FERRO-PAU FERRO;QUEIMADAS;MARCELO;0;0;Energizada;;BT;;;134700 BT;;;0;100%;0;100,0%;;1;PLANO 14;PRIORIDADE PLANO ANEEL;100%;nov./1;R$ 2.607,40;11/11/2025;GABRIEL;;10/11/2025;15/11/2025;10/11/2025;Sim;TRUE;TRUE;;;D367990;-10.894458, -39.556127;0;https://drive.google.com/file/d/17i8YK8vKscU-vpwjKOERRhp8wPSiz4oC/view?usp=drive_link;;;SENHOR DO BONFIM;2025-11-01;1198094;Consolidado;N/A
B-1198067;ER-CIND-POV-PAU DE COLHER-PAU DE COLHER;QUEIMADAS;MARCELO;0;0;Energizada;;BT;;;134692 BT;;;0;100%;0;100,0%;;1;PLANO 14;PRIORIDADE PLANO ANEEL;100%;nov./1;R$ 1.604,11;11/11/2025;GABRIEL;;10/11/2025;15/11/2025;10/11/2025;Sim;TRUE;TRUE;;;D159343;-10.78111, -39.625564;0;https://drive.google.com/file/d/1GM9gqZ9pkzHsSkqa8cLB1GFoyzPtGjTA/view?usp=drive_link;;;SENHOR DO BONFIM;2025-11-01;1198067;Consolidado;N/A
