NOTA;PROJETO;TÍTULO;MUNICIPIO;ENCARREGADO;STATUS 1;SUPERVISOR;AR COELBA;PLANO;CRITÉRIO;ANÁLISE PROJETO PRÉ-FECH.;SOLICITAÇÃO DE RESERVA;DATA SAQUE MATERIAIS;PES LV;PES ENCABEÇ. BT / ENERG.;PES PD;DATA PD;STATUS PES PD;SI PG;PG's;CLIET.;PSTP;CAVA REALIZADA;PST EXEC;Á REALIZAR;AVNR;AVANÇO;INCIO;PV. FIM;ENERGIZAÇÃO;OC. ENERG.;REFERENCIA;LATITUDE;LONGITUDE;V. PROJETO;PROVAVEL ROCHA;NECESSIDADE DE VISITA;CABO 1X25;CABO 3X35;OBS;AVALIAÇÃO SERVIÇO;COORD;Carteira;PROJETO_FATO;STATUS_AUDITORIA;MOTIVO_DESCARTE
9101923953;B-1102882;MP-CCOL-RUA DO COMERCIO-RURAL;CAMPO FORMOSO;MARIO/EUDÁRIO;AVANÇO - MIGRADA DE JANEIRO/25 - 66% -não iniciada;ETEMILSON;HIAGO;PLANO 14 - LPT;ESTRATÉGICA;03/01/25;06/01/25;09/01/25;2025-9976;2025-9989;nan;nan;nan;1016761/2024;E698814 ao E698993;20;179;nan;nan;179;0%;nan;nan;nan;nan;nan;B747338;https://maps.app.goo.gl/FHMbp1dBPteX7sKX7;-40,934483;R$ 1.824.205,83;nan;nan;nan;nan;nan;50% DA OBRA;JACOBINA;01/02/2025;1102882;Consolidado;N/A
9102078212;B-1146265;IS-COEL-RUA-DR ANTONIO GONCALVES-CENTRO;CAMPO FORMOSO;JAILTON;EXECUTAR PELA SIPEL BONFIM;EDILECIO;GUTTEMBERG;PLANO 8;REPUTACIONAL;-;nan;nan;"2025-11933
CONJ. PD";nan;"2025-11838
CONJ. LV";25/02/25;APROVADA;nan;nan;0;0;nan;nan;0;0%;nan;nan;nan;nan;nan;Q057114;-10.5086006;-40.3196462;R$ 12.335,06;nan;nan;nan;nan;nan;nan;JACOBINA;01/02/2025;1146265;Consolidado;N/A
9101691568;B-1044483;MP-CCOL-POV.CACIMBINHA-RURAL;CAMPO FORMOSO;nan;EXECUTAR PELA SIPEL BONFIM;nan;nan;PLANO 14 - LPT;REPUTACIONAL;-;nan;nan;OK;nan;nan;nan;nan;1014112/2024;E682438 AO E682767;27;324;nan;nan;324;0%;nan;nan;nan;nan;nan;D010745;-9,9124989;-40,6843068;R$ 3.522.354,62;nan;nan;nan;nan;nan;nan;JACOBINA;01/02/2025;1044483;Consolidado;N/A
9102122531;B-1160634;RC-CIND-POV-LIMOEIRO-RURAL;CAMPO FORMOSO;nan;EXECUTAR PELA SIPEL BONFIM;nan;GUTTEMBERG;PLANO 8;REPUTACIONAL;-;nan;nan;OK;nan;nan;13/12/24;CONCLUÍDO;1014121/2024;E682935 AO  E682990;0;56;nan;nan;56;0%;nan;nan;nan;nan;nan;nan;-10,5203873;-40,3286489;R$ 644.115,98;nan;nan;nan;nan;nan;nan;JACOBINA;01/02/2025;1160634;Consolidado;N/A
9102124526;B-1158654;ER-CIND-POV-FOLHA LARGA-RURAL;CAMPO FORMOSO;MÁRIO;OBRA JÁ EXECUTADA PELA EQUIPE DE SENHOR DO BONFIM;EDILECIO;GUTTEMBERG;PLANO 7;DIA C - JUDICIAL;19/12/24;19/12/24;nan;2024-151699;nan;nan;nan;nan;nan;E601317 ao E601322;1;6;nan;nan;6;0%;nan;nan;nan;nan;nan;D922370;-10,2828275;-40,5142564;R$ 51.851,40;nan;nan;290,00;nan;nan;Intercalar poste com trafo com a LV e extender rede BT 5 postes (290mtrs). Cava em rocha retro;JACOBINA;01/02/2025;1158654;Consolidado;N/A
9102124206;B-1161501;ER-CIND-FAZ-CORTE VERMELHO-RURAL;BAIXA GRANDE;LUCIANO;Cliente se encontra ligado no medidor 1218743818;GABRIEL;DIORLAN;PLANO 14 - LPT;QLP;18/02/25;18/02/25;nan;nan;2025-16378;nan;nan;nan;nan;E682391 ao E682392;1;2;nan;nan;2;0%;nan;25/02/25;26/02/25;nan;nan;L430625;https://maps.app.goo.gl/CNs6KRWVqFe4NCt29;-40.1214854;R$ 10.759,79;nan;nan;nan;nan;nan;nan;JACOBINA;01/02/2025;1161501;Consolidado;N/A
9101006486;B-0828780;MP-CCOLPOV TIQUARA-RURAL;CAMPO FORMOSO;EUDÁRIO;OBRA JÁ EXECUTADA PELO PROJETO B1156370;EDILECIO;GUTTEMBERG;PLANO 14 - LPT;REPUTACIONAL;-;nan;nan;2025-12159;nan;nan;nan;nan;1019055/2025;E717128 ao E717145;2;18;nan;nan;18;0%;nan;nan;nan;nan;nan;D129136;-10.4529673;-40.5616592;R$ 71.364,35;nan;nan;nan;nan;nan;nan;JACOBINA;01/02/2025;0828780;Consolidado;N/A
9101839107;B-1066091;RR-CIND-FAZ ALDEIA-RURAL;MIGUEL CALMON;nan;SAIU DA CARTEIRA DE FEVEREIRO;GABRIEL;WELLINGTON;PLANO 14 - LPT;LPT;-;nan;nan;2025-12035;nan;nan;nan;nan;1019078/2025;nan;1;30;nan;nan;30;0%;nan;nan;nan;nan;nan;D030478;-114364855;-403296083;R$ 118.347,58;nan;nan;nan;nan;nan;nan;JACOBINA;01/02/2025;1066091;Consolidado;N/A
9102074312;B-1143821;ER-CIND-ET-RURAL-LAGOA DO 33;OUROLÂNDIA;ELIEZER;OBRA CANCELADA CONFORME E-MAIL 18/02/2025;EDILECIO;nan;PLANO 7;QLP;17/02/25;17/02/25;19/02/25;nan;nan;2025-11937;21/02/25;APROVADA;nan;E682400 ao E682402;1;3;nan;nan;3;0%;nan;20/02/25;21/02/25;nan;nan;D537163;https://maps.app.goo.gl/HqjDfyg4EPrvMekN7;-41.348668;R$ 33.705,09;nan;nan;nan;nan;nan;nan;JACOBINA;01/02/2025;1143821;Consolidado;N/A
9102042888;B-1146078;MP CIND RUA DO  POÇO RURAL;UMBURANAS;RODRIGO;nan;EDILECIO;nan;PLANO 7;REPUTACIONAL;-;nan;nan;nan;nan;CRIAR;AGUARDAR;DEFINIR;1019123/2025;E717372 AO E717436;11;57;nan;nan;57;0%;nan;nan;nan;nan;nan;D174027;-10.4512634;-41.2045201;R$ 533.205,29;nan;nan;nan;nan;nan;nan;JACOBINA;01/02/2025;1146078;Consolidado;N/A
9101977642;B-1114109;AL GRUA AG SERRA RURAL;MUNDO NOVO;LUCIANO/ ANTONIO;PROJETO EM REVISÃO;RENATO;DIORLAN;PLANO 7;TRANSGRESSÃO;AGUARDAR;nan;AGUARDAR;nan;nan;CRIAR;AGUARDAR;DEFINIR;1019600/2025;nan;0;177;nan;nan;177;0%;nan;10/02/25;30/05/25;nan;nan;D262172;-11,8515623;-40,4812778;R$ 2.996.234,13;nan;nan;nan;nan;nan;nan;JACOBINA;01/02/2025;1114109;Consolidado;N/A
9101728976;B-1011761;IS-CIND-POV-TOCA DA NOVILHA 195-RURAL;CAMPO FORMOSO;EUD / MARIO / JAILTON;aguardando visita;EDILECIO;GUTTEMBERG;PLANO 8;DIA C - ESTADUAL;14/02/25;14/02/25;nan;2025-17533  CONJ. PD;nan;2025-17525  CONJ COM LV;27/02/25;APROVADA;nan;E677225 ao E677227;0;4;nan;nan;4;0%;nan;10/02/25;28/02/25;nan;nan;Q063146;https://maps.app.goo.gl/NkMqkdzsoUdtTToA8;-40,5631565;R$ 36.720,86;nan;nan;nan;nan;nan;nan;JACOBINA;01/02/2025;1011761;Consolidado;N/A
9102140830;B-1174797;UB-CIND-RUA-BENJAMIM CONSTANTINO-CENTRO;CAMPO FORMOSO;EUD / MARIO / JAILTON;ENERGIZADA;EDILECIO;GUTTEMBERG;PLANO 7;DIA C - REPUTACIONAL;10/02/25;10/02/25;12/02/25;"2025-11057
CONJ. PD";nan;"2025-10999
CONJ. LV";13/02/25;APROVADA;nan;E615964;1;2;2;2;0;100%;nan;13/02/25;13/02/25;13/02/2025;2025-2-32683;D527972;https://maps.app.goo.gl/9NtXG54PAeiornEj6;-40,324034;R$ 48.313,30;nan;nan;nan;nan;nan;nan;JACOBINA;01/02/2025;1174797;Consolidado;N/A
9102151721;B-1176820;UB-CIND-RUA-CELINO DA SILVA 20-CENTRO-TI;CAMPO FORMOSO;EUD / MARIO / JAILTON;MIGRADA PARA MARÇO;EDILECIO;GUTTEMBERG;PLANO 7;DIA C - REPUTACIONAL;14/02/25;14/02/25;25/02/25;nan;nan;2025-11931;28/02/25;REPROVADO;nan;E615831 ao E615832;1;2;nan;nan;2;0%;nan;24/02/25;28/02/25;nan;nan;Q063578;https://maps.app.goo.gl/74hPsMse8gysb8HB9;-40,5457401;R$ 35.769,22;nan;nan;nan;nan;nan;nan;JACOBINA;01/02/2025;1176820;Consolidado;N/A
9102138148;B-1168683;ER-CCOL-RCL-FAZ-PILOES-RURAL;CAMPO FORMOSO;nan;4 postes implantados, falta cabo 1x25;EDILECIO;GUTTEMBERG;PLANO 14 - LPT;DIA C - ESTRATEGIA PR;10/02/25;10/02/25;12/02/25;nan;2025-16301;nan;nan;nan;nan;E682381 ao E682385;12;5;nan;nan;5;0%;nan;16/02/25;19/02/25;nan;nan;D520466;https://maps.app.goo.gl/gjPL9TokNstZ4rn96;-40,3516244;R$ 35.769,22;nan;nan;nan;nan;nan;nan;JACOBINA;01/02/2025;1168683;Consolidado;N/A
9102128524;B-1160485;ER-CIND-FAZ-ESPERANCA-LAGOA DO MAMAO;BAIXA GRANDE;LUCIANO;ENERGIZADA;GABRIEL;DIORLAN;PLANO 7;DIA C - ESTRATEGIA PR;nan;nan;nan;nan;2025-14469;nan;nan;nan;nan;E615957 ao E615959;1;3;3;3;0;100%;nan;08/02/25;08/02/25;08/02/2025;18574;E507611;https://maps.app.goo.gl/M66uAWntPtozeUv47;-40,141026;R$ 16.573,93;nan;nan;nan;nan;nan;nan;JACOBINA;01/02/2025;1160485;Consolidado;N/A
9102122107;B-1161149;ER-CIND-FAZ-S O JORGE-RURAL;BAIXA GRANDE;LUCIANO;não iniciada;GABRIEL;DIORLAN;PLANO 14 - LPT;DIA C - ESTRATEGIA PR;18/02/25;18/02/25;24/02/25;nan;2025-16338;nan;nan;nan;nan;E682386 ao E682390;1;5;nan;nan;5;0%;nan;20/02/25;22/02/25;nan;nan;B888747;https://maps.app.goo.gl/NyS8MBDtpFhk21JcA;-40,1267864;R$ 29.491,41;nan;nan;nan;nan;nan;nan;JACOBINA;01/02/2025;1161149;Consolidado;N/A
9102125176;B-1161926;ER-CIND-FAZ-BOLIVIA-RURAL;BAIXA GRANDE;LUCIANO;não iniciada;GABRIEL;DIORLAN;PLANO 14 - LPT;QLP;18/02/25;18/02/25;24/02/25;nan;2025-16427;nan;nan;nan;nan;E615831 ao E615832;1;2;nan;nan;2;0%;nan;23/02/25;25/02/25;nan;nan;L382657;https://maps.app.goo.gl/fxRtBtxUdNW8eJDt6;-40,2081846;R$ 12.560,48;nan;nan;nan;nan;nan;nan;JACOBINA;01/02/2025;1161926;Consolidado;N/A
9102081338;B-1148629;ER-CIND-FAZ-QUEIMADA NOVA-RURAL;BAIXA GRANDE;LUCIANO;não iniciada;GABRIEL;DIORLAN;PLANO 14 - LPT;RECLAMAÇÃO;18/02/25;18/02/25;24/02/25;2025-11761;nan;nan;nan;nan;nan;E682393 ao E682394;1;2;nan;nan;2;0%;nan;26/02/25;27/02/25;nan;nan;B462086;https://maps.app.goo.gl/AtG8QydNL9NswLDf6;-40.027873;R$ 13.421,46;nan;nan;nan;nan;nan;INTERCALAR 02 POSTES AT E LANÇAR 02 VÃO DE BT (161 UCS - CHI 966);JACOBINA;01/02/2025;1148629;Consolidado;N/A
9102072982;B-1146508;ER-CIND-POV-ALDEIA-RURAL;BAIXA GRANDE;LUCIANO;não iniciada;GABRIEL;DIORLAN;PLANO 7;QLP;18/02/25;18/02/25;24/02/25;2025-11809;2025-16587;nan;nan;nan;1019033/2025;E717055 ao E717067;1;13;nan;nan;13;0%;nan;19/02/25;28/02/25;nan;nan;D101905;https://maps.app.goo.gl/v4pzfoNrxFZC1QTZ7;-40.1897042;R$ 124.069,73;nan;nan;nan;nan;nan;nan;JACOBINA;01/02/2025;1146508;Consolidado;N/A
9101442113;B-0946219;ER-CCOL-POV.ARARAS-RURAL;CAMPO FORMOSO;MARIO;AVANÇO - 50% - não iniciada;EDILECIO;GUTTEMBERG;PLANO 14 - LPT;REPUTACIONAL;31/01/25;31/01/25;nan;2025-12094;CRIAR;nan;nan;nan;1019044/2025;E717068 AO E717108;3;41;nan;nan;41;0%;nan;18/02/25;30/03/25;nan;nan;B139191;https://maps.app.goo.gl/jRLJ6ugU1kxxp11s9;-40.791195;R$ 172.701,96;nan;nan;nan;nan;nan;nan;JACOBINA;01/02/2025;0946219;Consolidado;N/A
9102128652;B-1161918;AC-CIND-POV-LAGOA DO PORCO-RURAL;CAMPO FORMOSO;nan;ENERGIZADA;EDILECIO;GUTTEMBERG;PLANO 7;REPUTACIONAL;07/02/25;07/02/25;11/02/25;2025-12129;2025 - 19287;nan;nan;nan;1019049/2025;E717119 ao E717125;1;9;nan;9;0;100%;nan;10/02/25;20/02/25;28/02/2025;nan;Q064537;https://maps.app.goo.gl/EQy29HmcCvhyAFAf8;-40.6222073;R$ 108.046,82;nan;nan;nan;nan;nan;nan;JACOBINA;01/02/2025;1161918;Consolidado;N/A
9101934468;B-1094013;AC CIND PO LAGOA CAVADA RURAL CPF;CAMPO FORMOSO;nan;FALTA DETONAR 4 CAVAS, IMPLANTAR POSTES E FALTA CABO 1X25;EDILECIO;GUTTEMBERG;PLANO 7;REPUTACIONAL;18/02/25;18/02/25;25/02/25;2025-13973;CRIAR;nan;nan;nan;1019065/2025;E717146 ao E717156;1;11;nan;nan;11;0%;nan;20/02/25;27/02/25;nan;nan;Q062252;https://maps.app.goo.gl/qGybmjZCcQdWQ67N7;-40.3977383;R$ 127.909,10;nan;nan;nan;nan;nan;nan;JACOBINA;01/02/2025;1094013;Consolidado;N/A
9101883904;B-1073798;ER-CIND-POV-OLHOS DAGUA-RURAL;CAMPO FORMOSO;JAILTON;ENERGIZADA;EDILECIO;GUTTEMBERG;PLANO 14 - LPT;REPUTACIONAL;07/02/25;07/02/25;11/02/25;nan;nan;2025-11668;21/02/25;APROVADA;1019070/2025;E717157 ao E717171;4;16;16;16;0;100%;nan;10/02/25;21/02/25;26/02/2025;66371;D156285;https://maps.app.goo.gl/wzddEt1iXbR3BviH6;-40.3889989;R$ 67.281,19;nan;nan;nan;nan;nan;VERIFICAR NECESSIDADE DE SUBSTITUIR POSTE DA DV;JACOBINA;01/02/2025;1073798;Consolidado;N/A
9102085632;B-1146336;RR-CIND-POV-CURRALINHO-RURAL;CAMPO FORMOSO;JAILTON;JÁ ESTÁ NO QUINTO REPASSE E AS CAVAS NÃO SAEM;nan;HIAGO SANTANA;nan;REPUTACIONAL;11/11/24;11/11/24;12/11/24;2024-131589;2025-3334;nan;nan;nan;1012146/2024;E669427 ao E669438;nan;12;16;nan;12;0%;40,00%;22/11/24;28/02/25;nan;nan;E238073;-10,235994;-40,605536;R$ 122.883,92;nan;nan;190,00;nan;nan;Transformar N3/N4;JACOBINA;01/02/2025;1146336;Consolidado;N/A
9102083176;B-1145254;ER-CIND-POV-LAGEDO RASO-RURAL;CAMPO FORMOSO;EUDÁRIO;CAVAS EXPLORADAS -PARA DETONAR ( REPASSE);EDILECIO;HIAGO SANTANA;nan;DIA C;19/11/24;20/11/24;29/01/25;nan;2025-12194;nan;nan;nan;nan;E615891 ao E615895;1;6;4;nan;6;0%;40,00%;30/11/24;28/02/25;nan;nan;nan;-10,4469726;-40,5390414;R$ 29.446,95;nan;nan;nan;nan;Pendente detonação , 4 cava perfurada;nan;JACOBINA;01/02/2025;1145254;Consolidado;N/A
9102108609;B-1159520;UB-CIND-RUA-MANDACARU-TIQUARA;CAMPO FORMOSO;EUDÁRIO;CAVAS EXPLORADAS -PARA DETONAR;nan;RAMON;nan;PRIORIDADE PLANO ANEEL;29/11/24;29/11/24;29/01/25;nan;2024-147371;nan;nan;nan;1014089/2024;E682280 AO E682286;14;7;nan;nan;7;0%;100,00%;26/12/24;28/02/25;nan;nan;D397270;https://maps.app.goo.gl/cwCkNvMD45b7xujSA;-40.5457041;R$ 34.592,90;nan;nan;185,00;nan;Pendente detonação 7 cavas, cavas perfuradas;Extensão 7 BT cabo 1x25 (185mts). Tiquara, cava em rocha;JACOBINA;01/02/2025;1159520;Consolidado;N/A
9102081216;B-1146061;ER-CIND-SI-GENIO-RURAL;CAMPO FORMOSO;MARIO;CAVAS EXPLORADAS -PARA DETONAR;nan;HIAGO SANTANA;nan;PRIORIDADE PLANO ANEEL;16/12/24;06/12/24;15/01/24;2025-19675;nan;nan;nan;nan;nan;E601299 AO E601303;1;5;nan;nan;5;0%;100,00%;17/12/24;28/02/25;nan;nan;E427776;https://maps.app.goo.gl/eTU2ZjM4PvRgWVuf7;-40.5009006;R$ 50.535,86;nan;nan;485,00;nan;Alterou projeto para 5 postes, pendente perfuração e detonação;Extensão 8 BT cabo 1x25 (485mts). Cava em rocha;JACOBINA;01/02/2025;1146061;Consolidado;N/A
9102105527;B-1153564;ER-CIND-SI-GENIO 500-RURAL;CAMPO FORMOSO;MARIO;ENERGIZADA;nan;HIAGO SANTANA;nan;PRIORIDADE PLANO ANEEL;20/12/24;06/12/24;09/12/24;nan;2025-19596;nan;nan;nan;nan;"E601323 ao E601325
E615810";1;4;4;4;0;100%;100,00%;20/12/24;nan;27/02/2025;72818;B182570;-10,2727445;-40,4822468;R$ 17.629,47;nan;nan;185,00;nan;Pendente perfuração e detonação de 4 cavas;Extensão 3 BT cabo 1x25 (185mts), Cava em rocha retro];JACOBINA;01/02/2025;1153564;Consolidado;N/A
9102055259;B-1138569;ER-CIND-POV-TANQUE NOVO-RURAL;CAMPO FORMOSO;JAILTON;ENERGIZADA;EDILECIO;HIAGO SANTANA;nan;DIA C SIPEL JACOBINA;10/12/24;10/12/24;30/01/25;2025-11297;2025-18218;nan;nan;nan;nan;E601282;nan;1;1;1;0;100%;nan;14/12/24;28/02/2025;14/02/2025;35954;nan;-10,5672906;-40,477524;R$ 20.745,60;nan;nan;nan;nan;Pendente detonação , cava perfurada;nan;JACOBINA;01/02/2025;1138569;Consolidado;N/A
9102099150;B-1151265;ER CIND FAZ BAIXA DA MINA RURAL;CAMPO FORMOSO;WAGNER;NÃO INICIADA;ALAN;HIAGO SANTANA;nan;PRIORIDADE PLANO ANEEL;23/12/24;23/12/24;25/02/25;nan;2024-150146;nan;nan;nan;nan;E615799 AO E615802;1;4;nan;nan;4;0%;100,00%;11/12/24;28/02/25;nan;nan;D574604;-10,2691168;-40,6424555;R$ 24.119,08;nan;nan;235,00;nan;Não iniada;Extensão 4 BT cabo 1x25 (235mts), depois do povoado Panela, solo cava em rocha;JACOBINA;01/02/2025;1151265;Consolidado;N/A
9102092311;B-1151807;ER-CIND-POV-VARGEM DO SAL-VARGEM DO SAL;CAMPO FORMOSO;EUDARIO;SÓ SAIU UMA CAVA, 4 REPASSE PENDENTE;nan;RAMON - U464714;PLANO 14 - LPT;PRIORIDADE PLANO ANEEL;19/12/24;19/12/24;21/12/24;2024-151786;nan;nan;nan;nan;nan;E615785 ao E615789;1;5;nan;nan;5;0%;100,00%;21/01/25;28/02/25;nan;nan;E237974;-10,4096905;-40,6827986;R$ 50.830,09;nan;nan;240,00;nan;Pendente perfuração e detonação de 5 cavas;Instalar trafo no PG E237874, extensão 5 postes BT cabo 1x25 (235mts), Vargem do Sal, 100% detonada;JACOBINA;01/02/2025;1151807;Consolidado;N/A
9102082302;B-1146725;ER-CIND-POV-VARZEA DO LACO-RURAL;GAVIÃO;JOSÉ MISAEL;ENERGIZADA;GABRIEL;MANOEL;PLANO 7;QLP;04/02/25;04/02/25;06/02/25;nan;nan;2025-11273;45702;APROVADA;nan;E615951;1;1;1;1;0;100%;nan;12/02/25;14/02/25;14/02/2025;35591;D536774;https://maps.app.goo.gl/NbkhinJi9n8sgKXD7;-39.748166;R$ 17.836,04;nan;nan;nan;nan;nan;nan;JACOBINA;01/02/2025;1146725;Consolidado;N/A
9102070427;B-1144739;ER-CIND-FAZ-MORRINHO-RURAL;GAVIÃO;JOSÉ MISAEL;ENERGIZADA;GABRIEL;MANOEL;PLANO 7;QLP;04/02/25;04/02/25;06/02/25;2025-11895;nan;nan;nan;nan;nan;E615952 AO E615956;1;6;6;6;0;100%;nan;17/02/25;19/02/25;19/02/2025;11895 - 49111;A246996;https://maps.app.goo.gl/Va7DL92if73i5N278;-39.727324;R$ 46.065,53;nan;nan;nan;nan;nan;nan;JACOBINA;01/02/2025;1144739;Consolidado;N/A
9101980120;B-1113871;ER-CCOL-POV-LAGOA DO GAVIAO-RURAL;GAVIÃO;JOSÉ MISAEL;ENERGIZADA;GABRIEL;MANOEL;PLANO 14 - LPT;LPT;04/02/25;04/02/25;06/02/25;2025-11899;2025-16400;nan;nan;nan;1019075/2025;E717173 ao E717182;1;19;19;19;0;100%;nan;05/02/25;21/02/25;25/02/2025;64120;B948757;https://maps.app.goo.gl/RKTv6XSu7RgNsyQu5;-39.8004213;R$ 152.486,42;nan;nan;nan;nan;nan;nan;JACOBINA;01/02/2025;1113871;Consolidado;N/A
9102075799;B-1144572;ER-CIND-RUA-PAU DE COLHER-CAATINGA MOURA;JACOBINA;nan;nan;RAFAEL;NATALICIO;PLANO 14 - LPT;QLP;11/02/25;12/02/25;13/02/25;2025-11902;nan;nan;nan;nan;1019077/2025;E717192 ao E717199;1;8;nan;nan;8;0%;nan;24/02/2025;28/02/25;nan;nan;D233182;https://maps.app.goo.gl/bc8FKXV4ZAonkruP6;-40.772549;R$ 70.282,89;nan;nan;nan;nan;nan;nan;JACOBINA;01/02/2025;1144572;Consolidado;N/A
9101857017;B-1065719;MP-CIND-POV-QUEIMADA NOVA-RURAL;MIGUEL CALMON;HIAGO;EM ESCAVAÇÃO;GABRIEL;WELLINGTON;PLANO 14 - LPT;LPT;05/02/25;05/02/25;07/02/25;nan;nan;2025-11934;25/02/25;APROVADA;1019080/2025;E717230 ao E717245;1;16;nan;nan;16;0%;nan;05/02/25;28/02/25;nan;nan;E048438;https://maps.app.goo.gl/WYQyVkNJEZAYGa4C7;-40.624695;R$ 70.133,36;nan;nan;nan;nan;nan;nan;JACOBINA;01/02/2025;1065719;Consolidado;N/A
9102083393;B-1148021;ER-CIND-FAZ-BOA VISTA-RURAL MIGUEL CALMO;MIGUEL CALMON;HIAGO;ENERGIZADA;GABRIEL;WELLINGTON;PLANO 7;QLP;07/02/25;07/02/25;11/02/25;2025-12043;nan;nan;nan;nan;nan;E669513 AO E669516;1;4;4;4;0;100%;nan;13/02/25;15/02/25;12/02/2025;30014;D923077;https://maps.app.goo.gl/bgbh42w2xSZZsHnn6;-40.58849345;R$ 31.236,97;nan;nan;nan;nan;nan;nan;JACOBINA;01/02/2025;1148021;Consolidado;N/A
9102085178;B-1146619;ER-CIND-FAZ-ARROZ-RURAL;MIGUEL CALMON;HIAGO;ENERGIZADA;GABRIEL;WELLINGTON;PLANO 7;QLP;07/02/25;07/02/25;11/02/25;2025-12087;nan;nan;nan;nan;nan;E677218 AO E677219;1;2;2;2;0;100%;nan;17/02/25;18/02/25;12/02/2025;30317;R034336;https://maps.app.goo.gl/3WerBVb58Ki3hpnz5;-40.799997;R$ 23.542,18;nan;nan;nan;nan;nan;nan;JACOBINA;01/02/2025;1146619;Consolidado;N/A
9101939323;B-1097767;ER-CIND-FAZ-BREJO-RURAL;MIRANGABA;nan;não iniciada;RAFAEL;0000000';PLANO 14 - LPT;QLP;19/02/25;19/02/25;nan;2025-13838;nan;nan;nan;nan;1019082/2025;E717246 ao E717258;1;13;nan;nan;13;0%;nan;17/02/25;28/02/25;nan;nan;D180516;https://maps.app.goo.gl/mp1hcPy5fQcyAKzF9;-40.5035908;R$ 62.930,31;nan;nan;nan;nan;nan;nan;JACOBINA;01/02/2025;1097767;Consolidado;N/A
9102137473;B-1171960;IE-RELIGADOR-MUN-01N3-T21140;MUNDO NOVO;HEMORGENES;faltando materiais;GABRIEL;DIORLAN;PLANO 8;AL/MELHORAMENTO;15/02/25;15/02/25;nan;CRIAR;nan;nan;nan;nan;nan;E682395;0;1;nan;nan;1;0%;nan;26/02/25;27/02/25;nan;nan;L398153;https://maps.app.goo.gl/CAjyFe8FfYYATo4r8;-40.4618933;R$ 106.993,38;nan;nan;nan;nan;nan;nan;JACOBINA;01/02/2025;1171960;Consolidado;N/A
9102086745;B-1146840;ER-SEIN-FAZ-GUANABARA-RURAL-INDAI;MUNDO NOVO;EDILSON;falta implantar 10 postes, lançar cabos, turma trabalha até 26.02;GABRIEL;DIORLAN;PLANO 14 - LPT;REPUTACIONAL;14/02/25;14/02/25;18/02/25;nan;2025-16542;2025-11935;21/02/25;APROVADA;1019115/2025;E717259 ao E717285;1;30;nan;nan;30;0%;nan;10/02/25;28/02/25;nan;nan;E545284;https://maps.app.goo.gl/Bt3aMLbJ4bN6Tcwt8;-40.5877595;R$ 223.783,24;nan;nan;nan;nan;nan;nan;JACOBINA;01/02/2025;1146840;Consolidado;N/A
9102091405;B-1153459;ER-CIND-FAZ-ESPERANÇA-RURAL;MUNDO NOVO;RODRIGO;ENERGIZADA;RENATO;DIORLAN;nan;QLP;24/01/25;24/01/25;28/01/25;2025-11282;2025-11281;nan;nan;nan;nan;E615940 ao E615948;1;9;9;9;0;100%;nan;10/02/25;19/02/25;18/02/2025;46511;P764376;https://maps.app.goo.gl/RCiXtDtDssbUPBMU8;-40.5663037;R$ 76.518,33;nan;nan;120,00;nan;nan;Transformar estrutura em poste circular c LV;JACOBINA;01/02/2025;1153459;Consolidado;N/A
9102038514;B-1130167;ER-CIND-FAZ-DEUS DARA 398 --J-RURAL;MUNDO NOVO;HEMORGENES;MIGRADA DE JANEIRO/25;RENATO;DIORLAN;nan;LPT;14/01/25;14/01/25;17/01/25;nan;2025-7212;nan;nan;nan;1016765/2024;E699046 ao E699055;1;10;nan;nan;10;0%;nan;17/02/25;21/02/25;nan;nan;nan;-11,8322768;-40,4201272;R$ 52.286,75;nan;nan;550,00;nan;nan;Extensão de rede BT;JACOBINA;01/02/2025;1130167;Consolidado;N/A
9101982593;B-1114135;RR-CIND-FAZ-CANABRAVA-RURAL;MUNDO NOVO;HEMORGENES;MIGRADA DE JANEIRO/25;RENATO;DIORLAN;nan;LPT;14/01/25;14/01/25;17/01/25;2025-18386;2025-7209;nan;nan;nan;nan;E615863 AO E615870;1;7;nan;nan;7;0%;nan;22/02/25;24/02/25;nan;nan;nan;-11,8304148;-40,3460756;R$ 42.327,88;nan;nan;380,00;nan;nan;Transformar N3 em N4 c LV. Solo bom;JACOBINA;01/02/2025;1114135;Consolidado;N/A
9101321144;B-0924090;ER-CIND-POV CANJERANA-URBANO;MUNDO NOVO;HEMORGENES;1 cava para detonar;RENATO;DIORLAN;nan;LPT;24/01/25;24/01/25;28/01/25;2025-10232;2025-10241;nan;nan;nan;nan;E615923 ao E615931;1;9;nan;nan;9;0%;nan;25/01/25;28/02/2025;nan;nan;L381946;https://maps.app.goo.gl/JnqbKk5h7sZt3as98;-40,3422186;R$ 30.506,54;nan;nan;nan;nan;nan;nan;JACOBINA;01/02/2025;0924090;Consolidado;N/A
9101894308;B-1077783;LD CIND POV AV.PRINCIPAL JEQUETIBA-RURAL;MUNDO NOVO;HEMORGENES;ENERGIZADA;RENATO;DIORLAN;PLANO 7;LPT;22/01/25;22/01/25;25/01/25;2025-10053;2025-10061;nan;nan;nan;nan;E615908 AO E615913;1;6;6;6;0;100%;nan;25/01/25;07/02/25;05/02/2025;12840;E084153;-12,0548160;-40,4864220;R$ 79.010,93;nan;nan;nan;nan;nan;Intercalar postes c LV, solo cava c/ trado. Visitar para avaliar necessidade de retro para abrir acesso;JACOBINA;01/02/2025;1077783;Consolidado;N/A
9102127550;B-1160910;ER CIND FZ BOA VISTA RURAL;MUNDO NOVO;nan;ENERGIZADA EM JANEIRO;RENATO;DIORLAN;nan;QLP;07/01/25;07/01/25;17/01/25;nan;2025-7201;nan;nan;nan;nan;E615830;1;1;1;1;0;100%;nan;nan;nan;30/01/2025;nan;nan;-11,824869;-40,488726;R$ 23.515,59;nan;nan;235,00;nan;nan;Extensão BT, solo bom;JACOBINA;01/02/2025;1160910;Consolidado;N/A
9101899532;B-1073346;LD-CIND-PR.GALDINO VITORIA-RURAL;MUNDO NOVO;HEMORGENES;MIGRADA DE JANEIRO/25;RENATO;DIORLAN;nan;LPT;03/01/25;06/01/25;09/01/25;2025-9929;nan;nan;nan;nan;nan;E615827 E E615827;1;2;nan;nan;2;0%;nan;27/02/25;27/02/25;nan;nan;nan;-12,041839;-40,793877;R$ 27.036,75;nan;nan;nan;nan;nan;Intercalar poste c LV, solo bom;JACOBINA;01/02/2025;1073346;Consolidado;N/A
9101077475;B-0823492;MP-CIND-POV PEDRA BRANCA-RURAL;MUNDO NOVO;EDILSON;ENERGIZADA;RENATO;DIORLAN;PLANO 7;LPT;03/01/25;03/01/25;10/01/25;2025-7250;2025-7260;nan;nan;nan;nan;E615818 AO E615825;1;8;4;8;0;100%;nan;26/02/25;28/02/25;05/02/2025;12797;nan;-12,007194;-40,549908;R$ 122.973,00;nan;nan;nan;nan;nan;Intercalar poste c LV, solo bom;JACOBINA;01/02/2025;0823492;Consolidado;N/A
9102087956;B-1151697;AC-CIND-RUA-NOVA-RURAL;OUROLÂNDIA;ELIEZER;ENERGIZADA;EDILECIO;nan;PLANO 7;QLP;06/02/25;06/02/25;10/02/25;2025-13851;CRIAR;nan;nan;nan;nan;E615963;1;1;1;1;0;100%;nan;15/02/25;21/02/25;27/02/2025;72765;B170783;https://maps.app.goo.gl/GPwgtBKZxQwbeHNv5;-41.141353;R$ 23.871,59;nan;nan;nan;nan;nan;nan;JACOBINA;01/02/2025;1151697;Consolidado;N/A
9101981669;B-1115432;MP-CIND-FAZ-ABOBORAS-RURAL;OUROLÂNDIA;ELIEZER;ENERGIZADA;EDILECIO;nan;PLANO 14 - LPT;LPT;06/02/25;06/02/25;10/02/25;2025-14422;2025-23657;nan;nan;nan;1019118/2025;E717289 ao E717308;1;23;23;23;0;100%;nan;05/02/25;28/02/25;28/02/2025;nan;D267631;https://maps.app.goo.gl/cCboZviwQmX5boGE9;-40.9880258;R$ 267.309,73;nan;nan;nan;nan;nan;nan;JACOBINA;01/02/2025;1115432;Consolidado;N/A
9102087350;B-1149548;ER-CIND-RUA-CENTRAL DE ALAZAO-RURAL;OUROLÂNDIA;ELIEZER;ENERGIZADA;EDILECIO;nan;PLANO 7;QLP;06/02/25;06/02/25;10/02/25;2025-14013;2025-23808;nan;nan;nan;nan;E615960 ao E615962;1;3;1;1;2;33%;nan;25/02/25;28/02/25;27/02/2025;71590;E538914;https://maps.app.goo.gl/EHojDwvaazHaReVL8;-41.0244018;R$ 24.552,88;nan;nan;nan;nan;nan;nan;JACOBINA;01/02/2025;1149548;Consolidado;N/A
9102090127;B-1148749;UB-CIND-RUA-ANTONIO JOSE-OUROLANDIA;OUROLÂNDIA;ELIEZER;OBRA ENERGIZADA AGUARDANDO CORREÇÃO;EDILECIO;nan;PLANO 7;QLP;10/02/25;10/02/25;12/02/25;nan;nan;2025-11279;45702;APROVADA;nan;E677220 ao E677221;1;2;2;2;0;100%;nan;14/02/25;25/02/25;nan;nan;D741618;https://maps.app.goo.gl/UWXh7i5fsyKG3x8U9;-41.09003296;R$ 43.516,24;nan;nan;nan;nan;nan;nan;JACOBINA;01/02/2025;1148749;Consolidado;N/A
9102085418;B-1148930;ER-CIND-FAZ BAIXA DE OSEIAS-RURAL;OUROLÂNDIA;ELIEZER;ENERGIZADA;EDILECIO;nan;PLANO 7;QLP;17/02/25;17/02/25;18/02/25;nan;nan;2025-11936;19/02/25;APROVADA;nan;E682396 ao E682398;1;3;nan;3;0;100%;nan;18/02/25;19/02/25;19/02/2025;48078;B396124;https://maps.app.goo.gl/ckjdxAWSZCMs9J1T9;-41.0696484;R$ 22.028,45;nan;nan;nan;nan;nan;nan;JACOBINA;01/02/2025;1148930;Consolidado;N/A
9102089593;B-1146489;ER-CIND-POV-QUEIMADA DO CAPIM-QUEIMADA;OUROLÂNDIA;ELIEZER;nan;EDILECIO;nan;PLANO 7;QLP;17/02/25;17/02/25;nan;2025-14027;nan;nan;nan;nan;nan;E682399;2;1;nan;nan;1;0%;nan;28/02/25;28/02/25;nan;nan;B503985;https://maps.app.goo.gl/VyQKpHe58EuVxfaE6;-41.1343653;R$ 22.539,11;nan;nan;nan;nan;nan;nan;JACOBINA;01/02/2025;1146489;Consolidado;N/A
9101916790;B-1090820;MP-CCOL-POV. RODOLEIRO-RURAL;UMBURANAS;LUCIANO;não iniciada;EDILECIO;nan;PLANO 14 - LPT;LPT;19/02/25;19/02/25;nan;2025-14360;CRIAR;nan;nan;nan;1019120/2025;E717312 AO E717371;6;53;nan;nan;53;0%;nan;19/02/25;31/03/25;nan;nan;D923854;https://maps.app.goo.gl/pZ5EqJBwQ7BHv3fV7;-41.4415757;R$ 496.248,20;nan;nan;nan;nan;nan;nan;JACOBINA;01/02/2025;1090820;Consolidado;N/A
9102087936;B-1151445;ER-CIND-POV-BARRIGUDA BRASILIA-RURAL;UMBURANAS;LUCIANO;nan;EDILECIO;nan;PLANO 7;QLP;11/02/25;12/02/25;13/02/25;"2025-11942
CONJ. PD";nan;2025-11941 CONJ LV;28/02/25;APROVADA;1019124/2025;E717437 ao E717444;1;8;nan;nan;8;0%;nan;26/02/25;28/02/25;nan;nan;R071129;https://maps.app.goo.gl/bR95u8RRQV7hNGYb7;-41.391788;R$ 62.824,07;nan;nan;nan;nan;nan;nan;JACOBINA;01/02/2025;1151445;Consolidado;N/A
9102095070;B-1149468;ER - CIND POV S O JOS  1375 - RURAL;UMBURANAS;LUCIANO;nan;EDILECIO;nan;PLANO 7;QLP;11/02/25;12/02/25;13/02/25;2025-14371;nan;nan;nan;nan;nan;E677222 ao E677224;2;3;nan;nan;3;0%;nan;15/02/25;25/02/25;nan;nan;D103573;https://maps.app.goo.gl/KdGDb7zgt626h1he7;-41.295951;R$ 22.869,35;nan;nan;nan;nan;nan;nan;JACOBINA;01/02/2025;1149468;Consolidado;N/A
9102038529;B-1130072;ER-CIND-FAZ-BOM SOSSEGO-RURAL;UMBURANAS;LUCIANO;nan;EDILECIO;nan;PLANO 14 - LPT;LPT;11/02/25;12/02/25;13/02/25;2025-14381;nan;nan;nan;nan;1019126/2025;E717445 ao E717459;1;15;nan;nan;15;0%;nan;07/02/25;19/02/25;nan;nan;B348087;https://maps.app.goo.gl/o1xjMbFjtPJRK8jT8;-41.2874778;R$ 143.881,45;nan;nan;nan;nan;nan;nan;JACOBINA;01/02/2025;1130072;Consolidado;N/A
9101763912;B-1056397;MP-CIND-FAZ-LAGOA DO FELIPAO-RURAL;PIRITIBA;RODRIGO;ENERGIZADA;DURVAL;DIORLAN;nan;LPT;03/01/25;03/01/25;08/01/25;2025-7271;2025-7282;nan;nan;nan;1016757/2024;E698713 ao E698723;1;10;10;10;0;100%;nan;30/01/25;07/02/25;06/02/2025;14801;nan;-11,722435;-40,667881;R$ 129.497,91;nan;nan;nan;nan;nan;Montar bancada N3 c LV. Solo bom;JACOBINA;01/02/2025;1056397;Consolidado;N/A
9101799780;B-1035980;MP- CIND - POV.MANICOBA-RURAL;PIRITIBA;RODRIGO;obra cavada, 6 postes implantados;DURVAL;DIORLAN;nan;LPT;09/01/25;09/01/25;28/01/25;2025-9948;2025-9969;nan;nan;nan;1016760/2024;E698799 ao E698813;1;15;6;nan;15;0%;nan;13/02/25;28/02/25;nan;nan;nan;-11,759154;-40,627565;R$ 134.719,83;nan;nan;nan;nan;nan;Intercalar poste c LV, solo bom;JACOBINA;01/02/2025;1035980;Consolidado;N/A
9101925582;B-1088429;RR-CIND-FAZ-LAGOA DO CARMO-RURAL-PIRITIB;PIRITIBA;RODRIGO;ENERGIZADA;DURVAL;DIORLAN;nan;LPT;14/01/25;14/01/25;28/01/25;2025-10092 E 2025-192029;2025-10095;nan;nan;nan;nan;E615855 AO E615861;1;7;6;6;1;86%;nan;10/02/25;12/02/25;17/02/2025;44072;nan;https://maps.app.goo.gl/Md3ga3vmwV7aEFdD8;-40.5774102;R$ 47.246,25;nan;nan;nan;nan;nan;nan;JACOBINA;01/02/2025;1088429;Consolidado;N/A
9102085364;B-1149302;RR-CIND-FAZ-NOVA ESPERANCA-RURAL-FRANCA;PIRITIBA;HIAGO;ENERGIZADA;DURVAL;DIORLAN;nan;QLP;09/01/25;09/01/25;13/01/25;2025-9886;2025-9915;nan;nan;nan;1016767/2024;E699118 ao E699133;1;16;16;16;0;100%;nan;19/01/25;04/02/25;04/02/2025;9391;nan;-11,65772311;-40,56267717;R$ 121.035,20;nan;nan;nan;nan;nan;nan;JACOBINA;01/02/2025;1149302;Consolidado;N/A
9102096043;B-1151038;ER-CCOL-FAZ-PINDOBEIRA-RURAL;PIRITIBA;RODRIGO;obra cavada, 6 postes implantados;DURVAL;DIORLAN;nan;QLP;24/01/25;24/01/25;28/01/25;2025-10261;2025-10265;nan;nan;nan;1016768/2024;E699134 ao E699147;1;14;6;nan;14;0%;nan;18/02/25;22/02/25;nan;nan;R033925;https://maps.app.goo.gl/4ityXsYkKnNtCq9f7;-40,7403755;R$ 126.327,14;nan;nan;nan;nan;nan;nan;JACOBINA;01/02/2025;1151038;Consolidado;N/A
9102096050;B-1151534;ER-CIND-FAZ-AVENIDA-RURAL;PIRITIBA;RODRIGO;ENERGIZADA;DURVAL;DIORLAN;nan;QLP;24/01/25;24/01/25;28/01/25;2025-10267;nan;nan;nan;nan;nan;E615932 ao E615939;1;8;8;8;0;100%;nan;24/02/25;27/02/25;18/02/2025;45723;D253580;https://maps.app.goo.gl/21MPWsYoyosVDg3i8;-40,5763531;R$ 44.077,73;nan;nan;nan;nan;nan;nan;JACOBINA;01/02/2025;1151534;Consolidado;N/A
9102153942;B-1177447;ME-COEL-RUA-MANOEL DANTAS-TANQUE NOVO;MAIRI;LUCIANO / ANTÔNIO /EDILSON;DESLIGAMENTO MARCADO PARA SER REALIZADO COM 3 TURMAS;RENATO;MANOEL GUSTAVO;nan;RECLAMAÇÃO;23/01/25;23/01/25;29/01/25;nan;2025-7218;2025-17401;28/02/25;APROVADA;nan;E601293;0;1;1;1;0;100%;nan;01/02/25;28/02/25;nan;nan;nan;-11.71255095;/;R$ 111.820,29;nan;;nan;nan;nan;nan;JACOBINA;01/02/2025;1177447;Consolidado;N/A
9102021683;B-1128957;RC-SEIN-POV-DAS PEDRAS-PEDRAS;CAMPO FORMOSO;ANTONIO;FALTA LINHA VIVA;nan;HIAGO SANTANA;nan;REPUTACIONAL;23/12/24;23/12/24;30/01/25;2025-11294;nan;nan;nan;nan;nan;E615806 AO E615807;0;2;nan;nan;2;0%;nan;15/02/25;19/02/25;nan;nan;Q025689;-10.1878574;-40.886776;R$ 23.724,88;nan;SIM;nan;nan;Dependende 2 postes 14/600;Intercalar dois postes de14 metros com LV, devido pavimentação da estrada rede ficou baixa. Avaliar;JACOBINA;01/02/2025;1128957;Consolidado;N/A
nan;nan;nan;nan;nan;nan;nan;nan;nan;nan;nan;nan;nan;nan;nan;nan;nan;nan;nan;nan;nan;nan;nan;nan;0;0%;nan;nan;nan;nan;nan;nan;nan;nan;nan;nan;nan;nan;nan;nan;nan;JACOBINA;01/02/2025;0000000;Descartado;Projeto Vazio/Inválido
nan;nan;nan;nan;nan;nan;nan;nan;nan;nan;nan;nan;nan;nan;nan;nan;nan;nan;nan;nan;nan;nan;nan;nan;0;0%;nan;nan;nan;nan;nan;nan;nan;nan;nan;nan;nan;nan;nan;nan;nan;JACOBINA;01/02/2025;0000000;Descartado;Projeto Vazio/Inválido
nan;nan;nan;nan;nan;nan;nan;nan;nan;nan;nan;nan;nan;nan;nan;nan;nan;nan;nan;nan;nan;nan;nan;nan;0;0%;nan;nan;nan;nan;nan;nan;nan;nan;nan;nan;nan;nan;nan;nan;nan;JACOBINA;01/02/2025;0000000;Descartado;Projeto Vazio/Inválido
nan;nan;nan;nan;nan;nan;nan;nan;nan;nan;nan;nan;nan;nan;nan;nan;nan;nan;nan;nan;nan;nan;nan;nan;0;0%;nan;nan;nan;nan;nan;nan;nan;nan;nan;nan;nan;nan;nan;nan;nan;JACOBINA;01/02/2025;0000000;Descartado;Projeto Vazio/Inválido
nan;nan;nan;nan;nan;nan;nan;nan;nan;nan;nan;nan;nan;nan;nan;nan;nan;nan;nan;nan;nan;nan;nan;nan;0;0%;nan;nan;nan;nan;nan;nan;nan;nan;nan;nan;nan;nan;nan;nan;nan;JACOBINA;01/02/2025;0000000;Descartado;Projeto Vazio/Inválido
nan;nan;nan;nan;nan;nan;nan;nan;nan;nan;nan;nan;nan;nan;nan;nan;nan;nan;nan;nan;nan;nan;nan;nan;0;0%;nan;nan;nan;nan;nan;nan;nan;nan;nan;nan;nan;nan;nan;nan;nan;JACOBINA;01/02/2025;0000000;Descartado;Projeto Vazio/Inválido
nan;nan;nan;nan;nan;nan;nan;nan;nan;nan;nan;nan;nan;nan;nan;nan;nan;nan;nan;nan;nan;nan;nan;nan;0;0%;nan;nan;nan;nan;nan;nan;nan;nan;nan;nan;nan;nan;nan;nan;nan;JACOBINA;01/02/2025;0000000;Descartado;Projeto Vazio/Inválido
nan;nan;nan;nan;nan;nan;nan;nan;nan;nan;nan;nan;nan;nan;nan;nan;nan;nan;nan;nan;nan;nan;nan;nan;0;0%;nan;nan;nan;nan;nan;nan;nan;nan;nan;nan;nan;nan;nan;nan;nan;JACOBINA;01/02/2025;0000000;Descartado;Projeto Vazio/Inválido
nan;nan;nan;nan;nan;nan;nan;nan;nan;nan;nan;nan;nan;nan;nan;nan;nan;nan;nan;nan;nan;nan;nan;nan;0;0%;nan;nan;nan;nan;nan;nan;nan;nan;nan;nan;nan;nan;nan;nan;nan;JACOBINA;01/02/2025;0000000;Descartado;Projeto Vazio/Inválido
nan;nan;nan;nan;nan;nan;nan;nan;nan;nan;nan;nan;nan;nan;nan;nan;nan;nan;nan;nan;nan;nan;nan;nan;0;0%;nan;nan;nan;nan;nan;nan;nan;nan;nan;nan;nan;nan;nan;nan;nan;JACOBINA;01/02/2025;0000000;Descartado;Projeto Vazio/Inválido
nan;nan;nan;nan;nan;nan;nan;nan;nan;nan;nan;nan;nan;nan;nan;nan;nan;nan;nan;nan;nan;nan;nan;nan;0;0%;nan;nan;nan;nan;nan;nan;nan;nan;nan;nan;nan;nan;nan;nan;nan;JACOBINA;01/02/2025;0000000;Descartado;Projeto Vazio/Inválido
nan;nan;nan;nan;nan;nan;nan;nan;nan;nan;nan;nan;nan;nan;nan;nan;nan;nan;nan;nan;nan;nan;nan;nan;0;0%;nan;nan;nan;nan;nan;nan;nan;nan;nan;nan;nan;nan;nan;nan;nan;JACOBINA;01/02/2025;0000000;Descartado;Projeto Vazio/Inválido
nan;nan;nan;nan;nan;nan;nan;nan;nan;nan;nan;nan;nan;nan;nan;nan;nan;nan;nan;nan;nan;nan;nan;nan;0;0%;nan;nan;nan;nan;nan;nan;nan;nan;nan;nan;nan;nan;nan;nan;nan;JACOBINA;01/02/2025;0000000;Descartado;Projeto Vazio/Inválido
nan;nan;nan;nan;nan;nan;nan;nan;nan;nan;nan;nan;nan;nan;nan;nan;nan;nan;nan;nan;nan;nan;nan;nan;0;0%;nan;nan;nan;nan;nan;nan;nan;nan;nan;nan;nan;nan;nan;nan;nan;JACOBINA;01/02/2025;0000000;Descartado;Projeto Vazio/Inválido
nan;nan;nan;nan;nan;nan;nan;nan;nan;nan;nan;nan;nan;nan;nan;nan;nan;nan;nan;nan;nan;nan;nan;nan;0;0%;nan;nan;nan;nan;nan;nan;nan;nan;nan;nan;nan;nan;nan;nan;nan;JACOBINA;01/02/2025;0000000;Descartado;Projeto Vazio/Inválido
nan;nan;nan;nan;nan;nan;nan;nan;nan;nan;nan;nan;nan;nan;nan;nan;nan;nan;nan;nan;nan;nan;nan;nan;0;0%;nan;nan;nan;nan;nan;nan;nan;nan;nan;nan;nan;nan;nan;nan;nan;JACOBINA;01/02/2025;0000000;Descartado;Projeto Vazio/Inválido
nan;nan;nan;nan;nan;nan;nan;nan;nan;nan;nan;nan;nan;nan;nan;nan;nan;nan;nan;nan;nan;nan;nan;nan;0;0%;nan;nan;nan;nan;nan;nan;nan;nan;nan;nan;nan;nan;nan;nan;nan;JACOBINA;01/02/2025;0000000;Descartado;Projeto Vazio/Inválido
nan;nan;nan;nan;nan;nan;nan;nan;nan;nan;nan;nan;nan;nan;nan;nan;nan;nan;nan;nan;nan;nan;nan;nan;0;0%;nan;nan;nan;nan;nan;nan;nan;nan;nan;nan;nan;nan;nan;nan;nan;JACOBINA;01/02/2025;0000000;Descartado;Projeto Vazio/Inválido
nan;nan;nan;nan;nan;nan;nan;nan;nan;nan;nan;nan;nan;nan;nan;nan;nan;nan;nan;nan;nan;nan;nan;nan;0;0%;nan;nan;nan;nan;nan;nan;nan;nan;nan;nan;nan;nan;nan;nan;nan;JACOBINA;01/02/2025;0000000;Descartado;Projeto Vazio/Inválido
nan;nan;nan;nan;nan;nan;nan;nan;nan;nan;nan;nan;nan;nan;nan;nan;nan;nan;nan;nan;nan;nan;nan;nan;0;0%;nan;nan;nan;nan;nan;nan;nan;nan;nan;nan;nan;nan;nan;nan;nan;JACOBINA;01/02/2025;0000000;Descartado;Projeto Vazio/Inválido
nan;nan;nan;nan;nan;nan;nan;nan;nan;nan;nan;nan;nan;nan;nan;nan;nan;nan;nan;nan;nan;nan;nan;nan;0;0%;nan;nan;nan;nan;nan;nan;nan;nan;nan;nan;nan;nan;nan;nan;nan;JACOBINA;01/02/2025;0000000;Descartado;Projeto Vazio/Inválido
nan;nan;nan;nan;nan;nan;nan;nan;nan;nan;nan;nan;nan;nan;nan;nan;nan;nan;nan;nan;nan;nan;nan;nan;0;0%;nan;nan;nan;nan;nan;nan;nan;nan;nan;nan;nan;nan;nan;nan;nan;JACOBINA;01/02/2025;0000000;Descartado;Projeto Vazio/Inválido
nan;nan;nan;nan;nan;nan;nan;nan;nan;nan;nan;nan;nan;nan;nan;nan;nan;nan;nan;nan;nan;nan;nan;nan;0;0%;nan;nan;nan;nan;nan;nan;nan;nan;nan;nan;nan;nan;nan;nan;nan;JACOBINA;01/02/2025;0000000;Descartado;Projeto Vazio/Inválido
nan;nan;nan;nan;nan;nan;nan;nan;nan;nan;nan;nan;nan;nan;nan;nan;nan;nan;nan;nan;nan;nan;nan;nan;0;0%;nan;nan;nan;nan;nan;nan;nan;nan;nan;nan;nan;nan;nan;nan;nan;JACOBINA;01/02/2025;0000000;Descartado;Projeto Vazio/Inválido
nan;nan;nan;nan;nan;nan;nan;nan;nan;nan;nan;nan;nan;nan;nan;nan;nan;nan;nan;nan;nan;nan;nan;nan;0;0%;nan;nan;nan;nan;nan;nan;nan;nan;nan;nan;nan;nan;nan;nan;nan;JACOBINA;01/02/2025;0000000;Descartado;Projeto Vazio/Inválido
nan;nan;nan;nan;nan;nan;nan;nan;nan;nan;nan;nan;nan;nan;nan;nan;nan;nan;nan;nan;nan;nan;nan;nan;0;0%;nan;nan;nan;nan;nan;nan;nan;nan;nan;nan;nan;nan;nan;nan;nan;JACOBINA;01/02/2025;0000000;Descartado;Projeto Vazio/Inválido
nan;nan;nan;nan;nan;nan;nan;nan;nan;nan;nan;nan;nan;nan;nan;nan;nan;nan;nan;nan;nan;nan;nan;nan;0;0%;nan;nan;nan;nan;nan;nan;nan;nan;nan;nan;nan;nan;nan;nan;nan;JACOBINA;01/02/2025;0000000;Descartado;Projeto Vazio/Inválido
nan;nan;nan;nan;nan;nan;nan;nan;nan;nan;nan;nan;nan;nan;nan;nan;nan;nan;nan;nan;nan;nan;nan;nan;0;0%;nan;nan;nan;nan;nan;nan;nan;nan;nan;nan;nan;nan;nan;nan;nan;JACOBINA;01/02/2025;0000000;Descartado;Projeto Vazio/Inválido
nan;nan;nan;nan;nan;nan;nan;nan;nan;nan;nan;nan;nan;nan;nan;nan;nan;nan;nan;nan;nan;nan;nan;nan;0;0%;nan;nan;nan;nan;nan;nan;nan;nan;nan;nan;nan;nan;nan;nan;nan;JACOBINA;01/02/2025;0000000;Descartado;Projeto Vazio/Inválido
nan;nan;nan;nan;nan;nan;nan;nan;nan;nan;nan;nan;nan;nan;nan;nan;nan;nan;nan;nan;nan;nan;nan;nan;0;0%;nan;nan;nan;nan;nan;nan;nan;nan;nan;nan;nan;nan;nan;nan;nan;JACOBINA;01/02/2025;0000000;Descartado;Projeto Vazio/Inválido
QTD. OBRAS;23;nan;nan;nan;nan;nan;nan;nan;nan;nan;nan;nan;nan;nan;nan;nan;nan;nan;nan;nan;POSTES;nan;nan;nan;nan;nan;nan;nan;nan;nan;nan;nan;nan;R$ 1.513.765,57;nan;nan;nan;nan;nan;nan;JACOBINA;01/02/2025;0000023;Consolidado;N/A
