NOTA;PROJETO;TÍTULO;MUNICIPIO;STATUS 1;ENCARREGADO;SUPERVISOR;AR COELBA;nan;CRITÉRIO;ANÁLISE PROJETO PRÉ-FECH.;SOLICITAÇÃO DE RESERVA;DATA SAQUE MATERIAIS;PES LV;PES ENCABEÇ. BT / ENERG.;PES PD;DATA PD;STATUS PES PD;SI PG;PG's;CLIET.;PSTP;CAVA REALIZADA;PST EXEC;Á REALIZAR;AVNR;AVANÇO;INCIO;PV. FIM;ENERGIZAÇÃO;REFERENCIA;LATITUDE;LONGITUDE;V. PROJETO;PROVAVEL ROCHA;NECESSIDADE DE VISITA;CABO 1X25;CABO 3X35;OBS;AVALIAÇÃO SERVIÇO;COORD;Carteira;PROJETO_FATO;STATUS_AUDITORIA;MOTIVO_DESCARTE
9101077475;B-0823492;MP-CIND-POV PEDRA BRANCA-RURAL;MUNDO NOVO;nan;EDILSON;RENATO;DIORLAN;nan;LPT;03/01/25;03/01/25;10/01/25;2025-7250;2025-7260;nan;nan;nan;nan;E615818 AO E615825;1;8;4;nan;8;nan;nan;08/01/25;21/01/25;nan;nan;-12.007194;nan;R$ 122.973,00;nan;nan;nan;nan;nan;Intercalar poste c LV, solo bom;JACOBINA;01/01/2025;0823492;Consolidado;N/A
9101763912;B-1056397;MP-CIND-FAZ-LAGOA DO FELIPAO-RURAL;PIRITIBA;ANDAMENTO;RODRIGO;DURVAL;DIORLAN;nan;LPT;03/01/25;03/01/25;08/01/25;2025-7271;2025-7282;nan;nan;nan;1016757/2024;E698713 ao E698723;1;10;nan;nan;10;nan;nan;20/01/25;31/01/25;nan;nan;-11.722435;-40.667881;R$ 129.497,91;nan;nan;nan;nan;nan;Montar bancada N3 c LV. Solo bom;JACOBINA;01/01/2025;1056397;Consolidado;N/A
9100996248;B-0801606;LD CIND FAZ LAGOA DA PEDRA RURAL;PIRITIBA;ENERGIZADA;RODRIGO;DURVAL;DIORLAN;nan;JUDICIAL;02/01/25;02/01/25;07/01/25;2025-9578;nan;nan;nan;nan;nan;E615811 AO E615817;1;7;7;7;0;100,00%;nan;20/01/25;25/01/25;25/01/2025;nan;-11.643832;-40.466862;R$ 42.662,80;nan;nan;nan;nan;nan;Intercalar poste c LV, solo bom;JACOBINA;01/01/2025;0801606;Consolidado;N/A
9102099617;B-1152973;ER-CCOL-FAZ-MELANCIAS-RR-OUROLANDIA;OUROLÂNDIA;ENERGIZADA;ELIEZER;ETEMILSON;NAILTON;nan;REPUTACIONAL;02/01/25;02/01/25;07/01/25;2025-7862;2025-7867;nan;nan;nan;1016759/2024;E698747 ao E698798;3;52;52;52;0;100,00%;nan;06/01/25;31/01/25;31/01/2025;nan;-10.891227;-41.1274074;R$ 554.239,65;nan;nan;510,00;nan;nan;Intercalar poste c LC, Pelas fotos do geoex os postes já estao implantados por outra EPS. NECESSIDADE DE VISITAR;JACOBINA;01/01/2025;1152973;Consolidado;N/A
9101899532;B-1073346;LD-CIND-PR.GALDINO VITORIA-RURAL;MUNDO NOVO;nan;LUCIANO;RENATO;DIORLAN;nan;LPT;03/01/25;06/01/25;09/01/25;2025-9929;nan;nan;nan;nan;nan;E615827 E E615827;1;2;nan;nan;2;0%;nan;11/01/25;18/01/25;nan;nan;-12.041839;-40.793877;R$ 27.036,75;nan;nan;nan;nan;nan;Intercalar poste c LV, solo bom;JACOBINA;01/01/2025;1073346;Consolidado;N/A
9101891345;B-1077724;LD CIND POV BAIXINHA RURAL;CAMPO FORMOSO;ENERGIZADA;EUDARIO;ETEMILSON;HIAGO;nan;REPUTACIONAL;23/01/25;23/01/25;25/01/25;2025-9864;2025-11043;nan;nan;nan;nan;E615914 ao E615922;1;9;9;9;0;100,00%;nan;23/01/25;28/01/25;29/01/2025;nan;nan;nan;R$ 82.906,45;nan;nan;nan;nan;nan;Intercalar poste c LV. Muita poda. Cava trado;JACOBINA;01/01/2025;1077724;Consolidado;N/A
9102127550;B-1160910;ER CIND FZ BOA VISTA RURAL;MUNDO NOVO;ENERGIZADA;LUCIANO;RENATO;DIORLAN;nan;QLP;07/01/25;07/01/25;17/01/25;nan;2025-7201;nan;nan;nan;nan;E615830;1;1;1;nan;1;nan;nan;20/01/25;25/01/25;29/01/2025;nan;-11.824869;-40.488726;R$ 23.515,59;nan;nan;235,00;nan;nan;Extensão BT, solo bom;JACOBINA;01/01/2025;1160910;Consolidado;N/A
9101799780;B-1035980;MP- CIND - POV.MANICOBA-RURAL;PIRITIBA;EM  LOCAÇÃO;RODRIGO;DURVAL;DIORLAN;nan;LPT;09/01/25;09/01/25;28/01/25;2025-9948;2025-9969;nan;nan;nan;1016760/2024;E698799 ao E698813;1;15;nan;nan;15;0%;nan;17/01/25;21/01/25;nan;nan;-11.759154;-40.627565;R$ 134.719,83;nan;nan;nan;nan;nan;Intercalar poste c LV, solo bom;JACOBINA;01/01/2025;1035980;Consolidado;N/A
9101868390;B-1065855;LD-CIND-POV VILA NOVA-RURAL PRB;PIRITIBA;ENERGIZADA;RODRIGO;DURVAL;DIORLAN;nan;RECLAMAÇÃO;16/01/25;16/01/25;20/01/25;nan;nan;2025-891;22/01/25;CONCLUÍDO;nan;E615896 ao E615898;1;3;3;3;0;nan;nan;22/01/25;22/01/25;22/01/2024;nan;-11.6044054;-40.7605411;R$ 20.489,85;nan;nan;nan;nan;nan;Desligamento para realocar rede MT e extender poste BT;JACOBINA;01/01/2025;1065855;Consolidado;N/A
9101971076;B-1114605;MP-CIND-POV-MIRANDAS-RURAL;MUNDO NOVO;ENERGIZADA;EDILSON;RENATO;DIORLAN;nan;JUDICIAL;08/01/25;08/01/25;11/01/25;2025-9996;2025-10009;nan;nan;nan;1016762/2024;E698994 ao E699023;1;29;28;29;0;100,00%;nan;21/01/25;31/01/25;31/01/2025;nan;-11.955822;-40.638326;R$ 383.705,16;nan;nan;nan;nan;nan;Transformar estrutura em poste circular c LV. Solo cava c/ trado;JACOBINA;01/01/2025;1114605;Consolidado;N/A
9101894308;B-1077783;LD CIND POV AV.PRINCIPAL JEQUETIBA-RURAL;MUNDO NOVO;nan;ANTONIO;RENATO;DIORLAN;nan;LPT;22/01/25;22/01/25;25/01/25;2025-10053;2025-10061;nan;nan;nan;nan;E615908 AO E615913;1;6;6;nan;6;0%;nan;13/01/25;31/01/25;nan;E084153;-12.0548160;-40.4864220;R$ 79.010,93;nan;nan;nan;nan;nan;Intercalar postes c LV, solo cava c/ trado. Visitar para avaliar necessidade de retro para abrir acesso;JACOBINA;01/01/2025;1077783;Consolidado;N/A
9101853585;B-1056881;ER-CIND-FAZ-TAMANDUA-RURAL;PIRITIBA;RETIRADDA DA CARTEIRA;HIAGO;DURVAL;DIORLAN;nan;LPT;13/01/25;13/01/25;17/01/25;nan;nan;nan;nan;nan;1016763/2024;E699024 ao E699033;1;13;nan;nan;13;0%;nan;24/01/25;31/01/25;nan;nan;-11.7494604;-40.5754853;R$ 50.261,58;nan;nan;150,00;nan;nan;Desligamento p/ substituir postes BT por MT;JACOBINA;01/01/2025;1056881;Consolidado;N/A
9101925582;B-1088429;RR-CIND-FAZ-LAGOA DO CARMO-RURAL-PIRITIB;PIRITIBA;LOCADA;RODRIGO;DURVAL;DIORLAN;nan;LPT;14/01/25;14/01/25;28/01/25;2025-10092;2025-10095;nan;nan;nan;nan;E615855 AO E615861;1;7;nan;nan;7;0%;nan;13/01/25;31/01/25;nan;nan;nan;nan;R$ 47.246,25;nan;nan;nan;nan;nan;nan;JACOBINA;01/01/2025;1088429;Consolidado;N/A
9101321144;B-0924090;ER-CIND-POV CANJERANA-URBANO;MUNDO NOVO;nan;ANTONIO;RENATO;DIORLAN;nan;LPT;24/01/25;24/01/25;28/01/25;2025-10232;2025-10241;nan;nan;nan;nan;E615923 ao E615931;1;9;nan;nan;9;0%;nan;27/01/25;31/01/25;nan;nan;nan;nan;R$ 30.506,54;nan;nan;nan;nan;nan;nan;JACOBINA;01/01/2025;0924090;Consolidado;N/A
9101896738;B-1078521;LD CIND PO AVN PRINCIPAL RURAL;MUNDO NOVO;ENERGIZADA;ANTONIO;RENATO;DIORLAN;nan;REPUTACIONAL;22/01/25;22/01/25;25/01/25;2025-10252;2025-10257;nan;nan;nan;nan;E615899 AO E615907;1;9;9;9;0;100,00%;nan;22/01/25;25/01/25;31/01/2025;E084146;-12.0627200;-40.4844920;R$ 91.747,01;nan;nan;nan;nan;nan;intercalar poste c LV e instalar defensa, solo cava c/ trado;JACOBINA;01/01/2025;1078521;Consolidado;N/A
9101804419;B-1043613;ER-CIND-AV-ORLANDO CARNEIRO LIMA-RURAL;PIRITIBA;ENERGIZADA;RODRIGO;DURVAL;DIORLAN;nan;LPT;13/01/25;13/01/25;15/01/25;2025-5029 - CONJ. LV;nan;2024-154676;16/01/25;CONCLUÍDO;nan;E615854;1;2;2;2;0;100,00%;nan;16/01/25;16/01/25;16/01/2025;nan;-11.7562707653269;-40.7114341948181;R$ 18.764,21;nan;nan;nan;nan;nan;nan;JACOBINA;01/01/2025;1043613;Consolidado;N/A
9101972569;B-1108191;ER-CIND-FAZ-ALTAMIRA-MASSAMBAO;PIRITIBA;ENERGIZADA;RODRIGO;DURVAL;DIORLAN;nan;LPT;02/01/25;02/01/25;07/01/25;2025-5005;2025-6290;2024-154606;14/01/25;CONCLUÍDO;1016764/2024;E699034 ao E699045;1;12;12;12;0;100,00%;nan;06/01/25;17/01/25;17/01/2025;nan;-11.602575;-40.603172;R$ 102.921,89;nan;nan;nan;nan;nan;Intercalar poste e CH c/ LV, solo trado, Poda;JACOBINA;01/01/2025;1108191;Consolidado;N/A
9101982593;B-1114135;RR-CIND-FAZ-CANABRAVA-RURAL;MUNDO NOVO;nan;LUCIANO;RENATO;DIORLAN;nan;LPT;14/01/25;14/01/25;17/01/25;nan;2025-7209;nan;nan;nan;nan;E615863 AO E615870;1;8;nan;nan;8;nan;nan;17/01/25;25/01/25;nan;nan;-11.8304148;-40.3460756;R$ 42.327,88;nan;nan;380,00;nan;nan;Transformar N3 em N4 c LV. Solo bom;JACOBINA;01/01/2025;1114135;Consolidado;N/A
9102038514;B-1130167;ER-CIND-FAZ-DEUS DARA 398 --J-RURAL;MUNDO NOVO;nan;LUCIANO;RENATO;DIORLAN;nan;LPT;14/01/25;14/01/25;17/01/25;nan;2025-7212;nan;nan;nan;1016765/2024;E699046 ao E699055;1;10;nan;nan;10;nan;nan;27/01/25;31/01/25;nan;nan;-11.8322768;-40.4201272;R$ 52.286,75;nan;nan;550,00;nan;nan;Extensão de rede BT;JACOBINA;01/01/2025;1130167;Consolidado;N/A
9102038526;B-1130519;ER-CIND-FAZ-ESTRELA-RURAL;SÃO JOSÉ DO JACUÍPE;ENERGIZADA;ANTONIO;RENATO;MANOEL GUSTAVO;nan;LPT;20/01/25;22/01/25;22/01/25;2025-8619;nan;nan;nan;nan;nan;E615880 AO E615884;1;5;5;5;0;100,00%;nan;22/01/25;25/01/25;24/01/2025;nan;-11.476167;-40.070389;R$ 53.590,96;nan;nan;200,00;nan;nan;Transformar estrutura em poste circular e instalar CH com LV. Necessario retro para escavação;JACOBINA;01/01/2025;1130519;Consolidado;N/A
9102053037;B-1136793;RR-CIND-FAZ-TAMANDUA 500 --E-RURAL;PIRITIBA;ENERGIZADA;HIAGO;DURVAL;DIORLAN;nan;LPT;10/01/25;10/01/25;17/01/25;2025-6662;2025-6673;2024-154746;24/01/25;APROVADA;1016766/2024;E699056 ao E699067;1;16;16;16;0;100,00%;nan;22/01/25;31/01/25;28/01/2025;nan;-11.748487;-40.5868647;R$ 132.380,20;nan;nan;nan;nan;nan;nan;JACOBINA;01/01/2025;1136793;Consolidado;N/A
9102083313;B-1146649;RR-CIND-POV-CALDEIR O GRANDE-RURAL;PIRITIBA;ENERGIZADA;RODRIGO;DURVAL;DIORLAN;nan;RECLAMAÇÃO;16/01/25;16/01/25;20/01/25;2025-7192 - CONJ. PD;nan;2024-154759;21/01/25;CONCLUÍDO;nan;E615877 ao E615879;1;7;7;7;0;100,00%;nan;17/01/25;21/01/25;21/01/2025;nan;-11.74582487;-40.59656942;R$ 61.383,31;nan;nan;nan;nan;nan;nan;JACOBINA;01/01/2025;1146649;Consolidado;N/A
9102085364;B-1149302;RR-CIND-FAZ-NOVA ESPERANCA-RURAL-FRANCA;PIRITIBA;ANDAMENTO;HIAGO;DURVAL;DIORLAN;nan;QLP;09/01/25;09/01/25;13/01/25;2025-9886;2025-9915;nan;nan;nan;1016767/2024;E699118 ao E699133;1;16;16;10;6;63%;nan;22/01/25;28/01/25;nan;nan;-11.65772311;-40.56267717;R$ 121.035,20;nan;nan;nan;nan;nan;nan;JACOBINA;01/01/2025;1149302;Consolidado;N/A
9102096043;B-1151038;ER-CCOL-FAZ-PINDOBEIRA-RURAL;PIRITIBA;EM  LOCAÇÃO;RODRIGO;DURVAL;DIORLAN;nan;QLP;24/01/25;24/01/25;28/01/25;2025-10261;2025-10265;nan;nan;nan;1016768/2024;E699134 ao E699147;1;14;nan;nan;14;0%;nan;17/01/25;30/01/25;nan;nan;nan;nan;R$ 126.327,14;nan;nan;nan;nan;nan;nan;JACOBINA;01/01/2025;1151038;Consolidado;N/A
9102096050;B-1151534;ER-CIND-FAZ-AVENIDA-RURAL;PIRITIBA;EM  LOCAÇÃO;RODRIGO;DURVAL;DIORLAN;nan;QLP;24/01/25;24/01/25;28/01/25;2025-10267;nan;nan;nan;nan;nan;E615932 ao E615939;1;8;nan;nan;8;0%;nan;29/01/25;31/01/25;nan;nan;nan;nan;R$ 44.077,73;nan;nan;nan;nan;nan;nan;JACOBINA;01/01/2025;1151534;Consolidado;N/A
9102100090;B-1151885;ER-CIND-RUA-DA ESTACAO 421-RURAL;MUNDO NOVO;ENERGIZADA;LUCIANO;RENATO;DIORLAN;nan;QLP;03/01/25;03/01/25;08/01/25;OK;nan;nan;nan;nan;nan;E615826;1;1;1;1;0;100,00%;nan;08/01/25;08/01/25;09/01/2025;nan;-11.851930;-40.526401;R$ 15.632,47;nan;nan;nan;nan;nan;Intercalar poste e trafo c/ LV;JACOBINA;01/01/2025;1151885;Consolidado;N/A
9102091405;B-1153459;ER-CIND-FAZ-ESPERANÇA-RURAL;MUNDO NOVO;nan;ANTONIO;RENATO;DIORLAN;nan;QLP;24/01/25;24/01/25;28/01/25;2025-11282;2025-11281;nan;nan;nan;nan;E615940 ao E615948;1;9;nan;nan;9;0%;nan;22/01/25;25/01/25;nan;nan;nan;nan;R$ 76.518,33;nan;nan;120,00;nan;nan;Transformar estrutura em poste circular c LV;JACOBINA;01/01/2025;1153459;Consolidado;N/A
9101762735;B-1020772;ER-CIND-FAZ-ALTAMIRA BOA FE-MASSAMBAO;PIRITIBA;ENERGIZADA;JAILTON;DURVAL;DIORLAN;nan;LPT;15/01/25;15/01/25;17/01/25;2025-6078;2025-7215;nan;nan;nan;nan;E615871 AO E615876;1;6;6;6;0;100,00%;nan;31/01/25;31/01/25;29/01/2025;nan;-11.584449;-40.622985;R$ 15.732,26;nan;nan;nan;nan;nan;nan;JACOBINA;01/01/2025;1020772;Consolidado;N/A
9101818316;B-1061441;MP-CCOL FAZ ALAGADINHO JUNCO-RURAL;JACOBINA;ENERGIZADA;HERMOGENES;DURVAL;NAILTON;nan;LPT;17/12/24;18/12/24;19/12/24;OK;"LM: 2024-153698
ENERG:  2024-153733";nan;nan;nan;1013214/2024;E673676 ao E673715;4;36;36;36;0;100,00%;50,00%;16/12/24;10/01/25;16/01/2025;nan;-11.300160;-40.108677;nan;nan;nan;nan;nan;nan;nan;JACOBINA;01/01/2025;1061441;Consolidado;N/A
9101991355;B-1121769;ER-CIND-POV-BREJAO DA CAATINGA-RURAL;JACOBINA;ENERGIZADA;ELIEZER;ETEMILSON;DIORLAN;nan;SOLICITAÇÃO ATENDIMENTO;20/12/24;20/12/24;23/12/24;"2024-141262
2024-153016
2024-153367";nan;"2024-151128
2024-154615
2025-5557
MANOBRA";23/01/25;CONCLUÍDO;nan;E615794 AO E615797;0;4;4;4;0;100,00%;100,00%;20/12/24;15/01/25;23/01/2025;R022700;-10.991472;-40.730930;R$ 55.406,76;nan;SIM;nan;nan;Reprogramado desligamento e manobra para 15/01/2025;nan;JACOBINA;01/01/2025;1121769;Consolidado;N/A
9102021683;B-1128957;RC-SEIN-POV-DAS PEDRAS-PEDRAS;CAMPO FORMOSO;EM ANDAMENTO - MIGRADA DEZ/24;JAILTON;nan;HIAGO SANTANA;nan;REPUTACIONAL;23/12/24;23/12/24;30/01/25;2025-11294;nan;nan;nan;nan;nan;E615806 AO E615807;0;2;nan;nan;2;0%;nan;10/12/24;31/01/25;nan;Q025689;-10.1878574;-40.886776;R$ 23.724,88;nan;SIM;nan;nan;Dependende 2 postes 14/600;Intercalar dois postes de14 metros com LV, devido pavimentação da estrada rede ficou baixa. Avaliar;JACOBINA;01/01/2025;1128957;Consolidado;N/A
9102026638;B-1128398;ER-CIND-POV-REPRESA-RURAL;PONTO NOVO;ENERGIZADA;EDILSON;DURVAL;LUDIMILA;nan;PRIORIDADE PLANO ANEEL;16/12/24;16/12/24;18/12/24;nan;nan;"2024-145318
2024-153122";"23/12/24
10/01/25";CONCLUÍDO;nan;E615834;1;1;1;1;0;100,00%;100,00%;26/11/24;10/01/25;10/01/2025;nan;-11.0067062;-40.0986349;R$ 44.621,93;nan;nan;nan;nan;Desligamento reprogramado p/ 10/01/25;nan;JACOBINA;01/01/2025;1128398;Consolidado;N/A
9102085632;B-1146336;RR-CIND-POV-CURRALINHO-RURAL;CAMPO FORMOSO;EM ANDAMENTO - MIGRADA NOV/24;JAILTON;ETEMILSON;HIAGO;nan;REPUTACIONAL;11/11/24;11/11/24;12/11/24;2024-131589;2025-3334;nan;nan;nan;1012146/2024;E669427 ao E669438;nan;12;16;nan;12;0,00%;100,00%;22/11/24;24/01/25;nan;E238073;-10.235994;-40.605536;R$ 122.883,92;nan;nan;190,00;nan;nan;Transformar N3/N4;JACOBINA;01/01/2025;1146336;Consolidado;N/A
9101827448;B-1062228;MP CIND POV MARGEM DO RIO JACUIPE;SÃO JOSÉ DO JACUÍPE;ENERGIZADA;LUCIANO;RENATO;MANOEL GUSTAVO;nan;REPUTACIONAL;18/11/24;18/11/24;20/11/24;2024-137923;2025-4193;nan;nan;nan;1012260/2024;E669542 ao E669559;2;18;18;18;0;100,00%;100,00%;28/11/24;13/01/25;14/01/2025;nan;-11.482923;-39.870665;R$ 231.078,48;nan;nan;nan;nan;Pendente detonação , 5 cava perfurada;nan;JACOBINA;01/01/2025;1062228;Consolidado;N/A
9102083176;B-1145254;ER-CIND-POV-LAGEDO RASO-RURAL;CAMPO FORMOSO;EM ANDAMENTO - MIGRADA NOV/24;nan;ETEMILSON;HIAGO;nan;DIA C;19/11/24;20/11/24;29/01/25;nan;2025-12194;nan;nan;nan;nan;E615891 ao E615895;1;6;4;nan;6;0,00%;100,00%;30/11/24;25/01/25;nan;nan;-10.4469726;-40.5390414;R$ 29.446,95;nan;nan;nan;nan;Pendente detonação , 4 cava perfurada;nan;JACOBINA;01/01/2025;1145254;Consolidado;N/A
9102108609;B-1159520;UB-CIND-RUA-MANDACARU-TIQUARA;CAMPO FORMOSO;EM ANDAMENTO - MIGRADA DEZ/24;JAILTON;ETEMILSON;RAMON;nan;PRIORIDADE PLANO ANEEL;29/11/24;29/11/24;29/01/25;nan;2024-147371;nan;nan;nan;1014089/2024;E682280 AO E682286;14;7;nan;nan;7;0%;100,00%;26/12/24;27/01/25;nan;D397270;-10.462156;-40.5457041;R$ 34.592,90;nan;nan;185,00;nan;Pendente detonação 7 cavas, cavas perfuradas;Extensão 7 BT cabo 1x25 (185mts). Tiquara, cava em rocha;JACOBINA;01/01/2025;1159520;Consolidado;N/A
9102097290;B-1156065;ER-CIND-POV-CAMPO FRIO-RURAL;CAMPO FORMOSO;ENERGIZADA;JAILTON;ETEMILSON;RAMON;nan;PRIORIDADE PLANO ANEEL;03/12/24;03/12/24;09/12/24;nan;2025-2453;nan;nan;nan;1014092/2024;E682287 AO E682296;1;10;10;10;0;100,00%;100,00%;20/12/24;06/01/25;07/01/2025;E469842;-10.4915745;-40.4624086;R$ 51.918,21;nan;SIM;360,00;nan;Todos os postes implantados, pendente material cabo BT;Extensão 10 BT cabo 1x25 (185mts). Entre Poços e Tiquara, avaliar terreno;JACOBINA;01/01/2025;1156065;Consolidado;N/A
9102081216;B-1146061;ER-CIND-SI-GENIO-RURAL;CAMPO FORMOSO;EM ANDAMENTO - MIGRADA DEZ/24;MARIO;ETEMILSON;HIAGO SANTANA - U470061;nan;PRIORIDADE PLANO ANEEL;16/12/24;06/12/24;15/01/24;2024-151734;nan;nan;nan;nan;nan;E601299 AO E601303;1;5;nan;nan;5;0%;100,00%;17/12/24;15/01/25;nan;E427776;-10.2327054;-40.5009006;R$ 50.535,86;nan;nan;485,00;nan;Alterou projeto para 5 postes, pendente perfuração e detonação;Extensão 8 BT cabo 1x25 (485mts). Cava em rocha;JACOBINA;01/01/2025;1146061;Consolidado;N/A
9102082443;B-1148765;ER-CIND-POV-LAGOA DO PORCO-L DO PORCO;CAMPO FORMOSO;ENERGIZADA;RODRIGO;ETEMILSON;HIAGO SANTANA - U470061;nan;PRIORIDADE PLANO ANEEL;23/12/24;23/12/24;26/12/24;nan;2025-3364;nan;nan;nan;nan;E601307 e E601308;1;2;2;2;0;100,00%;100,00%;16/12/24;20/01/25;09/01/2025;Q063947;-10.3374227;-40.6163507;R$ 14.591,03;nan;nan;110,00;nan;Pendente perfuração e detonação de 2 cavas;Extensão 2 BT cabo 1x25 (110mts), Lagoa do Porco, cava retro;JACOBINA;01/01/2025;1148765;Consolidado;N/A
9102085350;B-1149080;ER-CIND-RUA-DA CAIXA DAGUA-B DA CAATINGA;CAMPO FORMOSO;ENERGIZADA;JAILTON;ETEMILSON;HIAGO SANTANA - U470061;nan;PRIORIDADE PLANO ANEEL;02/12/24;02/12/24;04/12/24;nan;2025-3315;nan;nan;nan;nan;E601261;1;1;1;1;0;100,00%;100,00%;13/12/24;10/01/25;09/01/2024;B196599;-10.4420439;-40.8389634;R$ 9.729,12;nan;nan;nan;45;Pendente detonação, cava já perfurada;Extensão 1 BT cabo 3x35 (45mts), Brejao da Caatinga, CAVA em rocha;JACOBINA;01/01/2025;1149080;Consolidado;N/A
nan;B-1153564;ER-CIND-SI-GENIO 500-RURAL;CAMPO FORMOSO;EM ANDAMENTO - MIGRADA DEZ/24;MARIO;ETEMILSON;HIAGO SANTANA - U470061;nan;PRIORIDADE PLANO ANEEL;20/12/24;06/12/24;09/12/24;nan;2024-151665;nan;nan;nan;nan;"E601323 ao E601325
E615810";1;4;nan;nan;4;0%;100,00%;20/12/24;17/01/25;nan;B182570;-10.2727445;-40.4822468;R$ 17.629,47;nan;nan;185,00;nan;Pendente perfuração e detonação de 4 cavas;Extensão 3 BT cabo 1x25 (185mts), Cava em rocha retro];JACOBINA;01/01/2025;1153564;Consolidado;N/A
9102103254;B-1156370;ER-CIND-POV-TIQUIRA 6-RURAL;CAMPO FORMOSO;ENERGIZADA;JAILTON;nan;RAMON;nan;REPUTACIONAL;23/12/24;23/12/24;26/12/24;2025-11295;2025-11296;nan;nan;nan;1014098/2024;E682306 AO E682322;2;17;3;16;1;94,12%;100,00%;09/12/24;27/01/25;31/01/2025;E225972;-10.4439717;-40.5773901;R$ 154.847,52;nan;nan;410,00;nan;Pendente perfuração e detonação de 17 cavas;Transformar N3 em N4;JACOBINA;01/01/2025;1156370;Consolidado;N/A
9102108079;B-1157858;ER-CIND-POV-LAGEDO RASO-TIQUARA;CAMPO FORMOSO;ENERGIZADA;MARIO;ETEMILSON;RAMON;nan;REPUTACIONAL;23/12/24;23/12/24;29/01/25;nan;2025-11689;nan;nan;nan;nan;E615803 AO E615805;1;3;3;3;0;100,00%;100,00%;10/12/24;27/01/25;31/01/2025;E477032;-10.4249413;-40.5391468;R$ 19.021,39;nan;nan;180,00;nan;Pendente perfuração e detonação de 3 cavas;Extensão 3 BT cabo 1x25 (180mts), Cava em rocha retro. Projetado poste de fibra 1 poste. Avaliar;JACOBINA;01/01/2025;1157858;Consolidado;N/A
9101915825;B-1087344;AC-CIND-FAZ-NOVA PAZ 02-RURAL;BAIXA GRANDE;ENERGIZADA;EDILSON;DURVAL;MANOEL GUSTAVO;nan;JUDICIAL;29/11/24;29/11/24;02/12/24;2024-150987;2024-153625;nan;nan;nan;nan;E669453 ao E669459;1;7;7;7;0;100,00%;100,00%;02/12/24;07/01/25;08/01/2025;P369429;-12.038977;-39.973915;R$ 39.634,02;nan;nan;nan;100;Em detonação de repasse de 3 cavas;Intercalar poste c LV e extender rede MT e BT cabo 3x35 (100mts), Entre Baixa Grande e Ipirá;JACOBINA;01/01/2025;1087344;Consolidado;N/A
9101829285;B-1081404;MP-CCOL POV MARGEM DO RIO JACUIPE RURAL;SÃO JOSÉ DO JACUÍPE;ENERGIZADA;ANTONIO;RENATO;GUSTAVO;nan;LPT;09/12/24;09/12/24;11/12/24;"2025-9321
2025-9746";"LM: 2024-153648
ENERG:  2025-10556";nan;nan;nan;1014103/2024;E682353 AO E682411;3;30;30;30;0;100,00%;100,00%;13/12/24;24/01/25;28/01/2025;D242920;-11.440416;-39.897179;R$ 422.701,81;nan;nan;150,00;nan;Pendente perfuração e detonação de 15 cavas;Intercalar dois postes com LV, Sendo um c trafo para atender cliente e o outro para derivar a rede. Terreno rochoso, 80% cava em rocha com explosivo. Tres postes BT para atender cliente 20 e restante da obra MT MT;JACOBINA;01/01/2025;1081404;Consolidado;N/A
9102055259;B-1138569;ER-CIND-POV-TANQUE NOVO-RURAL;CAMPO FORMOSO;EM ANDAMENTO - MIGRADA DEZ/24;JAILTON;nan;HIAGO SANTANA - U470061;nan;DIA C SIPEL JACOBINA;10/12/24;10/12/24;30/01/25;2025-11297;nan;nan;nan;nan;nan;E601282;nan;1;1;nan;1;0%;nan;14/12/24;28/01/25;nan;nan;-10.5672906;-40.477524;nan;nan;nan;nan;nan;Pendente detonação , cava perfurada;nan;JACOBINA;01/01/2025;1138569;Consolidado;N/A
9102133516;B-1160515;ER-CIND-POV-BREJAO DA CAATINGA-RURAL;CAMPO FORMOSO;ENERGIZADA;MARIO;ETEMILSON;RAMON SANTOS - U464714;nan;DIA C SIPEL JACOBINA;18/12/24;18/12/24;29/01/25;nan;2025-11504;nan;nan;nan;nan;E601310;nan;1;nan;nan;1;0,00%;100,00%;23/01/25;30/01/25;31/01/2025;nan;-10.4378655;-40.8402098;nan;nan;nan;nan;nan;Pendente perfuração e detonação de 1 cava;nan;JACOBINA;01/01/2025;1160515;Consolidado;N/A
9102130549;B-1160749;ER-CIND-RCL-RUA-DO SUMIDOURO-CENTRO;CAMPO FORMOSO;ENERGIZADA;EUDARIO;ETEMILSON;HIAGO SANTANA - U470061;nan;PRIORIDADE PLANO ANEEL;19/12/24;19/12/24;20/12/24;2025-9269;2025-11494;nan;nan;nan;nan;E615777 ao E615784;2;8;6;5;3;62,50%;100,00%;16/12/24;20/01/25;31/01/2025;R025541;-10.5917029;-40.9342058;R$ 74.801,03;nan;nan;380,00;nan;Não iniada;Intercalar poste com trafo com a LV e extender rede BT 7 postes (380mtrs). Trado;JACOBINA;01/01/2025;1160749;Consolidado;N/A
9102099150;B-1151265;ER CIND FAZ BAIXA DA MINA RURAL;CAMPO FORMOSO;EM ANDAMENTO - MIGRADA DEZ/25;WAGNER;ETEMILSON;HIAGO SANTANA - U470061;nan;PRIORIDADE PLANO ANEEL;23/12/24;23/12/24;26/12/24;nan;2024-150146;nan;nan;nan;nan;E615799 AO E615802;1;4;nan;nan;4;0%;100,00%;11/12/24;20/01/25;nan;D574604;-10.2691168;-40.6424555;R$ 24.119,08;nan;nan;235,00;nan;Não iniada;Extensão 4 BT cabo 1x25 (235mts), depois do povoado Panela, solo cava em rocha;JACOBINA;01/01/2025;1151265;Consolidado;N/A
9102092311;B-1151807;ER-CIND-POV-VARGEM DO SAL-VARGEM DO SAL;CAMPO FORMOSO;LPT;EUDARIO;ETEMILSON;RAMON - U464714;nan;PRIORIDADE PLANO ANEEL;19/12/24;19/12/24;21/12/24;2024-151786;nan;nan;nan;nan;nan;E615785 ao E615789;1;5;nan;nan;5;0%;100,00%;21/01/25;27/01/25;nan;E237974;-10.4096905;-40.6827986;R$ 50.830,09;nan;nan;240,00;nan;Pendente perfuração e detonação de 5 cavas;Instalar trafo no PG E237874, extensão 5 postes BT cabo 1x25 (235mts), Vargem do Sal, 100% detonada;JACOBINA;01/01/2025;1151807;Consolidado;N/A
9101727668;B-1007792;nan;CAMPO FORMOSO;RETIRADA CARTEIRA  (SIPEL) - 07/01/25;JAILTON;ETEMILSON;HIAGO SANTANA - U470061;nan;DIA C SIPEL JACOBINA;10/12/24;10/12/24;12/12/24;2024-148343;nan;nan;nan;nan;nan;E601279 ao E601281;nan;3;nan;nan;3;0%;100,00%;14/12/24;14/12/24;nan;nan;-9.9648812;-40.5897338;nan;nan;nan;nan;nan;Não iniada;nan;JACOBINA;01/01/2025;1007792;Consolidado;N/A
9101691568;B-1044483;MP-CCOL-POV.CACIMBINHA-RURAL;CAMPO FORMOSO;SIPEL BONFIM;SIPEL BONFIM;SIPEL BONFIM;nan;nan;REPUTACIONAL;nan;nan;nan;nan;nan;nan;nan;nan;1014112/2024;E682438 AO E682767;38;324;nan;nan;324;0%;100,00%;05/12/24;31/01/25;nan;D010745;-9.9124989;-40.6843068;R$ 3.518.237,37;nan;nan;nan;nan;nan;nan;JACOBINA;01/01/2025;1044483;Consolidado;N/A
9102122531;B-1160634;RC-CIND-POV-LIMOEIRO-RURAL;CAMPO FORMOSO;SIPEL BONFIM;SIPEL BONFIM;SIPEL BONFIM;nan;nan;REPUTACIONAL;05/12/24;05/12/24;06/12/24;OK;nan;"2024-144408
MANOBRA";13/12/24;CONCLUÍDO;1014121/2024;E682935 AO  E682990;nan;56;10;10;46;18%;100,00%;05/12/24;31/01/25;nan;nan;-10.5203873;-40.3286489;R$ 613.384,87;nan;nan;nan;nan;nan;nan;JACOBINA;01/01/2025;1160634;Consolidado;N/A
9101290252;B-0914747;RU-CCOL-FAZ GENIO-RURAL-CRB;CAMPO FORMOSO;SIPEL BONFIM;SIPEL BONFIM;SIPEL BONFIM;nan;nan;JUDICIAL;26/12/24;27/12/24;DEFINIR;OK;CRIAR;nan;nan;nan;1014115/2024;E682787 AO  E682882;13;96;nan;nan;96;0%;100,00%;16/12/24;31/01/25;nan;D922297;-10.2468485;-40.5458005;R$ 660.273,67;nan;nan;nan;nan;nan;nan;JACOBINA;01/01/2025;0914747;Consolidado;N/A
9100822013;B-0727794;ER-CIND-POV PORTO FELIZ-RURAL;PIRITIBA;CANCELADA. CLIENTE JÁ ATENDIDO;ALEX SANDRO;DURVAL;nan;nan;LPT;nan;nan;nan;nan;nan;CRIAR;07/02/25;CRIAR;nan;1;1;3;nan;nan;3;nan;nan;nan;nan;nan;nan;-11.759143;-40.712766;R$ 38.146,21;nan;nan;nan;nan;nan;nan;JACOBINA;01/01/2025;0727794;Consolidado;N/A
9101802699;B-1033477;ER-CIND-POV-LAGOA DA ON A-RURAL;PIRITIBA;CANCELADA. ATENDIDO PELO PARECER 023.;nan;DURVAL;nan;nan;LPT;nan;nan;nan;nan;nan;nan;nan;nan;nan;2;0;2;nan;nan;2;nan;nan;nan;nan;nan;nan;nan;nan;R$ 12.365,73;nan;nan;115,00;nan;nan;Intercalar 2 postes c LV;JACOBINA;01/01/2025;1033477;Consolidado;N/A
nan;B-1139336;RR-CIND-POV-AVN PRINCIPAL-JEQUITIBA MOD;MUNDO NOVO;SUBST. PELA OBRA B-1077783;JAILTON;RENATO;nan;nan;REPUTACIONAL;nan;nan;nan;nan;nan;nan;nan;nan;nan;nan;2;22;nan;nan;22;nan;nan;09/01/25;21/01/25;nan;nan;nan;nan;R$ 152.631,18;nan;nan;nan;nan;nan;nan;JACOBINA;01/01/2025;1139336;Consolidado;N/A
9102057077;B-1138085;ER-CIND-SI-GENIO 1000-Z-RURAL;CAMPO FORMOSO;SIPEL BONFIM;JOSE SILVA;ETEMILSON;HIAGO;nan;PRIORIDADE PLANO ANEEL;12/11/24;12/11/24;13/11/24;2024-134208;nan;nan;nan;nan;1012174/2024;E669469 ao E669475;nan;8;2;nan;8;0,00%;100,00%;18/11/24;nan;nan;D922638;-10.314319;-40.485305;R$ 51.250,03;nan;nan;350,00;nan;Pendente perfuração e detonação de 8 cavas;Extenão BT cabo 1x25 (350mt) e intercalar poste MT em rede para fazer uma travessia;JACOBINA;01/01/2025;1138085;Consolidado;N/A
9102124526;B-1158654;ER-CIND-POV-FOLHA LARGA-RURAL;CAMPO FORMOSO;SIPEL BONFIM;JOSE SILVA;ETEMILSON;HIAGO SANTANA - U470061;nan;JUDICIAL;19/12/24;19/12/24;20/12/24;2024-151699;nan;nan;nan;nan;nan;E601317 ao E601322;1;6;nan;nan;6;0%;100,00%;17/12/24;30/12/24;nan;D922370;-10.2828275;-40.5142564;R$ 51.851,40;nan;nan;290,00;nan;Pendente perfuração e detonação de 6 cavas;Intercalar poste com trafo com a LV e extender rede BT 5 postes (290mtrs). Cava em rocha retro;JACOBINA;01/01/2025;1158654;Consolidado;N/A
nan;nan;nan;nan;nan;nan;nan;nan;nan;nan;nan;nan;nan;nan;nan;nan;nan;nan;nan;nan;nan;nan;nan;nan;nan;nan;nan;nan;nan;nan;nan;nan;nan;nan;nan;nan;nan;nan;nan;nan;JACOBINA;01/01/2025;;Descartado;Projeto Vazio ou sem sufixo '-' (Filtro PQ Janeiro)
