NOTA;PROJETO;TÍTULO;MUNICIPIO;STATUS 1;ENCARREGADO;SUPERVISOR;AR COELBA;PLANO;CRITÉRIO;ANÁLISE PROJETO PRÉ-FECH.;SOLICITAÇÃO DE RESERVA;DATA SAQUE MATERIAIS;PES LV;PES ENCAB. BT / ENERG.;PES PD;DATA PD;STATUS PES PD;SI PG;PG's;CLIET.;PSTP;CAVA REALIZADA;PST EXEC;Á REALIZAR;AVANÇO;AVNR;INCIO;PV. FIM;ENERGIZAÇÃO;OC. ENERG.;REFERENCIA;LATITUDE;LONGITUDE;V. PROJETO;VALOR SERVIÇO;SERV. X % AVNP;Ticket Médio;% Vlr Serv x Vlr Projeto;PROVAVEL ROCHA;CABO 1X25;CABO 3X35;OBS;AVALIAÇÃO SERVIÇO;DIAS PREVISTOS;COORD;Carteira;PROJETO_FATO;STATUS_AUDITORIA;MOTIVO_DESCARTE
9102130568;B-1174903;AL-COEL-03-CAPIM GROSSO II -CONSTR-RURAL;CAPIM GROSSO;MIGRADA;JOSÉ MISAEL / HEMORGENES;GABRIEL;MANOEL GUSTAVO - U464710;PLANO 8;AL/MELHORAMENTO;29/05/2025;nan;nan;nan;nan;nan;nan;nan;1026094;E770274 ao E770285;1;25;nan;nan;25;100%;nan;26/05/25;30/06/25;nan;nan;D702248;nan;nan;R$ 779.557,88;nan;R$ 0,00;R$ 0,00;0%;nan;nan;nan;JCB/09N2;nan;nan;JACOBINA;01/06/2025;1174903;Consolidado;N/A
9102130567;B-1173843;ME COEL AV CHICO MENDES RURAL;VÁRZEA DA ROÇA;MIGRADA;JOSÉ MISAEL;GABRIEL;MANOEL GUSTAVO - U464710;PLANO 8;AL/MELHORAMENTO;29/05/25;nan;nan;2025-50493 - L VIVA.pdf;nan;nan;nan;nan;nan;E770286 ao E770301;1;13;nan;nan;13;100%;nan;26/05/25;20/06/25;nan;nan;R003173 - N41775;-11,397178;-40,019268;R$ 257.694,76;nan;R$ 0,00;R$ 0,00;0%;nan;nan;nan;"PES LV. INTERCALAR POSTE NA REDE EXISTENTE AO LADO DO PG R003173; ENTRE OS PGS D394223 E D401818 E INTERCALAR POSTE AO LADO DO PG B785441.";nan;nan;JACOBINA;01/06/2025;1173843;Consolidado;N/A
9102130564;B-1173754;ME-COEL-ROD-BA130-CAPIM GROSSO+K121:R123;CAPIM GROSSO;MIGRADA;JOSÉ MISAEL / HEMORGENES;GABRIEL;MANOEL GUSTAVO - U464710;PLANO 8;AL/MELHORAMENTO;29/05/2025;nan;nan;nan;nan;nan;nan;nan;nan;E770245 ao E770273;1;39;nan;nan;23;60%;nan;26/05/25;18/07/25;nan;nan;nan;nan;nan;R$ 583.270,59;nan;R$ 0,00;R$ 0,00;0%;nan;nan;nan;nan;nan;nan;JACOBINA;01/06/2025;1173754;Consolidado;N/A
9101667767;B-1040663;MP-CCOL-RUA PIABAS-PIABAS;CAMPO FORMOSO;nan;JOSÉ MILTON;EDILECIO;ALEFE SANTOS - U360418;PLANO 14;REPUTACIONAL;16/05/2025;16/05/2025;nan;2025-58480 - LV.pdf;2025-60419;nan;nan;nan;1027671;E744812 ao E744845;5;37;nan;nan;37;100%;nan;02/06/2025;14/06/2025;nan;nan;D922256 - N85412;-10.208137;-40.5696786;R$ 407.393,81;R$ 70.162,65;R$ 70.162,65;R$ 1.896,29;17%;nan;nan;nan;PES LV - INTERCALAR PG ENTRE OS PGS D922256 E D922257 COM N4-3, TENCIONAR A REDE E ENERGIZAR A OBRA.  PES BT - FECHAR CHAVE NOVA, INTALADA NO PG NOVO E ENERGIZAR A OBRA.;nan;nan;JACOBINA;01/06/2025;1040663;Consolidado;N/A
9102073158;B-1144777;MP CIND POV CARAIBAS RURAL;CAMPO FORMOSO;ENERGIZADA;ANTONIO;EDILECIO;ALEFE SANTOS - U360418;PLANO 14;PRIORIDADE PLANO ANEEL;17/05/2025;19/05/2025;nan;2025-60269 LV.pdf;nan;nan;nan;nan;1027673;E744849 ao  E744864;5;45;37;37;45;100%;nan;02/06/2025;14/06/2025;01/07/2025;PES 74188/ OC 72899;E367994 - V21750;-10.425142;-40.4952063;R$ 355.583,69;R$ 80.482,61;R$ 80.482,61;R$ 1.788,50;23%;nan;nan;nan;PES LV - TRANSFORMAR N3 EM N4 NO PG EXISTENTE, TENCIONAR A REDE E ENERGIZAR A OBRA.;nan;nan;JACOBINA;01/06/2025;1144777;Consolidado;N/A
9102039739;B-1134043;LD-CCOL-POV.TOCA DO GONÇALO-RURAL;CAMPO FORMOSO;MIGRAR;JOÃOZITO;EDLECIO;ALEFE SANTOS - U360418;PLANO 7;PRIORIDADE PLANO ANEEL;19/05/2025;20/05/2025;nan;2025-58485 - LV.pdf;2025-60420;PES = 2025-66977- 28.06 - Desligamento.pdf;28/06/2025;DESLIGAMENTO CANCELADO;1027675;E744893 ao E744940;5;51;nan;nan;51;100%;nan;02/06/2025;12/06/2025;nan;nan;D408013 - W80571;-10.5098268;-40.8936808;R$ 627.837,64;R$ 100.068,90;R$ 100.068,90;R$ 1.962,14;16%;nan;nan;nan;PES LV - TRANSPORMAR N3 EM N4 NO PG D408013, TENCIONAR A REDE E ENERGIZAR A OBRA. PES BT- TRANSFERIR REDE BT E RAMAIS DO PG D408013 AO PG D408018, E ENERGIZAR A OBRA.;nan;nan;JACOBINA;01/06/2025;1134043;Consolidado;N/A
9102126006;B-1160267;ER-CIND-POV-VANVANA-RURAL;CAMPO FORMOSO;CANCELADA OBRA JÁ ATENDIDA;JOÃOZITO;EDILECIO;nan;PLANO 7;RECLAMAÇÃO;19/05/2025;20/05/2025;nan;2025-57531;nan;nan;nan;nan;1027676;E744944 ao E744965;11;22;nan;nan;nan;100%;nan;02/06/2025;14/06/2025;nan;nan;Q060299;-10.4578933;-40.2786295;R$ 175.059,52;R$ 36.279,29;R$ 36.279,29;R$ 36.279,29;21%;nan;nan;nan;PES LV - INTERCALAR POSTE DE ALTA ENTRE OS PGS EXISTENTES D134562 E Q060300, INSTALAR CHAVE FUSIVEL, TENCIONAR REDE NOVA, FECHAR CHAVE E ENERGIZAR A OBRA;nan;nan;JACOBINA;01/06/2025;1160267;Consolidado;N/A
9101923953;B-1102882;MP-CCOL-RUA DO COMERCIO-RURAL;CAMPO FORMOSO;MIGRAR;JAIRO / EUDARIO/ELIEZER;EDLECIO;GUTTEMBERG SANTOS - U343220;PLANO 14;ESTRATÉGICA;nan;nan;nan;2025-58460 LV.pdf;nan;nan;nan;nan;1016761/2024;E698814 ao E698993;20;179;nan;nan;179;100%;nan;12/06/2025;30/06/2025;nan;nan;B747338 - G95631;-10.6054705;-40.934601;R$ 1.827.457,22;nan;R$ 0,00;R$ 0,00;0%;nan;nan;nan;nan;nan;nan;JACOBINA;01/06/2025;1102882;Consolidado;N/A
9102232035;B-1192016;IS-COEL-AV-ANANIAS GOMES MOURA-CENTRO-GA;GAVIÃO;ENERGIZADA;HEMORGENES;GABRIEL;MANOEL CONCEICAO - U464710;PLANO 8;RECLAMAÇÃO;20/05/2025;20/05/2025;nan;2025-58518 - LV INT POSTES                        2025-58511 - LV COJ DES;2025-70916;PES = 2025-67734 - 26.06 - Desligamento.pdf;26/06/2025;APROVADA;nan;E745953 ao E745954;0;10;nan;10;10;100%;nan;12/06/2025;16/06/2025;28/6/2025;PES74188/OC 72899;A262762 - H22040;-11.472458;-39.786324;R$ 146.484,42;R$ 20.384,29;R$ 20.384,29;R$ 2.038,43;14%;nan;nan;nan;PES DESL. - (4 H) ABRIR A CHAVE H22040, PARA TRANSFERIRI A REDE DE ALTA COM AUXILIO DA LINHA VIVA  ENTRE OS PGS A236325 E O A262761 PARA O POSTE NOVO AT INSTALADO EM SUBSTITUIÇÃO AO PG D318876 E ENERGIZAR A OBRA. (PONTO DE ATERRAMENTO NO PG D318875 E NO  D3188757 - DESL. 213 CLIENTES)PES LV - INTERCALAR POSTE AT ENTRE OS POSTES A262761E A262762 (H22040). PES LV - EM CONJUNTO COM DELIGAMENTO, TRANSFERIR A REDE DO VÃO ENTRE OS PGS A236325 E A262761 PARA O PG D318876 E ENREGIZAR A OBRA.;nan;nan;JACOBINA;01/06/2025;1192016;Consolidado;N/A
9102099876;B-1158163;UB-CCOL-RUA-TOPAZIO -220;CAMPO FORMOSO;VERIFICAR DESLIGAMENTO;JOÃOZITO;EDILECIO;DIORLAN REIS - U352259;PLANO 7;RECLAMAÇÃO;21/05/2025;21/05/2025;nan;2025-58571;nan;nan;nan;nan;nan;nan;1;1;nan;nan;nan;100%;nan;13/06/2025;13/06/2025;nan;nan;D397921 - H84434;-10.4967527;-40.3173879;R$ 33.034,62;R$ 2.303,06;R$ 2.303,06;R$ 2.303,06;7%;nan;nan;nan;PES LV - SUBSTITUIR O PG EXISTENTE D397921, INSTALAR TRAFO E ENERGIZAR A OBRA.;nan;nan;JACOBINA;01/06/2025;1158163;Consolidado;N/A
9101926424;B-1091909;RR-CIND-FAZ-TANQUINHO-TANQUINHO;CAMPO FORMOSO;ENERGIZADA;JOÃOZITO;EDLECIO;ALEFE SANTOS - U360418;PLANO 7;RECLAMAÇÃO;21/05/2025;21/05/2025;nan;2025-58593;2025-60675;nan;nan;nan;nan;E742603 ao E742616;1;15;15;15;15;100%;nan;15/06/2025;20/06/2025;27/06/2025;PES 58593 OC 69479;D930555 - N84320;-10.2948624;-40.8829786;R$ 86.014,50;R$ 32.354,78;R$ 32.354,78;R$ 2.156,99;38%;nan;nan;nan;PES LV - SUBSTITUIR PG D930555 EXISTENTE, INSTALAR N1-3, INSTALAR CHAVE FUSIVEL, TENSIONAR A REDE NOVA, FECHAR A CHAVE E ENERGIZAR A OBRA. PES BT - FECHAR A CHAVE NOVA INSTALADA NO PG D930555   E ENERGIZAR A OBRA.;nan;nan;JACOBINA;01/06/2025;1091909;Consolidado;N/A
9101808230;B-1037083;ER-CIND-POV-CAMPO FRIO-LAGOA DA ROCA;CAMPO FORMOSO;ENERGIZADA;ANTONIO;EDILECIO;ALEFE SANTOS - U360418;PLANO 14;RECLAMAÇÃO;21/05/2025;21/05/2024;nan;2025-58603;2025-60681;nan;nan;nan;nan;E766910 ao E766916;3;7;7;7;7;100%;nan;16/06/2025;18/06/2025;14/06/2025;699692/37969;D150381 - H65436;-10.4841796;-40.4707495;R$ 1.188.514,00;R$ 11.885,14;R$ 11.885,14;R$ 1.697,88;1%;nan;nan;nan;PES LV - INTERCALAR 2 PG AT ENTRE OS PGS D150382, D150384 E D150385 PARA EXTENSÃO DA REDE BT. PES BT - ENCABEÇAR A REDE NOVA BT NO PG EXISTENTE D150382 E ENERGIZAR A OBRA.(TRAFO H65436);nan;nan;JACOBINA;01/06/2025;1037083;Consolidado;N/A
9101907071;B-1081629;LD CIND PO CURRAL DA PONTE RURAL;CAMPO FORMOSO;ENERGIZADA;EUDÁRIO;EDILECIO;ALEFE SANTOS - U360418;PLANO 14;JUDICIAL;21/05/2025;22/05/2025;nan;2025-58607;2025/60688;nan;nan;nan;nan;E734545 ao E734549;1;5;5;5;5;100%;nan;16/06/2025;18/06/2025;12/06/2025;PES 58607 / OC 29307;Q060555 - J06516;-10.4489023;-40.3202652;R$ 59.511,85;R$ 10.105,93;R$ 10.105,93;R$ 2.021,19;17%;nan;nan;nan;PES LV - INTERCALAR POSTE AT ENTRE OS PGS Q060555 E Q061350, INSTALAR N4-3, TENCIONAR REDE NOVA E ENERGIZAR A OBRA. PES BT - FECHAR A CHAVE NOVA INSTALADA NO PG NOVO E ENERGIZAR A OBRA.;nan;nan;JACOBINA;01/06/2025;1081629;Consolidado;N/A
9102141713;B-1170497;ER-CIND-ET-GARIMPO DO SOCOTO-RURAL;CAMPO FORMOSO;nan;JOSÉ MILTON;EDILECIO;ALEFE SANTOS - U360418;PLANO 14;PRIORIDADE PLANO ANEEL;22/05/2025;22/05/2025;nan;2025-58611;2025-60692;nan;nan;nan;nan;E742617 ao E742619;7;3;nan;nan;3;100%;nan;16/06/2025;16/06/2025;nan;nan;Q061346 - J07863;-10.3143798;-40.2580963;R$ 26.059,93;R$ 5.063,32;R$ 5.063,32;R$ 1.687,77;19%;nan;nan;nan;PES LV - INTERCALAR POSTE AT ENTRE OS PG'S Q061345 E Q061346. PES BT - ENCABEÇAR REDE BT NO POSTE NOVO E ENERGIZAR A OBRA.;nan;nan;JACOBINA;01/06/2025;1170497;Consolidado;N/A
9101991197;B-1119176;ER-CIND-POV-LAGOA CAVADA-RURAL;CAMPO FORMOSO;nan;JOSÉ MILTON;EDILECIO;ALEFE SANTOS - U360418;PLANO 7;RECLAMAÇÃO;23/05/2025;23/05/2025;nan;2025-60291;2025-60698;nan;nan;nan;nan;E719763 ao E719767;1;6;nan;nan;nan;100%;nan;17/06/2025;18/06/2025;nan;nan;Q060967 - N86358;-10.2278956;-40.3865073;R$ 63.334,36;R$ 11.268,42;R$ 11.268,42;R$ 11.268,42;18%;nan;nan;nan;PES LV - INTERCALAR POSTE AT ENTRE OS PGS Q060967 E Q060967, INSTALAR CHAVE, TENCIONAR A REDE, FECHAR A CHAVE E ENERGIZAR A OBRA. PES BT - FECHAR CHAVE NOVA INSTALADA NO PG NOVO E ENERGIZAR A OBRA.;nan;nan;JACOBINA;01/06/2025;1119176;Consolidado;N/A
9102204019;B-1192464;UB-CIND-TRV-ALZIRA MOURA-CENTRO;GAVIÃO;ENERGIZADA;HEMORGENES;GABRIEL;MANOEL CONCEICAO - U464710;PLANO 7;PRIORIDADE PLANO ANEEL;22/05/2025;22/05/2025;nan;nan;2025-60702;nan;nan;nan;nan;E734550e E734551;2;2;2;2;2;100%;nan;18/06/2025;18/06/2025;27/06/2025;PES 60702 / OC 70663;E584914 - N06406;-11.472860;-39.7800625;R$ 17.182,50;R$ 3.471,43;R$ 3.471,43;R$ 1.735,72;20%;nan;nan;nan;PES BT - ENCABEÇAR REDE BT NO PG  EXISTENTE E584914 E ENERGIZAR A OBRA. (TRAFO N06406);nan;nan;JACOBINA;01/06/2025;1192464;Consolidado;N/A
9101877398;B-1072528;ER-CIND-FAZ-BARREIROS-BARREIROS;CAMPO FORMOSO;nan;ANTONIO;EDILECIO;ALEFE SANTOS - U360418;PLANO 7;RECLAMAÇÃO;23/05/2025;23/05/2025;nan;CRIAR;2025-60714;nan;nan;nan;nan;E767087 E E767088;1;2;nan;nan;2;100%;nan;19/06/2025;19/06/2025;nan;nan;D293432 - W03485;-10.54056910;-40.45967980;R$ 8.623,34;R$ 4.029,74;R$ 4.029,74;R$ 2.014,87;47%;nan;nan;nan;PES LV - INTERCALAR POSTE AT ENTRE OS PGS D293432 E D293433 E ENTRE OS PGS  D293433 E O D293434. PES BT - ENCABEÇAR REDE BT NO PG  EXISTENTE D293432 E ENERGIZAR A OBRA. (TRAFO W03485);nan;nan;JACOBINA;01/06/2025;1072528;Consolidado;N/A
9102147197;B-1173086;UB-CIND-RUA-CASAS POPULARES-URBANA;CAMPO FORMOSO;ENERGIZADA;EUDÁRIO;EDILECIO;DIORLAN REIS - U352259;PLANO 7;PRIORIDADE PLANO ANEEL;26/05/2025;26/05/2025;nan;nan;2025-60715;nan;nan;nan;nan;E744846 ao E744848;7;3;3;3;3;100%;nan;19/06/2025;20/06/2025;13/06/2025;60715/32371;D528473 - W41874;-10.497194;-40.323030;R$ 18.960,00;R$ 4.940,02;R$ 4.940,02;R$ 1.646,67;26%;nan;nan;nan;PES BT - (TRAFO W41874) ENCABEÇAR REDE BT NOVA O PG EXISTENTE D528473 E ENERGIZAR A OBRA;nan;nan;JACOBINA;01/06/2025;1173086;Consolidado;N/A
9101989343;B-1119965;ER-CIND-POV-CURRALINHO-CURRALINHO;CAMPO FORMOSO;ENERGIZADA;JOSÉ MILTON;EDILECIO;ALEFE SANTOS - U360418;PLANO 14;RECLAMAÇÃO;26/05/2025;26/05/2025;nan;2025-60309;nan;PES = 2025-66949 - 26.06 - Desligamento.pdf;45834;APROVADA;nan;E766917 e E766918;1;2;3;3;2;100%;nan;20/06/2025;20/06/2025;26/06/2025;PES 66949/ OC 66426;D054192 -  J53306;-10.2014375;-40.6442806;R$ 13.514,46;R$ 3.972,46;R$ 3.972,46;R$ 1.986,23;29%;nan;nan;nan;PES LV - INTERCALAR POSTE AT ENTRE OS PGS D054192 E  D054193 E ENTRE D054193 E D054194 PARA EXTENSÃO DE REDE BT. PES BT - ENCABEÇAR REDE BT NOVA NO PG EXISTENTE D054194 E ENERGIZAR A OBRA.;nan;nan;JACOBINA;01/06/2025;1119965;Consolidado;N/A
9102148308;B-1176801;ER - CIND - POV GAMELEIRA - RURAL;CAMPO FORMOSO;ENERGIZADA;JOÃOZITO;EDILECIO;ALEFE SANTOS - U360418;PLANO 14;PRIORIDADE PLANO ANEEL;26/05/2025;26/05/2025;nan;nan;2025-60723;nan;nan;nan;nan;E734625 ao E734627;4;3;3;3;3;100%;nan;25/06/2025;25/06/2025;11/06/2025;PES 60723/OC 26963;D366677 - W54271;-10.5218729;-40.3308356;R$ 12.878,86;R$ 4.743,25;R$ 4.743,25;R$ 1.581,08;37%;nan;nan;nan;PES BT - (TRAFO W54271) ENCABEÇAR REDE BT NOVA O PG EXISTENTE D366677 E ENERGIZAR A OBRA;nan;nan;JACOBINA;01/06/2025;1176801;Consolidado;N/A
9101977762;B-1116388;AC-CIND-POV-VARZINHA-VARZINHA;CAMPO FORMOSO;ENERGIZADA;ANTONIO;EDILECIO;ALEFE SANTOS - U360418;PLANO 7;RECLAMAÇÃO;26/05/2025;26/05/2025;nan;nan;2025-60733;nan;nan;nan;nan;E742524 AO E742529;1;6;6;6;6;100%;nan;25/06/2025;27/06/2025;11/06/2025;PES 60733/OC 25633;D106086 - J58213;-10.4775037;-40.5616704;R$ 38.663,02;R$ 10.115,41;R$ 10.115,41;R$ 1.685,90;26%;nan;nan;nan;PES BT - ENCABEÇAR REDE BT NOVA NO PG EXISTENTE D106086 E ENERGIZAR A OBRA. (TRAFO J58213);nan;nan;JACOBINA;01/06/2025;1116388;Consolidado;N/A
9102059665;B-1149434;MP CIND-POV-RIACHAO-RURAL;CAMPO FORMOSO;SAMPAIO TIROU DA CARTEIRA;JOÃOZITO;GABRIEL;ALEFE SANTOS - U360418;PLANO 7;PRIORIDADE PLANO ANEEL;27/05/2025;27/05/2025;nan;2025-60327;CRIAR;nan;nan;nan;nan;E766810 ao E766833;2;31;nan;nan;nan;100%;nan;nan;nan;nan;nan;D070520 / J54596;-10.3570665;-41.1181831;R$ 295.559,25;nan;R$ 0,00;R$ 0,00;0%;nan;nan;nan;PES LV - TRANSF. N3 EM N4 NO PG EXISTENTE D070521, TENCIONAR REDE NOVA E ENERGIZAR A OBRA. PES BT - SUBSTITUIR OS PG EXISTENTES D070522, D070523, D070524, D070525, D070526  E D070527, TRANSFERIR REDE BT DO PG EXISTENTE PARA OS POSTES NOVOS, FECHAR CHAVE NOVA INSTALADA NO PG NOVO E ENERGIZAR A OBRA.;nan;nan;JACOBINA;01/06/2025;1149434;Consolidado;N/A
9102252060;B-1201874;ER-CIND-FAZ-NOVILHA-RURAL;CAPIM GROSSO;OBRA JA EXECUTADA EM OUTRO PROJETO;nan;/;/;PLANO 7;DIA C;28/05/2025;28/05/2025;nan;nan;CRIAR;nan;nan;nan;nan;nan;1;0;nan;nan;nan;100%;nan;nan;nan;nan;nan;B840213;-11.3757368;-39.9331287;R$ 1.527,22;nan;R$ 0,00;R$ 0,00;0%;nan;nan;nan;PES BT - ENCABEÇAR REDE BT NOVA NO PG EXISTENTE D036490 E ENERGIZAR A OBRA. (CH G56074);nan;nan;JACOBINA;01/06/2025;1201874;Consolidado;N/A
9102252061;B-1201677;UB-CIND-AV-PINHEIRO-OLIVEIRA;CAPIM GROSSO;ENERGIZADA;nan;GABRIEL;MANOEL GUSTAVO - U464710;PLANO 7;DIA C;28/05/25;28/05/25;nan;nan;2025-71252;nan;nan;nan;nan;E719768;1;1;1;1;1;100%;nan;nan;nan;25/06/2025;PES71252 / OC 63070;R003827;-11.3835545;-40.0062088;R$ 6.165,68;nan;R$ 0,00;R$ 0,00;0%;nan;nan;nan;PES BT - ENCABEÇAR REDE BT NOVA NO PG EXISTENTE R003827 E ENERGIZAR A OBRA. (TRAFO J02364);nan;nan;JACOBINA;01/06/2025;1201677;Consolidado;N/A
9102222579;B-1194120;ER-CIND-FAZ-UMBURANA-RURAL;GAVIÃO;SAMPAIO TIROU DA CARTEIRA;nan;GABRIEL;MANOEL GUSTAVO - U464710;PLANO 14;DIA C;30/05/2025;30/05/2025;nan;nan;CRIAR;nan;nan;nan;nan;nan;1;3;nan;nan;nan;100%;nan;nan;nan;nan;nan;D072658 - J56557;-11.5468671;-39.6970819;R$ 1.527,22;nan;R$ 0,00;R$ 0,00;0%;nan;nan;nan;PES BT - INTERCALAR POSTE BT ENTRE OS PGS D072658 E O D072659, ENCABEÇAR REDE BT E ENERGIZAR A OBRA. (TRAFO J56557);nan;nan;JACOBINA;01/06/2025;1194120;Consolidado;N/A
9102220064;B-1193992;UB-CIND-RUA-A-NOVO OESTE;CAPIM GROSSO;SAMPAIO TIROU DA CARTEIRA;nan;GABRIEL;MANOEL GUSTAVO - U464710;PLANO 7;DIA C;28/05/2025;28/05/2025;nan;nan;CRIAR;nan;nan;nan;nan;nan;1;2;nan;nan;nan;100%;nan;nan;nan;nan;nan;D375332 / W72912;-11.3736309;-40.0164436;R$ 14.666,99;nan;R$ 0,00;R$ 0,00;0%;nan;nan;nan;PES BT - ENCABEÇAR REDE BT NOVA NO PG EXISTENTE D375332 E ENERGIZAR A OBRA. (TRAFO W72912);nan;nan;JACOBINA;01/06/2025;1193992;Consolidado;N/A
9102007027;B-1122127;MP-CCOL-POV.BOA VISTA DO CAJ-RURAL;CAMPO FORMOSO;ENERGIZADA;JAIRO;EDILECIO;DIORLAN;PLANO 7;REPUTACIONAL;20/03/25;20/03/25;nan;2025-31520;2025-63838;2025-49374 2025-49379;15/05/2025 e 30/05/2025;APROVADA/ APROVADA;1021925;E734507 ao E734542;3;46;45;45;46;100%;nan;15/04/25;30/05/25;04/06/2025;nan;D188098;-10.051111;-40.3945463;R$ 783.832,42;R$ 61.154,02;R$ 61.154,02;R$ 1.329,44;8%;nan;nan;nan;nan;nan;nan;JACOBINA;01/06/2025;1122127;Consolidado;N/A
9102203508;B-1192562;ER-CIND-POV-PEDRAS ALTAS -P A DO MIRIM;CAPIM GROSSO;ENERGIZADA;nan;GABRIEL;MANOEL GUSTAVO - U464710;PLANO 7;DIA C;30/05/2025;30/05/2025;nan;nan;2025-68897;nan;nan;nan;nan;nan;1;2;2;2;nan;100%;nan;nan;nan;14/06/2025;68897/36955;N56986 / B745488;-11.1879967;-40.0413643;R$ 17.368,59;nan;R$ 0,00;R$ 0,00;0%;nan;nan;nan;PES BT - ENCABEÇAR REDE BT NOVA NO PG EXISTENTE B745488 E ENERGIZAR A OBRA. (TRAFO N56986);nan;nan;JACOBINA;01/06/2025;1192562;Consolidado;N/A
9102161353;B-1188995;UB-CIND-PR -JOAO DANTAS-CENTRO;OUROLANDIA;SAMPAIO TIROU DA CARTEIRA;nan;GABRIEL;RICARDO SANTOS - U465100;PLANO 7;DIA C;30/05/2025;30/05/2025;nan;nan;CRIAR;nan;nan;nan;nan;nan;1;1;nan;nan;nan;100%;nan;nan;nan;nan;nan;D317782 / J54753;-10.9671373;-41.0806553;R$ 8.709,05;nan;R$ 0,00;R$ 0,00;0%;nan;nan;nan;PES BT - ENCABEÇAR REDE BT NOVA NO PG EXISTENTE D317782 E ENERGIZAR A OBRA. (TRAFO J54753);nan;nan;JACOBINA;01/06/2025;1188995;Consolidado;N/A
UB-CIND-RUA-DO CRUZEIRO-CENTRO;B-1182172;UB-CIND-RUA-DO CRUZEIRO-CENTRO;OUROLANDIA;SAMPAIO TIROU DA CARTEIRA;nan;GABRIEL;RICARDO SANTOS - U465100;PLANO 7;DIA C;nan;nan;nan;nan;CRIAR;nan;nan;nan;nan;nan;1;1;nan;nan;nan;100%;nan;nan;nan;nan;nan;B916922 / J58095;-10.9711863;-41.0748782;R$ 10.157,01;nan;R$ 0,00;R$ 0,00;0%;nan;nan;nan;PES BT - ENCABEÇAR REDE BT NOVA NO PG EXISTENTE B916922 E ENERGIZAR A OBRA. (TRAFO J58095);nan;nan;JACOBINA;01/06/2025;1182172;Consolidado;N/A
9102155082;B-1176795;ER-CIND-POV- MATA II -RURAL;UMBURANAS;SAMPAIO TIROU DA CARTEIRA;nan;GABRIEL;RICARDO SANTOS - U465100;PLANO 7;DIA C;nan;nan;nan;nan;CRIAR;nan;nan;nan;nan;nan;1;2;nan;nan;nan;100%;nan;nan;nan;nan;nan;B116776 / J08455;-10.5011549;-41.2790011;R$ 15.543,78;nan;R$ 0,00;R$ 0,00;0%;nan;nan;nan;PES BT - ENCABEÇAR REDE BT NOVA NO PG EXISTENTE B116776 E ENERGIZAR A OBRA. (TRAFO J08455);nan;nan;JACOBINA;01/06/2025;1176795;Consolidado;N/A
9102145723;B-1174353;ER-CIND-POV-LA DO ANGICO-DELFINO;UMBURANAS;SAMPAIO TIROU DA CARTEIRA;nan;GABRIEL;RICARDO SANTOS - U465100;PLANO 7;DIA C;nan;nan;nan;2025-61892;nan;nan;nan;nan;nan;nan;1;3;nan;nan;nan;100%;nan;nan;nan;nan;nan;D05584 / E607796;-10.538355;-41.284417;R$ 35.310,79;nan;R$ 0,00;R$ 0,00;0%;nan;nan;nan;PES LV. INSTALAR TRAFO NO PG EXISTENTE E607796, ENCABEÇAR REDE BT E ENERGIZAR A OBRA.;nan;nan;JACOBINA;01/06/2025;1174353;Consolidado;N/A
9102155542;B-1175942;ER-CIND-FAZ-MATA DO ESTADO-RURAL;CAPIM GROSSO;SAMPAIO TIROU DA CARTEIRA;nan;GABRIEL;MANOEL GUSTAVO - U464710;PLANO 7;DIA C;nan;nan;nan;nan;CRIAR;nan;nan;nan;nan;nan;1;3;nan;nan;nan;100%;nan;nan;nan;nan;nan;D124130 / V45574;-11.3786916;-40.0559089;R$ 21.538,70;nan;R$ 0,00;R$ 0,00;0%;nan;nan;nan;PES BT - ENCABEÇAR REDE BT NOVA NO PG EXISTENTE D124130 E ENERGIZAR A OBRA. (CHAVE V45574);nan;nan;JACOBINA;01/06/2025;1175942;Consolidado;N/A
9102147794;B-1175649;ER-CIND-FAZ-MATA DO ESTADO-RURAL;CAPIM GROSSO;SAMPAIO TIROU DA CARTEIRA;nan;GABRIEL;MANOEL GUSTAVO - U464710;PLANO 7;DIA C;nan;nan;nan;nan;nan;CRIAR;DEFINIR;nan;nan;nan;1;0;nan;nan;nan;100%;nan;nan;nan;nan;nan;D308959 / V04985;-11.3572948;-40.0667469;R$ 32.791,93;nan;R$ 0,00;R$ 0,00;0%;nan;nan;nan;PES DESL.  ABRIR A CHAVE DO TRAFO V04985, SUBSTITUIR O MESMO POR TRAFO DE 30KVA, FECHAR A CHAVE DO TRAFO E ENERGIZAR A OBRA.7;nan;nan;JACOBINA;01/06/2025;1175649;Consolidado;N/A
9102130184;B-1163425;UB - CIND - AV LOMANTO JUNIOR-CENTRO;GAVIÃO;SAMPAIO TIROU DA CARTEIRA;nan;GABRIEL;MANOEL GUSTAVO - U464710;PLANO 7;DIA C;nan;nan;nan;nan;CRIAR;nan;DEFINIR;nan;nan;nan;1;3;nan;nan;nan;100%;nan;nan;nan;nan;nan;V10750;-11.4782795;-39.7806474;R$ 22.402,47;nan;R$ 0,00;R$ 0,00;0%;nan;nan;nan;PES BT - ENCABEÇAR REDE BT NOVA NO PG EXISTENTE  E184240 E ENERGIZAR A OBRA. (TRAFO V10750);nan;nan;JACOBINA;01/06/2025;1163425;Consolidado;N/A
9102130565;B-1165971;ME-COEL-RUA-DAS ARVORES-CONTORNOLANDIA;SERROLÂNDIA;Interrompida / Fazer apos concluir o alimentador;JOSÉ MISAEL;GABRIEL;WELLIGNTON SOUZA;PLANO 8;AL/MELHORAMENTO;nan;nan;nan;2025-46350;nan;nan;nan;nan;nan;nan;1;1;nan;nan;1;100%;nan;19/05/2025;19/05/2025;nan;nan;PG'S D401755 E D408825/ RELIG. W72931;-11.3941286;-40.0172906;R$ 35.593,82;nan;R$ 0,00;R$ 0,00;0%;nan;nan;nan;PES LV. INTERCALAR PG NOVO COM N4 ENTRE OS PGS D408825 E D408824, MONTAR BANCADA PARA RELIGADOR, RELOCAR RELIGADOR W72931-NA PARA O PG NOVO, E DESATIVAR O RELIGADOR W72932-NF E ENERGIZAR A OBRA. (JCB/09N3);nan;nan;JACOBINA;01/06/2025;1165971;Consolidado;N/A
9102066781;B-1149266;LD-CCOL RUA SÃO BARTOLOMEU-RURAL;OUROLÂNDIA;MIGRADA;JOSÉ MILTON;GABRIEL;RICARDO BRITO;PLANO 7;PRIORIDADE PLANO ANEEL;29/04/2025;29/04/2025;nan;nan;CRIAR;2025-61431;12/06/2025;APROVADA;1025654;E767037 ao E767082 /;9;52;nan;nan;52;100%;nan;06/05/2025;31/05/2025;nan;nan;PG: R071868 / TRAFO J08419;-1088668;-41.402031;R$ 504.263,40;R$ 94.127,28;R$ 94.127,28;R$ 1.810,14;19%;nan;nan;nan;PES DESL. ABRIR CHAVE DO TRAFO J08419, SUBSTITUIR OS POSTES R071869,  R071870,  R071871,  R071872,  R071873 E R038895 , TRANSFERIR REDE BT DO TRCHO DO PG R071868 AO PG R038895 PARA OS POSTES NOVOS- E ENERGIZAR A OBRA (2 TURMAS) (128 CLIENTES - 768 CHI) (OUL/01M1);nan;nan;JACOBINA;01/06/2025;1149266;Consolidado;N/A
9102066720;B-1142488;MP-CIND-FAZ-DIAMANTINA-RURAL;UMBURANAS;MIGRADA;ELIEZER;GABRIEL;RICARDO BRITO;PLANO 14;PRIORIDADE PLANO ANEEL;28/04/2025;28/04/2025;nan;2025-48227;2025-46463;nan;nan;nan;1025601;E766919 ao E766986;3;68;nan;nan;68;100%;nan;21/05/2025;14/06/2025;nan;nan;PG: R071846 / TRAFO J08490;-10.4628775;-41.0790847;R$ 582.847,37;R$ 131.282,72;R$ 131.282,72;R$ 1.930,63;23%;nan;nan;nan;PES LV -INTERCALAR POSTE AT COM N4-3 ENTRE OS PGs R071846 e R071847   PES BT- FECHAR A CHAVE NOVA INSTALADA NO PG NOVO, E ENERGIZAR A OBRA. (UBR-01C1);nan;nan;JACOBINA;01/06/2025;1142488;Consolidado;N/A
9101730945;B-1041124;MP-CCOL-FAZ-SITIO E ADJ-ARARAS RURAL;CAMPO FORMOSO;MIGRADA;JAIRO / EUDÁRIO;EDILECIO;HIAGO SANTANA - U470061;PLANO 14;REPUTACIONAL;04/02/2025;04/02/2025;nan;2025-31519;2025-30850;nan;nan;nan;nan;E719639 ao E719702;5;64;nan;nan;64;100%;nan;14/04/2025;31/05/2025;nan;nan;B062381;-10.16499;-40.487065;R$ 425.903,96;R$ 132.836,37;R$ 132.836,37;R$ 2.075,57;31%;nan;nan;nan;PES LV. - INTERCALAR POSTE AT COM N4-3 ENTRE OS PGS B062381 E O PG DO TRAFO N72224 E EXTENDER REDE NOVA MT. PES ENCABEÇ -FECHAR CHAVE DO TRAFOO NOVO, INSTALADO NO POSTE NOVO ENTRE ENTRE OS PGS B062381 E O PG DO TRAFO N72224 E ENERGIZAR A OBRA.;nan;nan;JACOBINA;01/06/2025;1041124;Consolidado;N/A
9101977642;B-1114109;AL GRUA AG SERRA RURAL;MUNDO NOVO;MIGRADA;HEMORGENES/JOÃOZITO;GABRIEL;NAILTON;PLANO 7;TRANSGRESSÃO;20/03/25;20/03/25;nan;nan;nan;PES = 2025-67981 - 27.06 - Desligamento.pdf;27/06/2025;APROVADA;1019600/2025;E719592 ao E719768;0;62;nan;nan;62;100%;nan;06/04/25;31/05/25;nan;nan;D262172;-11.851556;-40.481278;R$ 2.996.234,13;R$ 123.370,00;R$ 123.370,00;R$ 1.989,84;4%;nan;nan;nan;nan;nan;nan;JACOBINA;01/06/2025;1114109;Consolidado;N/A
9102171229;B-1191110;ER-CIND-POV-PEDRAS ALTAS-RURAL;CAPIM GROSSO;ENERGIZADA;nan;GABRIEL;MANOEL GUSTAVO - U464710;PLANO 7;DIA C;30/05/2025;30/05/2025;nan;nan;2025-68903;nan;nan;nan;nan;nan;1;1;1;1;nan;100%;nan;nan;nan;14/06/2025;68903/37262;J52351  / D030438;-11.1852735;-40.0413008;R$ 7.950,02;nan;R$ 0,00;R$ 0,00;0%;nan;nan;nan;PES BT - ENCABEÇAR REDE BT NOVA NO PG EXISTENTE D030438 E ENERGIZAR A OBRA. (TRAFO J52351);nan;nan;JACOBINA;01/06/2025;1191110;Consolidado;N/A
9102042888;B-1146078;MP CIND RUA DO POÇO RURAL;UMBURANAS;ENERGIZADA;ELIEZER;GABRIEL;RICARDO SANTOS;PLANO 7;nan;27/03/2025;27/03/2025;nan;2025-31930;01: 2025-31925 02:2025-31936;nan;nan;nan;1023164;E734675 ao E734676/E745956 ao E746010;11;57;57;57;0;100%;nan;07/04/2025;20/05/2025;20/06/2025;PES 31925 / OC 53509;D174032;https://maps.app.goo.gl/FCRREMCi3s7t9C5S8;-41.2045201;R$ 533.205,29;R$ 117.062,00;R$ 117.062,00;R$ 117.062,00;22%;nan;nan;nan;;nan;nan;JACOBINA;01/06/2025;1146078;Consolidado;N/A
