PROJETO;TÍTULO;MUNICIPIO;SUPERVISOR;ENCARREGADO;STATUS 1;AR COELBA;PLANO;CRITÉRIO;ANÁLISE PROJETO PRÉ-FECH.;SOLICITAÇÃO DE RESERVA;DATA SAQUE MATERIAIS;PES LV;PES ENCABEÇ. BT / ENERG.;PES PD;DATA PD;STATUS PES PD;SI PG;PG's;CLIET.;PSTP;CAVA REALIZADA;PST EXEC;Á REALIZAR;AVNR;AVANÇO;INCIO;PV. FIM;ENERGIZAÇÃO;OC. ENERG.;REFERENCIA;LATITUDE;LONGITUDE;V. PROJETO;22%%;PROVAVEL ROCHA;NECESSIDADE DE VISITA;CABO 1X25;CABO 3X35;OBS;AVALIAÇÃO SERVIÇO;STATUS_FATO;COORD;Carteira;PROJETO_FATO;STATUS_AUDITORIA;MOTIVO_DESCARTE
B-1176820;UB-CIND-RUA-CELINO DA SILVA 20-CENTRO-TI;CAMPO FORMOSO;EDILECIO;EUDÁRIO;ENERGIZADA;HIAGO SANTANA - U470061;PLANO 7;DIA C - REPUTACIONAL;14/02/25;14/02/25;nan;nan;nan;2025-28349;19/03/25;EM ANALISE;nan;E615831 ao E615832;1;2;2;2;2;100%;nan;12/03/25;19/03/25;19/03/2025;PES 28349 OC 45359;Q063578;-10.4654722;-40,5457401;R$ 35.769,22;R$ 7.869,23;nan;nan;nan;nan;nan;nan;ENERGIZADA;JACOBINA;01/03/2025;1176820;Consolidado;N/A
B-0946219;ER-CCOL-POV.ARARAS-RURAL;CAMPO FORMOSO;EDILECIO;ANTONIO;AVANÇO;HIAGO SANTANA - U470061;PLANO 14 - LPT;REPUTACIONAL;31/01/25;nan;nan;2025-31355;2025-28743;nan;nan;nan;1019044/2025;E717068 AO E717108;3;41;nan;nan;41;0%;50,00%;05/03/25;30/03/25;nan;nan;B139191;-10.1002863;-40.4791195;R$ 172.701,96;R$ 37.994,43;nan;nan;nan;nan;nan;nan;AVANÇO;JACOBINA;01/03/2025;0946219;Consolidado;N/A
B-1180695;ER-CIND-FAZ-PILOES-RURAL;CAMPO FORMOSO;EDILECIO;ANTONIO;OBRA SEM ACESSO;HIAGO SANTANA - U470061;PLANO 14 - LPT;PRIORIDADE PLANO ANEEL;24/02/25;24/02/25;nan;nan;2025-28222;nan;nan;nan;nan;E698708 ao E698712;1;5;nan;nan;5;0%;100%;03/03/25;07/03/25;nan;nan;E336232;-10.4571667;-40.364775;R$ 27.603,92;R$ 6.072,86;nan;nan;nan;nan;nan;nan;OBRA SEM ACESSO;JACOBINA;01/03/2025;1180695;Consolidado;N/A
B-1168683;ER-CCOL-RCL-FAZ-PILOES-RURAL;CAMPO FORMOSO;EDILECIO;ANTONIO;ENERGIZADA;HIAGO SANTANA - U470061;PLANO 7;DIA C - ESTRATEGIA PR;10/02/25;10/02/25;12/02/25;nan;2025-28011;nan;nan;nan;nan;E682381 ao E682385;12;5;5;5;0;100%;nan;03/03/25;11/03/25;11/03/2025;PES 28011 / OC 28383;D520466;-10.4702222;-40,3516244;R$ 35.769,22;R$ 7.869,23;nan;nan;nan;nan;nan;nan;ENERGIZADA;JACOBINA;01/03/2025;1168683;Consolidado;N/A
B-1145254;ER-CIND-POV-LAGEDO RASO-RURAL;CAMPO FORMOSO;EDILECIO;EUDÁRIO;ENERGIZADA;HIAGO SANTANA - U470061;PLANO 7;DIA C;19/11/24;20/11/24;29/01/25;nan;2025-28013;nan;nan;nan;nan;E615891 ao E615895;1;6;4;5;1;83%;nan;07/03/25;14/03/25;13/03/2025;PES 28014 / OC 33503;nan;-10,4469726;-40,5390414;R$ 29.446,95;R$ 6.478,33;nan;nan;nan;Pendente detonação , 4 cava perfurada;nan;nan;ENERGIZADA;JACOBINA;01/03/2025;1145254;Consolidado;N/A
B-1159520;UB-CIND-RUA-MANDACARU-TIQUARA;CAMPO FORMOSO;EDILECIO;EUDÁRIO;ENERGIZADA;RAMON;PLANO 7;PRIORIDADE PLANO ANEEL;29/11/24;29/11/24;29/01/25;nan;2025-28017;nan;nan;nan;1014089/2024;E682280 AO E682286;14;7;7;7;0;100%;100,00%;10/03/25;14/03/25;22/03/2025;PES 28017 OC 53769;D397270;-10.4621667;-40.5457041;R$ 34.592,90;R$ 7.610,44;nan;nan;nan;Pendente detonação 7 cavas, cavas perfuradas;Extensão 7 BT cabo 1x25 (185mts). Tiquara, cava em rocha;nan;ENERGIZADA;JACOBINA;01/03/2025;1159520;Consolidado;N/A
B-1146061;ER-CIND-SI-GENIO-RURAL;CAMPO FORMOSO;EDILECIO;EUDÁRIO;CAVAS EXPLORADAS -PARA DETONAR;HIAGO SANTANA - U470061;PLANO 14 - LPT;PRIORIDADE PLANO ANEEL;16/12/24;06/12/24;15/01/24;2025-34498;2025-28928;nan;nan;nan;nan;E601299 AO E601303;1;5;nan;nan;5;0%;100,00%;10/03/25;13/03/25;nan;nan;E427776;-10.2326944;-40.5009006;R$ 50.535,86;R$ 11.117,89;nan;nan;nan;Alterou projeto para 5 postes, pendente perfuração e detonação;Extensão 8 BT cabo 1x25 (485mts). Cava em rocha;nan;CAVAS EXPLORADAS -PARA DETONAR;JACOBINA;01/03/2025;1146061;Consolidado;N/A
B-1151265;ER CIND FAZ BAIXA DA MINA RURAL;CAMPO FORMOSO;EDILECIO;EUDÁRIO;ENERGIZADA;HIAGO SANTANA - U470061;PLANO 7;PRIORIDADE PLANO ANEEL;23/12/24;23/12/24;25/02/25;nan;2025-28018;nan;nan;nan;nan;E615799 AO E615802;1;4;4;4;0;100%;100,00%;14/03/25;16/03/25;20/03/2025;PES 28018  OC 49546;D574604;-10,2691168;-40,6424555;R$ 24.119,08;R$ 5.306,20;nan;nan;nan;Não iniada;Extensão 4 BT cabo 1x25 (235mts), depois do povoado Panela, solo cava em rocha;nan;ENERGIZADA;JACOBINA;01/03/2025;1151265;Consolidado;N/A
B-1151807;ER-CIND-POV-VARGEM DO SAL-VARGEM DO SAL;CAMPO FORMOSO;EDILECIO;EUDÁRIO;ENERGIZADA;RAMON - U464714;PLANO 14 - LPT;PRIORIDADE PLANO ANEEL;19/12/24;19/12/24;21/12/24;2025-31499;nan;nan;nan;nan;nan;E615785 ao E615789;1;5;5;5;0;100%;100,00%;03/03/25;15/03/25;25/03/2025;PES 33928 OC 60823;E237974;-10,4096905;-40,6827986;R$ 50.830,09;R$ 11.182,62;nan;nan;nan;Pendente perfuração e detonação de 5 cavas;Instalar trafo no PG E237874, extensão 5 postes BT cabo 1x25 (235mts), Vargem do Sal, 100% detonada;nan;ENERGIZADA;JACOBINA;01/03/2025;1151807;Consolidado;N/A
B-1094013;AC CIND PO LAGOA CAVADA RURAL CPF;CAMPO FORMOSO;EDILECIO;JAIRO;ENERGIZADA;GUTTEMBERG;PLANO 7;REPUTACIONAL;18/02/25;18/02/25;25/02/25;2025-34511;2025-28747;nan;nan;nan;1019065/2025;E717146 ao E717156;1;11;nan;nan;11;0%;nan;16/03/25;20/03/25;28/03/2025;PES 28747 OC 68388;Q062252;-10.2004444;-40.3977383;R$ 127.909,10;R$ 28.140,00;nan;nan;nan;nan;nan;nan;ENERGIZADA;JACOBINA;01/03/2025;1094013;Consolidado;N/A
B-1146336;RR-CIND-POV-CURRALINHO-RURAL;CAMPO FORMOSO;EDILECIO;ANTONIO;JÁ ESTÁ NO QUINTO REPASSE E AS CAVAS NÃO SAEM;HIAGO SANTANA;PLANO 14 - LPT;REPUTACIONAL;11/11/24;11/11/24;12/11/24;2025-31501;2025-27240;nan;nan;nan;1012146/2024;E669427 ao E669438;2;12;16;nan;12;0%;100,00%;20/03/25;30/03/25;nan;nan;E238073;-10,235994;-40,605536;R$ 122.883,92;R$ 27.034,46;nan;nan;nan;nan;Transformar N3/N4;nan;JÁ ESTÁ NO QUINTO REPASSE E AS CAVAS NÃO SAEM;JACOBINA;01/03/2025;1146336;Consolidado;N/A
B-1144572;ER-CIND-RUA-PAU DE COLHER-CAATINGA MOURA;JACOBINA;GABRIEL;ELIEZER;ENERGIZADA;NATALICIO;PLANO 14 - LPT;QLP;11/02/25;12/02/25;13/02/25;2025-28168;2025-28455;nan;nan;nan;1019077/2025;E717192 ao E717199;1;8;8;8;0;100%;nan;10/03/25;12/03/25;13/03/2025;PES 28168 OC 33162;D233182;https://maps.app.goo.gl/bc8FKXV4ZAonkruP6;-40.772549;R$ 70.282,89;R$ 15.462,24;nan;nan;nan;nan;nan;nan;ENERGIZADA;JACOBINA;01/03/2025;1144572;Consolidado;N/A
B-1097767;ER-CIND-FAZ-BREJO-RURAL;MIRANGABA;GABRIEL;ELIEZER;ENERGIZADA;;PLANO 14 - LPT;QLP;19/02/25;19/02/25;nan;2025-31502;2025-31667;nan;nan;nan;1019082/2025;E717246 ao E717258;1;13;13;13;0;100%;nan;17/03/25;22/03/25;19/03/2025;PES 31667 OC 46346;D180516;https://maps.app.goo.gl/mp1hcPy5fQcyAKzF9;-40.5035908;R$ 62.930,31;R$ 13.844,67;nan;nan;nan;nan;nan;nan;ENERGIZADA;JACOBINA;01/03/2025;1097767;Consolidado;N/A
B-0924090;ER-CIND-POV CANJERANA-URBANO;MUNDO NOVO;GABRIEL;HEMORGENES;nan;DIORLAN SOUZA - U352259;PLANO 7;JUDICIAL;24/01/25;24/01/25;28/01/25;2025-31503;2025-27242;nan;nan;nan;nan;E615923 ao E615931;1;9;nan;nan;9;0%;100,00%;25/02/25;18/03/25;nan;nan;L381946;-11,9554406;-40.2021638;R$ 30.506,54;R$ 6.711,44;nan;nan;nan;nan;nan;nan;nan;JACOBINA;01/03/2025;0924090;Consolidado;N/A
B-1098618;MP CIND POV EUCALIPTO RURAL;MUNDO NOVO;GABRIEL;HEMORGENES;nan;DIORLAN SOUZA - U352259;PLANO 14 - LPT;NOVOS QUESTIONAMENTOS ANEEL;08/03/25;08/03/25;nan;2025-31505;2025-25815;nan;nan;nan;1021480/2025;E732432 ao E732469;2;37;nan;nan;38;0%;50,00%;18/03/25;30/04/25;nan;nan;D016418;-11,9825692;-40,4960503;R$ 458.625,84;R$ 100.897,68;nan;nan;nan;nan;nan;nan;nan;JACOBINA;01/03/2025;1098618;Consolidado;N/A
B-1148818;MP-CIND-POV-AVN PRINCIPAL-JEQUITIBA RURA;MUNDO NOVO;GABRIEL;JOÃOZITO;nan;2025-35990;PLANO 7;PRIORIDADE PLANO ANEEL;07/03/25;07/03/25;11/03/25;nan;2025-23972   E TRANSFERÊNCIA 2025-33861;nan;nan;nan;1021929;E734643 - E734661;3;22;nan;nan;nan;0%;100,00%;10/03/25;30/03/25;nan;nan;D009330;-12,0403391;-40.48976;R$ 199.621,70;R$ 43.916,77;nan;nan;nan;nan;nan;nan;nan;JACOBINA;01/03/2025;1148818;Consolidado;N/A
B-1171960;IE-RELIGADOR-MUN-01N3-T21140;MUNDO NOVO;GABRIEL;HEMORGENES;MIGRADA PARA MARÇO;DIORLAN;PLANO 8;AL/MELHORAMENTO;15/02/25;15/02/25;nan;CRIAR;nan;nan;nan;nan;nan;E682395;0;0;nan;nan;0;0%;nan;10/02/25;20/03/25;nan;nan;L398153;https://maps.app.goo.gl/CAjyFe8FfYYATo4r8;-40.4618933;R$ 106.993,38;R$ 23.538,54;nan;nan;nan;nan;nan;nan;MIGRADA PARA MARÇO;JACOBINA;01/03/2025;1171960;Consolidado;N/A
B-1146840;ER-SEIN-FAZ-GUANABARA-RURAL-INDAI;MUNDO NOVO;GABRIEL;HEMORGENES;MIGRA PARA ABRIL;DIORLAN;PLANO 14 - LPT;REPUTACIONAL;14/02/25;14/02/25;18/02/25;nan;2025-28195;2025-11935;21/02/2025;EXECUTADO;1019115/2025;E717259 ao E717285;1;30;nan;nan;30;0%;nan;10/03/25;21/03/25;nan;nan;E545284;https://maps.app.goo.gl/Bt3aMLbJ4bN6Tcwt8;-40.5877595;R$ 223.783,24;R$ 49.232,31;nan;nan;nan;nan;nan;nan;MIGRA PARA ABRIL;JACOBINA;01/03/2025;1146840;Consolidado;N/A
B-1114109;AL GRUA AG SERRA RURAL;MUNDO NOVO;GABRIEL;HEMORGENES;nan;DIORLAN;PLANO 7;TRANSGRESSÃO;20/03/25;20/03/25;nan;nan;nan;CRIAR;AGUARDAR;DEFINIR;1019600/2025;E719592 ao E719638;0;62;nan;nan;58;0%;nan;17/03/25;30/06/25;nan;nan;D262172;https://maps.app.goo.gl/1WN3qJb2K99Nn9YL9;-40,4812778;R$ 2.996.234,13;R$ 659.171,51;nan;nan;nan;nan;nan;nan;nan;JACOBINA;01/03/2025;1114109;Consolidado;N/A
B-1113324;MP CIND RUA ALAGADIÇO RURAL;OUROLÂNDIA;GABRIEL;ELIEZER;nan;RICARDO SANTOS - U465100;PLANO 7;QLP;14/03/25;15/03/02;nan;2025-31506;2025-23881;nan;nan;nan;1021505/2025;E732572 ao E732596/E732614 ao E732617;3;35;nan;nan;35;0%;nan;20/03/25;30/03/25;nan;nan;R036717;https://maps.app.goo.gl/eGMnc5yJdWJqif2w9;-41,2879903;R$ 240.951,15;R$ 53.009,25;nan;nan;nan;nan;nan;nan;nan;JACOBINA;01/03/2025;1113324;Consolidado;N/A
B-1165228;UB-CIND-RUA JURACY BORGES-CENTRO;PIRITIBA;GABRIEL;JOSÉ MISAEL;ENERGIZADA;DIORLAN SOUZA - U352259;PLANO 7;NOVOS QUESTIONAMENTOS ANEEL;11/03/25;11/03/25;nan;nan;2025-28285;nan;nan;nan;nan;E732482 ao E732487;1;6;6;6;6;100%;100,00%;23/03/25;30/03/25;21/03/2025;PES 28285 OC 52137;L381016;-11,7312776;-40.5718945;R$ 36.076,55;R$ 7.936,84;nan;nan;nan;nan;nan;nan;ENERGIZADA;JACOBINA;01/03/2025;1165228;Consolidado;N/A
B-1035980;MP- CIND - POV.MANICOBA-RURAL;PIRITIBA;GABRIEL;JOSÉ MISAEL;ENERGIZADA;DIORLAN SOUZA - U352259;PLANO 7;QLP;09/01/25;09/01/25;28/01/25;2025-29545;2025-29550;nan;nan;nan;1016760/2024;E698799 ao E698813;1;15;15;15;0;100%;100,00%;10/03/25;15/03/25;17/03/2025;PES 29550 OC 41422;nan;-11,759154;-40,627565;R$ 134.719,83;R$ 29.638,36;nan;nan;nan;nan;Intercalar poste c LV, solo bom;nan;ENERGIZADA;JACOBINA;01/03/2025;1035980;Consolidado;N/A
B-1151038;ER-CCOL-FAZ-PINDOBEIRA-RURAL;PIRITIBA;GABRIEL;JOSÉ MISAEL;ENERGIZADA;DIORLAN SOUZA - U352259;PLANO 14 - LPT;QLP;24/01/25;24/01/25;28/01/25;2025-29557;2025-28019;nan;nan;nan;1016768/2024;E699134 ao E699147;1;14;14;14;0;100%;nan;16/03/25;22/03/25;24/03/2025;PES 28019 OC 59073;R033925;https://maps.app.goo.gl/4ityXsYkKnNtCq9f7;-40,7403755;R$ 126.327,14;R$ 27.791,97;nan;nan;nan;nan;nan;nan;ENERGIZADA;JACOBINA;01/03/2025;1151038;Consolidado;N/A
B-1098880;AC-CIND-AV-SEVERINO RIBEIRO GRAN-CENTRO;UMBURANAS;EDILECIO;LUCIANO;nan;RICARDO SANTOS - U465100;PLANO 7;SOLICITAÇÃO ATENDIMENTO;26/02/25;27/02/25;nan;2025-31507;nan;nan;nan;nan;nan;E717172;0;1;nan;nan;1;0%;100,00%;15/03/25;15/03/25;nan;nan;D006268;-10,7238749;-41.317756;R$ 27.740,82;R$ 6.102,98;nan;nan;nan;nan;nan;nan;nan;JACOBINA;01/03/2025;1098880;Consolidado;N/A
B-1160614;AC-CIND-FAZ-GRUNA-RURAL;UMBURANAS;EDILECIO;LUCIANO;nan;RICARDO SANTOS - U465100;PLANO 7;PRIORIDADE PLANO ANEEL;11/02/25;11/03/25;nan;2025-31508;nan;2025-29275;28/03/25;APROVADA;nan;E732481;0;1;nan;nan;0;0%;100,00%;17/03/25;18/03/25;nan;nan;B738823;https://maps.app.goo.gl/ZTjQJ8eV6gdMQnHCA;-41.4147798;R$ 32.368,46;R$ 7.121,06;nan;nan;nan;nan;nan;nan;nan;JACOBINA;01/03/2025;1160614;Consolidado;N/A
B-1173826;ER-CIND-RUA-DO PREDIO-RURAL DELFINO;UMBURANAS;EDILECIO;LUCIANO;nan;RICARDO SANTOS - U465100;PLANO 7;PRIORIDADE PLANO ANEEL;26/02/25;03/03/25;nan;nan;2025-26107;nan;nan;nan;nan;E717393 ao E717396;2;4;nan;nan;4;0%;100,00%;13/03/25;14/03/25;nan;nan;B858091;-10.5296909;-41.2853487;R$ 27.457,75;R$ 6.040,71;nan;nan;nan;nan;nan;nan;nan;JACOBINA;01/03/2025;1173826;Consolidado;N/A
B-1090820;MP-CCOL-POV. RODOLEIRO-RURAL;UMBURANAS;EDILECIO;LUCIANO;obra de avanço 50%;RICARDO SANTOS - U465100;PLANO 14 - LPT;LPT;19/02/25;19/02/25;nan;2025-31509;2025-26174;nan;nan;nan;1019120/2025;E717312 AO E717371;6;53;nan;nan;53;0%;nan;14/03/25;30/03/25;nan;nan;D923854;https://maps.app.goo.gl/pZ5EqJBwQ7BHv3fV7;-41.4415757;R$ 496.248,20;R$ 109.174,60;nan;nan;nan;nan;nan;nan;obra de avanço 50%;JACOBINA;01/03/2025;1090820;Consolidado;N/A
B-1134261;MP CIND POV VERDADEIRA RURAL;UMBURANAS;EDILECIO;LUCIANO;nan;RICARDO SANTOS - U465100;PLANO 7;QLP;12/03/25;12/03/25;nan;2025-31510;2025-26136;nan;nan;nan;nan;E732516 ao E732530;2;15;nan;nan;15;0%;nan;20/03/2025;25/03/25;nan;nan;E230190;https://maps.app.goo.gl/EV2UiQZcuNmdSrYPA;-41.4157327;R$ 169.574,89;R$ 37.306,48;nan;nan;nan;nan;nan;nan;nan;JACOBINA;01/03/2025;1134261;Consolidado;N/A
B-1149468;ER - CIND POV S O JOS  1375 - RURAL;UMBURANAS;GABRIEL;LUCIANO;ENERGIZADA;RICARDO SANTOS - U465100;PLANO 14 - LPT;QLP;11/02/25;12/02/25;13/02/25;2025-28448;2025-28540;nan;nan;nan;nan;E677222 ao E677224;2;3;3;3;0;100%;nan;nan;13/03/25;12/03/2025;PES 28540 OC 30169;D103573;https://maps.app.goo.gl/KdGDb7zgt626h1he7;-41.295951;R$ 22.869,35;R$ 5.031,26;nan;nan;nan;nan;nan;nan;ENERGIZADA;JACOBINA;01/03/2025;1149468;Consolidado;N/A
B-1130072;ER-CIND-FAZ-BOM SOSSEGO-RURAL;UMBURANAS;GABRIEL;LUCIANO;ENERGIZADA;nan;PLANO 7;QLP;11/02/25;12/02/25;13/02/25;2025-28355;2025-29091;nan;nan;nan;1019126/2025;E717445 ao E717459;1;15;13;15;0;100%;nan;25/02/25;13/03/25;13/03/2025;PES 29091 OC 33153;B348087;https://maps.app.goo.gl/o1xjMbFjtPJRK8jT8;-41.2874778;R$ 143.881,45;R$ 31.653,92;nan;nan;nan;nan;nan;nan;ENERGIZADA;JACOBINA;01/03/2025;1130072;Consolidado;N/A
B-1073346;LD-CIND-PR.GALDINO VITORIA-RURAL;MUNDO NOVO;GABRIEL;HEMORGENES;ENERGIZADA;DIORLAN SOUZA - U352259;PLANO 7;QLP;03/01/25;06/01/25;11/03/25;2025-31511;nan;nan;nan;nan;nan;E615827 E E615827;1;2;2;2;0;100%;nan;23/03/25;24/03/25;28/03/2025;PES 31511 OC 68160;B524475;-12,041839;-40,793877;R$ 27.036,75;R$ 5.948,09;nan;nan;nan;nan;Intercalar poste c LV, solo bom;nan;ENERGIZADA;JACOBINA;01/03/2025;1073346;Consolidado;N/A
B-1146489;ER-CIND-POV-QUEIMADA DO CAPIM-QUEIMADA;OUROLÂNDIA;GABRIEL;ELIEZER;ENERGIZADA;nan;PLANO 14 - LPT;QLP;17/02/25;17/02/25;nan;2025-28271;nan;nan;nan;nan;nan;E682399;2;1;1;1;0;100%;nan;07/03/25;15/03/25;13/03/2025;PES 28271 OC 32306;B503985;https://maps.app.goo.gl/VyQKpHe58EuVxfaE6;-41.1343653;R$ 22.539,11;R$ 4.958,60;nan;nan;nan;nan;nan;nan;ENERGIZADA;JACOBINA;01/03/2025;1146489;Consolidado;N/A
B-1173475;ER-CERB-POV-SANTO ANTONIO-RURAL;CAMPO FORMOSO;EDILECIO;ANTONIO;ENERGIZADA;HIAGO SANTANA - U470061;PLANO 7;GOVERNO;28/02/25;11/03/25;nan;2025-31512;nan;nan;nan;nan;nan;E717371;1;1;1;1;0;100%;nan;28/03/25;28/03/25;21/03/2025;PES 31512 OC 51766;Q062827;-10.5674167;-40.4512912;R$ 25.216,99;R$ 5.547,74;nan;nan;nan;nan;nan;nan;ENERGIZADA;JACOBINA;01/03/2025;1173475;Consolidado;N/A
B-1122127;MP-CCOL-POV.BOA VISTA DO CAJ-RURAL;CAMPO FORMOSO;EDILECIO;ANTONIO;nan;HIAGO SANTANA - U470061;PLANO 7;REPUTACIONAL;20/03/25;20/03/25;nan;nan;CRIAR;CRIAR;AGUARDAR;DEFINIR;1021925;E734507 ao E734542;3;46;nan;nan;46;0%;nan;15/03/25;30/04/25;nan;nan;D188098;-10.0511111;-40.3945463;R$ 783.832,42;R$ 172.443,13;nan;nan;nan;nan;nan;nan;nan;JACOBINA;01/03/2025;1122127;Consolidado;N/A
B-0936302;ER-CIND-RUA DO SUMIDOURO-RURAL-CPF;CAMPO FORMOSO;EDILECIO;ANTONIO;nan;HIAGO SANTANA - U470061;PLANO 7;REPUTACIONAL;11/02/25;11/02/25;nan;nan;2025-29162;nan;nan;nan;1021927;E734552 ao E734570;3;19;nan;nan;19;0%;nan;21/03/25;27/03/25;nan;nan;R025542;-10.5905000;-40.9336936;R$ 192.548,83;R$ 42.360,74;nan;nan;nan;nan;nan;nan;nan;JACOBINA;01/03/2025;0936302;Consolidado;N/A
B-1156133;MP CIND POV PANELINHA RURAL;CAMPO FORMOSO;EDILECIO;ANTONIO;nan;HIAGO SANTANA - U470061;PLANO 7;REPUTACIONAL;16/03/25;45733;nan;nan;2025-29194;nan;nan;nan;1021926;E734571 ao E734621;5;57;nan;nan;57;0%;nan;20/03/25;30/04/25;nan;nan;E279783;-10.3127222;-40.510141;R$ 499.023,93;R$ 109.785,26;nan;nan;nan;nan;nan;nan;nan;JACOBINA;01/03/2025;1156133;Consolidado;N/A
B-1161168;MP-CIND-POV LAGEDO RASO-TIQUARA-RURAL;CAMPO FORMOSO;EDILECIO;ANTONIO;MIGRAR;HIAGO SANTANA - U470061;PLANO 7;REPUTACIONAL;13/03/25;13/03/25;nan;nan;2025-29210;2025-28227;27/03/2025;APROVADA;1021928;E734628 ao E734642;1;15;nan;nan;15;0%;nan;10/03/25;27/03/25;nan;nan;B823038;-10.4508611;-40.5400979;R$ 136.141,73;R$ 29.951,18;nan;nan;nan;nan;nan;nan;MIGRAR;JACOBINA;01/03/2025;1161168;Consolidado;N/A
B-1100444;ER-CIND-POV-ALDEIA VELHA-RURAL;CAMPO FORMOSO;EDILECIO;ANTONIO;OBRA PREVISTA 17 POSTES, MAS APENAS 10 PROJETADOS;HIAGO SANTANA - U470061;PLANO 7;REPUTACIONAL;13/03/25;13/03/25;nan;2025-34512 - TRECHO I 2025-34523 - TRECHO II 2025-34530 -TRECHO III;nan;nan;nan;nan;nan;E732597 ao E732613;5;17;nan;nan;17;0%;nan;15/03/25;19/03/25;nan;nan;B425301;-10.4749722;-40.3093405;R$ 109.594,38;R$ 24.110,76;nan;nan;nan;nan;nan;nan;OBRA PREVISTA 17 POSTES, MAS APENAS 10 PROJETADOS;JACOBINA;01/03/2025;1100444;Consolidado;N/A
B-1011761;IS-CIND-POV-TOCA DA NOVILHA 195-RURAL;CAMPO FORMOSO;EDILECIO;ANTONIO;ENERGIZADA;HIAGO SANTANA - U470061;PLANO 7;REPUTACIONAL;13/03/25;13/02/25;nan;2025-34464 CONJ PD;nan;2025-27765 CONJ LV;26/03/25;APROVADA;nan;E677225 ao E677227;0;4;3;3;1;75%;nan;10/02/25;26/03/25;26/03/2025;PES 27765 OC 64045;Q063146;-10.4322222;-40,5631565;R$ 36.720,86;R$ 8.078,59;nan;nan;nan;nan;nan;nan;ENERGIZADA;JACOBINA;01/03/2025;1011761;Consolidado;N/A
B-1151445;ER-CIND-POV-BARRIGUDA BRASILIA-RURAL;UMBURANAS;EDILECIO;nan;ENERGIZADA;nan;PLANO 7;QLP;11/02/25;12/02/25;13/02/25;"2025-11942
CONJ. PD";nan;2025-11941 CONJ LV;28/02/25;APROVADA;1019124/2025;E717437 ao E717444;1;8;8;8;0;100%;nan;26/02/25;28/02/25;28/02/2025;nan;R071129;https://maps.app.goo.gl/bR95u8RRQV7hNGYb7;-41.391788;R$ 62.824,07;R$ 13.821,30;nan;nan;nan;nan;nan;nan;ENERGIZADA;JACOBINA;01/03/2025;1151445;Consolidado;N/A
B-1177447;ME-COEL-RUA-MANOEL DANTAS-TANQUE NOVO;MAIRI;GABRIEL;JOSÉ MISAEL;DESLIGAMENTO MARCADO PARA 3 TURMAS;MANOEL GUSTAVO;PLANO 7;RECLAMAÇÃO;23/01/25;23/01/25;29/01/25;nan;2025-7218;2025-27789;28/03/2025;REMARCAR;nan;E601293;0;1;1;1;0;100%;nan;01/02/25;28/03/25;nan;nan;nan;-11.71255095;/;R$ 111.820,29;R$ 24.600,46;;nan;nan;nan;nan;nan;DESLIGAMENTO MARCADO PARA 3 TURMAS;JACOBINA;01/03/2025;1177447;Consolidado;N/A
B-1128957;RC-SEIN-POV-DAS PEDRAS-PEDRAS;CAMPO FORMOSO;EDILECIO;nan;ENERGIZADA;HIAGO SANTANA;nan;REPUTACIONAL;23/12/24;23/12/24;30/01/25;2025-11294;nan;nan;nan;nan;nan;E615806 AO E615807;0;2;2;2;0;100%;nan;15/02/25;19/02/25;07/03/2025;nan;Q025689;-10.1878574;-40.886776;R$ 23.724,88;R$ 5.219,47;SIM;nan;nan;Dependende 2 postes 14/600;Intercalar dois postes de14 metros com LV, devido pavimentação da estrada rede ficou baixa. Avaliar;nan;ENERGIZADA;JACOBINA;01/03/2025;1128957;Consolidado;N/A
B-1148749;UB-CIND-RUA-ANTONIO JOSE-OUROLANDIA;OUROLÂNDIA;GABRIEL;nan;ENERGIZADA;nan;PLANO 7;QLP;10/02/25;10/02/25;12/02/25;nan;nan;2025-11279;14/02/25;APROVADA;nan;E677220 ao E677221;1;2;2;2;0;100%;nan;14/02/25;25/02/25;01/03/2025;nan;D741618;https://maps.app.goo.gl/UWXh7i5fsyKG3x8U9;-41.09003296;R$ 43.516,24;R$ 9.573,57;nan;nan;nan;nan;nan;nan;ENERGIZADA;JACOBINA;01/03/2025;1148749;Consolidado;N/A
B-1130167;ER-CIND-FAZ-DEUS DARA 398 --J-RURAL;MUNDO NOVO;GABRIEL;EDILSON HEMORGENES;ENERGIZADA;DIORLAN;nan;LPT;14/01/25;14/01/25;17/01/25;nan;2025-7212;nan;nan;nan;1016765/2024;E699046 ao E699055;1;10;10;10;0;100%;nan;17/02/25;21/02/25;01/03/2025;PES 24526 / OC 723;nan;-11,8322768;-40,4201272;R$ 52.286,75;R$ 11.503,09;nan;550,00;nan;nan;Extensão de rede BT;nan;ENERGIZADA;JACOBINA;01/03/2025;1130167;Consolidado;N/A
B-1114135;RR-CIND-FAZ-CANABRAVA-RURAL;MUNDO NOVO;GABRIEL;HEMORGENES;ENERGIZADA;DIORLAN;PLANO 7;QLP;14/01/25;14/01/25;17/01/25;2025-28061;2025-28201;nan;nan;nan;nan;E615863 AO E615870;1;7;7;7;0;100%;nan;22/02/25;15/03/25;11/03/2025;PES 28201/ OC 28417;nan;-11,8304148;-40,3460756;R$ 42.327,88;R$ 9.312,13;nan;380,00;nan;nan;Transformar N3 em N4 c LV. Solo bom;nan;ENERGIZADA;JACOBINA;01/03/2025;1114135;Consolidado;N/A
B-1148629;ER-CIND-FAZ-QUEIMADA NOVA-RURAL;BAIXA GRANDE;GABRIEL;JOSÉ MISAEL;nan;DIORLAN;PLANO 14 - LPT;RECLAMAÇÃO;18/02/25;18/02/25;24/02/25;2025-35028;2025-35064;nan;nan;nan;nan;E682393 ao E682394;1;2;nan;nan;2;0%;nan;26/02/25;28/03/25;nan;nan;B462086;https://maps.app.goo.gl/AtG8QydNL9NswLDf6;-40.027873;R$ 13.421,46;R$ 2.952,72;nan;nan;nan;nan;INTERCALAR 02 POSTES AT E LANÇAR 02 VÃO DE BT (161 UCS - CHI 966);nan;nan;JACOBINA;01/03/2025;1148629;Consolidado;N/A
nan;nan;nan;nan;nan;nan;nan;nan;nan;nan;nan;nan;nan;nan;nan;nan;nan;nan;nan;nan;2;nan;nan;nan;nan;nan;nan;nan;nan;nan;nan;nan;nan;nan;nan;nan;nan;nan;nan;nan;nan;nan;JACOBINA;01/03/2025;0000000;Descartado;Projeto Vazio/Inválido
nan;CARTEIRA DE MARÇO COM OBRAS MIGRADAS;nan;nan;nan;nan;nan;nan;nan;nan;nan;nan;-;nan;nan;nan;nan;nan;nan;nan;nan;nan;nan;nan;nan;nan;nan;nan;nan;nan;nan;nan;nan;nan;nan;nan;nan;nan;nan;nan;nan;nan;JACOBINA;01/03/2025;0000000;Descartado;Projeto Vazio/Inválido
nan;PERFIL DAS OBRAS;PROJETADOS;PREVISTOS;ENERGIZADO;nan;nan;nan;nan;nan;nan;nan;nan;nan;nan;nan;nan;nan;nan;nan;nan;nan;nan;nan;nan;nan;nan;nan;nan;nan;nan;nan;nan;nan;nan;nan;nan;nan;nan;nan;nan;nan;JACOBINA;01/03/2025;0000000;Descartado;Projeto Vazio/Inválido
nan;0 a 5 postes;19;50;13;nan;nan;nan;nan;nan;nan;nan;nan;nan;nan;nan;nan;nan;nan;nan;nan;nan;nan;nan;nan;nan;nan;nan;nan;nan;nan;nan;nan;nan;nan;nan;nan;nan;nan;nan;nan;nan;JACOBINA;01/03/2025;0000000;Descartado;Projeto Vazio/Inválido
nan;6 a 15 postes;16;171;53;nan;nan;nan;nan;nan;nan;nan;nan;nan;nan;nan;nan;nan;nan;nan;nan;nan;nan;nan;nan;nan;nan;nan;nan;nan;nan;nan;nan;nan;nan;nan;nan;nan;nan;nan;nan;nan;JACOBINA;01/03/2025;0000000;Descartado;Projeto Vazio/Inválido
nan;16 a 50 postes;9;251;16;nan;nan;nan;nan;nan;nan;nan;nan;nan;nan;nan;nan;nan;nan;nan;nan;nan;nan;nan;nan;nan;nan;nan;nan;nan;nan;nan;nan;nan;nan;nan;nan;nan;nan;nan;nan;nan;JACOBINA;01/03/2025;0000000;Descartado;Projeto Vazio/Inválido
nan;50 a 100 postes;3;167;0;nan;nan;nan;nan;nan;nan;nan;nan;nan;nan;nan;nan;nan;nan;nan;nan;nan;nan;nan;nan;nan;nan;nan;nan;nan;nan;nan;nan;nan;nan;nan;nan;nan;nan;nan;nan;nan;JACOBINA;01/03/2025;0000000;Descartado;Projeto Vazio/Inválido
nan;Acima de 100 postes;nan;nan;0;nan;nan;nan;nan;nan;nan;nan;nan;nan;nan;nan;nan;nan;nan;nan;nan;nan;nan;nan;nan;nan;nan;nan;nan;nan;nan;nan;nan;nan;nan;nan;nan;nan;nan;nan;nan;nan;JACOBINA;01/03/2025;0000000;Descartado;Projeto Vazio/Inválido
nan;TOTAL;47;639;82;nan;nan;nan;nan;nan;nan;nan;nan;nan;nan;nan;nan;nan;nan;nan;nan;nan;nan;nan;nan;nan;nan;nan;nan;nan;nan;nan;nan;nan;nan;nan;nan;nan;nan;nan;nan;nan;JACOBINA;01/03/2025;0000000;Descartado;Projeto Vazio/Inválido
