NOTA;PROJETO;TÍTULO;MUNICIPIO;ENCARREGADO;STATUS 1;SUPERVISOR;AR COELBA;PLANO;CRITÉRIO;OBRA SIMPLIFICADA;ANÁLISE PROJETO PRÉ-FECH.;SOLICITAÇÃO DE RESERVA;DATA SAQUE MATERIAIS;SOLICITAÇÃO DE TRANSPORTE CONCRETO;PES LV;PES ENCAB. BT / ENERG.;PES PD;DATA PD;STATUS PES PD;SI PG;PG's;CLIET.;PSTP;CAVA REALIZADA;PST EXEC;Á REALIZAR;AVANÇO;AVNR;INCIO;PV. FIM;DATA ENERG REAL;OC. ENERG.;REFERENCIA;LATITUDE;LONGITUDE;VALOR DE PROJETO;VALOR SERVIÇO;SERV. X % AVNP;Ticket Médio;% Vlr Serv x Vlr Projeto;PROVAVEL ROCHA;OBS;AVALIAÇÃO SERVIÇO;COORD;Carteira;PROJETO_FATO;STATUS_AUDITORIA;MOTIVO_DESCARTE
9102140206;B-1173896;RR - CIND POV LAGE DE CIMA 25 - RURAL;CAMPO FORMOSO;JAIRO;ENERGIZADA;EDLECIO;DIORLAN REIS;PLANO 14;nan;nan;24/09/2025;ANALISAR;08/10/25;nan;nan;2025-125533;2025-123730;22/10/2025;APROVADO;1038551;E878459 AO E878518;nan;60;nan;52;nan;nan;nan;01/10/25;31/10/25;nan;nan;E126378;-10,110247;-40,80345;R$ 529.924,68;R$  102.265,06;531778312%;R$  5.317.783,12;19%;nan;ABRIR CHAVE V10800 PARA REALIZAR MUDANÇA DE ESTRUTURA N3 PARA N4 NO PG E126378, ENCABEÇAR REDE NOVA E ENERGIZAR OBRA. PONTOS DE ATERRAMENTO: E126378 E E126879. PES BT.: ENCABEÇAR REDE BT NOVA NO PG NOVO E ENERGIZAR A OBRA.;nan;JACOBINA;01/10/2025;1173896;Consolidado;N/A
9101485073;B-1053689;RI-SEIN-RUA-ALCEBIADES RIOS-CENTRO VARZE;VARZEA DO POÇO;ALESSANDRO/ hermógenes;ENERGIZADA;ANDERSON;RICARDO BRITO;nan;nan;nan;30/08/2025;01/09/2025;nan;nan;nan;nan;2025-120744;15/10/2025;APROVADO;nan;E857466 AO E857498;nan;30;nan;30;nan;nan;nan;01/10/25;30/10/25;nan;nan;nan;-11,533215;-40,308907;R$ 255.446,68;nan;0%;R$  (6.337,23);0%;nan;PES DESL.: ABRIR CHAVE DO TRAFO J60288, PARA POSSIBILITAR A SUBSTITUIÇÃO DOS POSTES BT PARA MT DE PG'S D014040 AO D014038 E REALOCAR TRAFO DE PLACA J60288 PARA O PG D014042 E ENERGIZAR OBRA.(ATERRAR PG'S D014041 E D014047)PES LV: TRANSFORMAR M3 EM M4 NO PG D014041 E ENCABEÇAR REDE NOVA MT E ENERGIZAR OBRA;nan;JACOBINA;01/10/2025;1053689;Consolidado;N/A
9102328677;B-1221296;AC-CIND-FAZ-NOVILHA-RURAL;CAPIM GROSSO;JOSÉ MIZAEL;ENERGIZADA;EDUARDO;WELLINGTON SOUZA;PLANO 7;PRIORIDADE PLANO ANEEL;NÃO;20/09/2025;24/09/2025;06/10/2025;nan;nan;2025-124476;2025-116555;07/10/2025;APROVADO;nan;E838972 AO E838975;0;4;nan;nan;nan;100%;nan;01/10/25;07/10/2025;nan;nan;D036525;-11,365107;-39,927872;R$ 23.645,62;R$  6.375,65;0%;R$  -;27%;nan;PES DESL.: ABRIR A CHAVE J52630, PARA POSSIBILITAR INTERCALAR  POSTE ENTRE OS PG'S D036525 E D036526E, ENCABEÇAR REDE NOVA BT E ENERGIZAR OBRA.(ATERRAR OS PG'S D036525 E D036526). PES BT.: ENCABEÇAR REDE BT NOVA NO PG NOVO E ENERGIZAR A OBRA.;nan;JACOBINA;01/10/2025;1221296;Consolidado;N/A
9102075771;B-1144334;ER-SEIN-AV-LOMANTO JUNIOR-CENTRO;GAVIÃO;ANTÔNIO;ENERGIZADA;EDUARDO;MANOEL CONCEICAO;PLANO 7;GOVERNO;NÃO;18/09/2025;29/09/2025;06/10/2025;nan;2025-125177;2025-125560;nan;nan;nan;1038555;E857439 AO E857450;0;12;nan;12;nan;100%;nan;06/10/25;24/10/25;nan;nan;A236325;-11,4720518;-39,7859969;R$ 103.640,44;R$  21.728,19;26073828%;R$  260.738,28;21%;nan;PES LV: INTERCALAR POSTE MT COM ESTRUTURA N1 E CE3, ENTRE OS PGs A236325 E A262761 E INSTALAR BANCADA COM CHAVES FUSIVEIS E ENERGIZAR OBRA. PES BT: ENCABEÇAR REDE BT NO PG NOVO, FECHAR CHAVE DO TRAFO E ENERGIZAR OBRA;nan;JACOBINA;01/10/2025;1144334;Consolidado;N/A
9102319058;B-1209978;RR-CIND-POV-ALTAMIRA-MASSAMBAO;PIRITIBA;JOAOZITO;ENERGIZADA;ANDERSON;NAILTON SANTANA;PLANO 14;LPT;nan;30/09/2025;07/10/2025;09/10/2025;nan;nan;2025-125654;2025-120763;17/10/25;APROVADO;nan;E863221 AO E863235;3;15;nan;15;nan;100%;nan;07/10/25;30/10/25;nan;nan;R031774;-11,560574;-40,662033;R$ 135.337,96;nan;0%;R$  (3.328,36);0%;nan;ABRIR CHAVE J06232 PARA INTERCALAR POSTE ENTRE OS PGS R031773 E R031774, FECHAR CHAVE E TRAFO NOVO E ENERGIZAR OBRA. PONTOS DE ATERRAMENTO: R031773 E R031774 3 CI 18 CHI PES BT: ENCABEÇAR REDE MT NOVA DO PG NOVO, FECHAR CHAVE FUSIVEL NOVA E ENERGIZAR OBRA;nan;JACOBINA;01/10/2025;1209978;Consolidado;N/A
9102308815;B-1214777;ER-CIND-RUA-GAUDENCIA DE SOUZA R-RURAL;VÁRZEA DA ROÇA;ALEXSANDRO;ENERGIZADA;ANDERSON;MANOEL CONCEICAO;PLANO 7;PRIORIDADE PLANO ANEEL;nan;26/09/2025;30/09/2025;07/10/2025;nan;nan;2025-125749;nan;nan;nan;nan;E863242 AO E863243;1;2;nan;2;nan;100%;nan;23/10/25;24/10/25;nan;nan;D319668;-11,605276;-40,141989;R$ 14.217,09;nan;0%;R$  (354,17);0%;nan;PES BT: ENCABEÇAR REDE BT NOVA NO PG EXISTENTE D319668 E ENERGIZAR OBRA;nan;JACOBINA;01/10/2025;1214777;Consolidado;N/A
9102151274;B-1177741;UB-CIND-RUA-NOVA-CENTRO;OUROLÂNDIA;OLISVALDO;ENERGIZADA;EDLECIO;ANTONIO MELO;PLANO 7;PRIORIDADE PLANO ANEEL;NÃO;22/09/2025;30/09/2025;07/10/2025;nan;nan;2025-138331;nan;nan;nan;nan;E857571 AO E857572;0;2;nan;0;nan;100%;nan;27/10/25;31/10/25;nan;nan;D153604;-10,9701258;-41,0746935;R$ 16.267,49;R$  3.121,11;0%;R$  -;19%;nan;PES BT: ENCABEÇAR REDE BT NOVA NO PG EXISTENTE D153604 E ENERGIZAR OBRA;nan;JACOBINA;01/10/2025;1177741;Consolidado;N/A
9102136511;B-1165579;ER-CIND-FAZ-VITORIA REGIA-RURAL;PIRITIBA;JOAOZITO;ENERGIZADA;ANDERSON;NAILTON SANTANA;PLANO 7;PRIORIDADE PLANO ANEEL;SIM;22/09/2025;30/09/2025;07/10/2025;nan;2025-125620;2025-126065;nan;nan;nan;nan;E863311;1;1;nan;nan;nan;100%;nan;08/10/25;16/10/25;nan;nan;L433885;-11,7096995;-40,6054533;R$ 24.098,07;R$  2.262,45;226245%;R$  (593,47);9%;nan;PES LV: INTERCALAR POSTE MT ENTRE OS PGs L433885 E L433944 COM ESTRUTURA N1, INSTALAR BANCADA DO TRAFO E INSTALAR TRAFO E ENCABEÇAR REDE NOVA E ENERGIZAR OBRA PES BT: FECHAR CHAVE DO TRAFO NOVO INSTALADO NO PG NOVO E ENERGIZAR OBRA;nan;JACOBINA;01/10/2025;1165579;Consolidado;N/A
9102336083;B-1219645;ER-CIND-POV-SOINHO 11-RURAL;VÁRZEA DA ROÇA;ALEXSANDRO;ENERGIZADA;ANDERSON;MANOEL CONCEICAO;PLANO 7;QLP;nan;26/09/2025;30/09/2025;07/10/2025;nan;nan;2025-126084;nan;nan;nan;nan;E863244 AO E863245;1;2;nan;nan;nan;100%;nan;25/10/25;25/10/25;nan;nan;B094104;-11,593429;-40,152383;R$ 17.293,61;nan;0%;R$  (430,70);0%;nan;PES BT: ENCABEÇAR REDE BT NOVA NO PG EXISTENTE B094104 E ENERGIZAR OBRA;nan;JACOBINA;01/10/2025;1219645;Consolidado;N/A
9102323824;B-1223729;ER-CIND-FAZ-OLIVEIRAS 48-RURAL;CAPIM GROSSO;JOSÉ MIZAEL;ENERGIZADA;EDUARDO;WELLINGTON SOUZA;PLANO 7;PRIORIDADE PLANO ANEEL;NÃO;21/09/2025;30/09/2025;06/10/2025;nan;nan;2025-126091;nan;nan;nan;nan;E838976 AO E838977;1;2;nan;nan;nan;100%;nan;08/10/25;08/10/25;nan;nan;B492854;-11,3357464;-40,0307708;R$ 15.778,09;R$  3.421,58;0%;R$  -;22%;nan;PES BT: ENCABEÇAR REDE BT NO PG NOVO, FECHAR CHAVE DO TRAFO E ENERGIZAR OBRA;nan;JACOBINA;01/10/2025;1223729;Consolidado;N/A
9102223309;B-1198700;UB-CIND-RUA-A. C. DE MELO-LOT 13 DE JUN;OUROLÂNDIA;OLISVALDO;ENERGIZADA;EDLECIO;ANTONIO MELO;PLANO 7;QLP;NÃO;22/09/2025;30/09/2025;07/10/2025;nan;nan;2025-130482;nan;nan;nan;nan;E863307;1;1;nan;0;nan;100%;nan;27/10/25;31/10/25;nan;nan;B159032;-10,9733759;-41,0790026;R$ 8.966,68;R$  1.763,01;0%;R$  -;20%;nan;ENCABEÇAR REDE BT NOVA NO PG B159032 E ENERGIZAR OBRA.;nan;JACOBINA;01/10/2025;1198700;Consolidado;N/A
9102326904;B-1222420;ER-CIND-FAZ-MULUNGU-RURAL;CALDEIRÃO GRANDE;EUDÁRIO;ENERGIZADA;EDLECIO;RAFAEL CRUZ;PLANO 7;PRIORIDADE PLANO ANEEL;NÃO;20/09/2025;29/09/2025;06/10/2025;nan;nan;2025-126142;2025-117859;10/10/2025;APROVADO;nan;E857506 AO E857507;1;2;2;nan;nan;100%;nan;09/10/25;10/10/25;nan;nan;E487045;-11,046337;-40,307287;R$ 27.852,43;R$  4.013,99;0%;R$  -;14%;nan;PES DESL.: ABRIR A CHAVE V45597, PARA POSSIBILITAR INTERCALAR POSTE ENTRE OS PG'S E487044 E E487045, FECHAR CHAVE DO TRAFO NOVO E ENERGIZAR OBRA.(ATERRAR OS PG'S E487044 E E487045). PES BT.: ENCABEÇAR REDE BT NOVA NO PG NOVO E ENERGIZAR A OBRA.;nan;JACOBINA;01/10/2025;1222420;Consolidado;N/A
9101800566;B-1028455;AC-CIND-RUA CATARINA-RURAL (REG. LIG);OUROLÂNDIA;OLISVALDO;ENERGIZADA;EDLECIO;ANTONIO MELO;PLANO 7;QLP;NÃO;27/09/2025;07/10/2025;09/10/2025;nan;CRIAR;CRIAR;2025-130024;31/10/2025;APROVADO;1038574;E878580 AO E878582;1;24;nan;20;nan;100%;nan;10/10/25;31/10/25;nan;nan;R029807;-10,8320916;-41,3111755;R$ 156.529,12;nan;0%;R$  -;0%;nan;ABRIR CHAVE DO TRAFO J08403 PARA POSSIBITAR A SUBSTITUIÇÃO DOS POSTES BT POR AT E SUBSITUIÇÃO DE CABO NU BT POR MULTIPLEX DO PG R029808 AO R043957.;nan;JACOBINA;01/10/2025;1028455;Consolidado;N/A
9102334237;B-1221065;ER-CIND-PR -CENTRAL-CENTRO;VÁRZEA DA ROÇA;ALEXSANDRO;ENERGIZADA;ANDERSON;MANOEL CONCEICAO;PLANO 7;PRIORIDADE PLANO ANEEL;NÃO;26/09/2025;30/09/2025;07/10/2025;nan;nan;2025-127903;nan;nan;nan;nan;E863246 AO E863249;1;4;nan;nan;nan;100%;nan;20/10/25;23/10/25;nan;nan;L438405;-11,5945895;-40,0176006;R$ 26.615,00;nan;0%;R$  (665,08);0%;nan;PES BT:ENCABEÇAR REDE BT NOVA NO PG EXISTENTE L438405 E ENERGIZAR OBRA.;nan;JACOBINA;01/10/2025;1221065;Consolidado;N/A
9102329770;B-1222451;ER-CIND-RUA-DAS COMUNICACOES 27-CENTRO;CALDEIRÃO GRANDE;EUDÁRIO;ENERGIZADA;EDLECIO;RAFAEL CRUZ;PLANO 7;PRIORIDADE PLANO ANEEL;NÃO;19/09/2025;29/09/2025;06/10/2025;nan;nan;2025-127491;nan;nan;nan;nan;E857508 AO E857515;1;8;8;8;nan;100%;nan;11/10/25;13/10/25;nan;nan;D525089;-10,992328;-40,29705;R$ 47.068,85;R$  12.858,63;10286904%;R$  12.858,63;27%;nan;PES BT.: ENCABEÇAR REDE BT NOVA NO PG D525089 E ENERGIZAR A OBRA.;nan;JACOBINA;01/10/2025;1222451;Consolidado;N/A
9102139436;B-1172981;ER-CIND-FAZ-SERT O BONITO-RURAL;PIRITIBA;JOAOZITO;ENERGIZADA;ANDERSON;NAILTON SANTANA;PLANO 7;PRIORIDADE PLANO ANEEL;SIM;25/09/2025;30/09/2025;07/10/2025;nan;nan;nan;2025-119190;11/10/25;APROVADO;nan;E857498;1;1;nan;nan;nan;100%;nan;11/10/25;11/10/25;nan;nan;D251444;-11,6970982;-40,7719724;R$ 18.813,66;R$  1.011,02;101102%;R$  (461,44);5%;nan;nan;nan;JACOBINA;01/10/2025;1172981;Consolidado;N/A
9102107612;B-1157352;ER-CIND-POV-VILA DOS IRRIGANTES-RURAL;VÁRZEA DA ROÇA;ALESSANDRO/JOSÉ MIZAEL;ENERGIZADA;ANDERSON;MANOEL CONCEICAO;PLANO 7;QLP;nan;26/09/2025;30/09/2025;06/10/2025;nan;2025-127232;2025-127268;2025-119214;11/10/25;APROVADO;nan;nan;1;1;nan;nan;nan;100%;nan;11/10/25;31/10/25;nan;nan;B161406;-11,593637;-40,080329;R$ 36.450,64;nan;0%;R$  (909,44);0%;nan;ABRIR CHAVE E81195 PARA REALIZAR ADIÇÃO DE FASE DO PG, L439299 AO E427648 E INSTALAR CHAVE FUSÍVEL NO PG L439299. PES LV: ENTROCAR ADIÇÃO DE FASE NA N4 DO PG L439299.;nan;JACOBINA;01/10/2025;1157352;Consolidado;N/A
9102307087;B-1214090;AC-PREF-RUA-GABRIEL FRANCISCO-CENTRO;CAPIM GROSSO;JOSÉ MIZAEL/ANTONIO;ENERGIZADA;EDUARDO;WELLINGTON SOUZA;PLANO 7;QLP;NÃO;30/09/2025;01/10/2025;06/10/2025;30/09/2025;2025-127867;CRIAR;"2025-120042
2025-120513";14/10/25 28/10/2025;APROVADO;nan;nan;1;8;nan;3;nan;100%;nan;28/10/25;28/10/25;nan;nan;R003838;-11,383812;-40,007162;R$ 160.964,79;nan;0%;R$  -;0%;nan;PES DESL 1.: ABRIR O TRAFO J02364, PARA POSSIBILITAR RECONDUTORAMENTO BT E SUBSTITUIÇÕES DOS POSTES DOS PG'S R003836 AO R003815, R003835 AO R003836, R003823 AO R003827.(ATERRAR OS PG'S R003834, R003838, R003824, R003827, R003814, R003816, R003817 E R003819). PES LV: TRANSFORMAR B3 EM B4 NO PG R003838 E ENCABEÇAR REDE NOVA E ENERGIZAR OBRA.  PES DESL 2.:ABRIR TRAFO J02364 PARA POSSIBILITAR ABERTURA DE PASSAGEM NO PG R003826 SENTIDO PG R003819, FECHAR TRAFO, SUBSTITUIR REDE BT DO PG R003817 AO R003821 E SUBSTITUIR POSTE R003819 E ENERGIZAR OBRA.(ATERRAR OS PG'S R003817, R003821, R003826 E R003820);nan;JACOBINA;01/10/2025;1214090;Consolidado;N/A
9102127227;B-1163412;UB CIND AV LOMANTO JUNIOR CENTRO;GAVIÃO;ANTÔNIO;ENERGIZADA;EDUARDO;MANOEL CONCEICAO;PLANO 7;PRIORIDADE PLANO ANEEL;SIM;22/09/2025;25/09/2025;06/10/2025;nan;2025-125178;2025-127942;nan;nan;nan;nan;E838978 AO E838979;1;2;nan;2;nan;100%;nan;13/10/25;23/10/25;nan;nan;D401775;-11,475377;-39,7809173;R$ 19.384,92;R$  3.580,90;716180%;R$  7.161,80;18%;nan;PES LV: INTERCALAR POSTE MT COM ESTRUTURA N1 ENTRE OS PGs A262551 E D401775 E ENERGIZAR OBRA. PES BT.: ENCABEÇAR REDE BT NOVA NO PG NOVO E ENERGIZAR A OBRA.;nan;JACOBINA;01/10/2025;1163412;Consolidado;N/A
9101969088;B-1107749;ER-CIND-FAZ-CAIS-RURAL;OUROLÂNDIA;ELIEZER;ENERGIZADA;EDLECIO;ANTONIO MELO;PLANO 7;PRIORIDADE PLANO ANEEL;nan;22/09/2025;30/09/2025;07/10/2025;nan;nan;2025-127863;2025-120024;14/10/2025;APROVADO;nan;E857569 AO E857570;1;2;nan;nan;nan;100%;nan;13/10/25;14/10/25;nan;nan;B785605;-10,911468;-41,03473;R$ 14.461,06;R$  3.658,60;0%;R$  -;25%;nan;PES DESL.: ABRIR CHAVE G61126 PARA POSSIBILITAR INTERCALAR POSTE ENTRE OS PGS B785605 E B785606 E ENERGIZAR OBRA. (PONTOS DE ATERRAMENTO: B785605 E B785606) PES BT.: FECHAR CHAVE DO TRAFO NOVO, E FECHAR A CHAVE NOVA INSTALADA NA DERIVAÇÃO E ENERGIZAR A OBRA.;nan;JACOBINA;01/10/2025;1107749;Consolidado;N/A
9102333748;B-1223221;ER-CIND-POV-BARBOSA PRUDENCIO-RURAL;VÁRZEA DA ROÇA;ALEXSANDRO;ENERGIZADA;ANDERSON;MANOEL CONCEICAO;PLANO 7;PRIORIDADE PLANO ANEEL;NÃO;26/09/2025;30/09/2025;07/10/2025;nan;nan;2025-127851;nan;nan;nan;nan;E863250 AO E863251;1;2;nan;nan;nan;100%;nan;17/10/25;20/10/25;nan;nan;L437471;-11,6007504;-40,1087698;R$ 13.237,49;nan;0%;R$  (330,04);0%;nan;PES BT.: ENCABEÇAR REDE BT NOVA NO PG NOVO E ENERGIZAR A OBRA.;nan;JACOBINA;01/10/2025;1223221;Consolidado;N/A
9102327435;B-1223183;ER-CIND-FAZ-JUNCO 34-RURAL-CADEIR GRANDE;CALDEIRÃO GRANDE;EUDÁRIO;ENERGIZADA;EDLECIO;RAFAEL CRUZ;PLANO 7;PRIORIDADE PLANO ANEEL;NÃO;20/09/2025;07/10/2025;09/10/2025;30/10/2025;2025-117986;2025-126197;nan;nan;nan;nan;E857516 AO E857522;1;7;4;nan;nan;100%;nan;13/10/25;13/10/25;nan;nan;B186496;-11,016878;-40,282181;R$ 45.680,49;R$  11.830,52;0%;R$  -;26%;nan;PES LV: TRANSFORMAR N3-3 EM N4-3 NO PG Q057643 E ENCABEÇAR REDE NOVA E ENERGIZAR OBRA. PES BT.: ENCABEÇAR REDE BT NOVA NO PG R012413 E ENERGIZAR A OBRA.;nan;JACOBINA;01/10/2025;1223183;Consolidado;N/A
9102325831;B-1223602;ER-CIND-FAZ-MALHADA DA PEDRA-RURAL;VÁRZEA DA ROÇA;ALEXSANDRO;ENERGIZADA;ANDERSON;MANOEL CONCEICAO;PLANO 7;PRIORIDADE PLANO ANEEL;NÃO;26/09/2025;27/09/2025;01/10/2025;nan;nan;2025-127909;nan;nan;nan;nan;nan;1;0;nan;nan;nan;100%;nan;14/10/25;24/10/25;nan;nan;B694418;-11,5649641;-40,0732497;R$ 2.120,18;nan;nan;R$  (52,91);0%;nan;PES BT:ENCABEÇAR REDE BT NOVA NO PG EXISTENTE B694417 E ENERGIZAR OBRA.;nan;JACOBINA;01/10/2025;1223602;Consolidado;N/A
9102126821;B-1163417;ER CIND POV DO VIEIRA - RURAL;GAVIÃO;ANTÔNIO;ENERGIZADA;EDUARDO;MANOEL CONCEICAO;PLANO 7;PRIORIDADE PLANO ANEEL;SIM;22/09/2025;07/10/2025;13/10/2025;nan;nan;2025-126666;2025-120602;13/10/2025;APROVADO;nan;E838980;1;0;nan;nan;nan;100%;nan;13/10/25;13/10/25;nan;nan;D244613;-11,5567097;-39,6949826;R$ 19.501,32;R$  2.262,45;0%;R$  -;12%;nan;PES DESL.: ABRIR CHAVE H93010 PARA INTERCALAR POSTE ENTRE OS PGS D244612 E D244613, INSTALAR TRAFO E ENERGIZAR OBRA.(ATERRAR PG'S D244612 E D244613);nan;JACOBINA;01/10/2025;1163417;Consolidado;N/A
9102145157;B-1171022;AC-CIND-POV-SAO MIGUEL-RURAL;OUROLÂNDIA;ELIEZER;ENERGIZADA;EDLECIO;ANTONIO MELO;PLANO 7;PRIORIDADE PLANO ANEEL;SIM;22/09/2025;07/10/2025;13/10/2025;nan;nan;nan;2025-120694;15/10/2025;APROVADO;nan;nan;0;1;nan;nan;nan;100%;nan;15/10/25;15/10/25;nan;nan;R046853;-10,8041026;-41,3194096;R$ 28.406,74;R$  1.854,02;0%;R$  -;7%;nan;PES DESL.: ABRIR CHAVE DO TRAFO J02392 PARA POSSIBILITAR A SUA SUBSTITUIÇÃO. SUBSTITUIR REDE BT DO PG R046851 AO R046849 E ENERGIZAR OBRA.(ATERRAR PG'S R046854, R046852 E R046849);nan;JACOBINA;01/10/2025;1171022;Consolidado;N/A
9102124562;B-1226821;UB-CIND-RUA-JOANA FERREIRA-N HORIZONTE;CAPIM GROSSO;JOSÉ MIZAEL/ANTONIO;ENERGIZADA;EDUARDO;WELLINGTON SOUZA;PLANO 7;QLP;NÃO;26/09/2025;07/10/2025;09/10/2025;nan;CRIAR;CRIAR;"2025-121715
2025-121753";17/10/25 22/10/2025;APROVADO;nan;nan;1;6;nan;6;nan;0%;nan;15/10/25;22/10/25;nan;nan;nan;-11.3796894;-40.0081705;R$ 98.088,35;nan;nan;nan;nan;nan;ABRIR CHAVE J60186 PARA SUBSTITUIR POSTE D026655, LANÇAR REDE BT DO PG B772029 AO D026655 E ENERGIZAR OBRA. PONTOS DE ATERRAMENTOS:  B772029 E D026655.;nan;JACOBINA;01/10/2025;1226821;Consolidado;N/A
9102327370;B-1221874;AC-CIND-POV-MARGEM DO RIO JACUIPE-RURAL;SÃO JOSÉ DO JACUÍPE;ANTÔNIO;ENERGIZADA;EDUARDO;MANOEL CONCEICAO;PLANO 7;PRIORIDADE PLANO ANEEL;NÃO;25/09/2025;PENDENTE;PENDENTE;nan;2025-125180;2025-127194;nan;nan;nan;nan;E857573;1;1;nan;nan;nan;100%;nan;15/10/25;15/10/25;nan;nan;D021838;-11,4774607;-39,9341515;R$ 22.475,38;R$  2.305,21;230521%;R$  (562,81);10%;nan;PES LV: INTERCALAR POSTE MT COM ESTRUTURA N1 ENTRE OS PGs D021838 E D021839 INSTALAR BANCADA DO TRAFO E INSTALAR TRAFO E ENERGIZAR OBRA.;nan;JACOBINA;01/10/2025;1221874;Consolidado;N/A
9102329777;B-1223506;ER-CIND-FAZ-ANASTACIO 17-RURAL OUROLANDI;OUROLÂNDIA;ELIEZER;ENERGIZADA;EDLECIO;ANTONIO MELO;PLANO 7;PRIORIDADE PLANO ANEEL;NÃO;22/09/2025;07/10/2025;09/10/2025;nan;2025-127715;2025-128114;nan;nan;nan;nan;E863308 AO E863309;0;2;nan;nan;nan;100%;nan;17/10/25;17/10/25;nan;nan;R029414;-10,9407143;-41,1078267;R$ 31.635,05;R$  4.042,40;202120%;R$  (769,56);13%;nan;PES LV: INTERCALAR POSTE MT COM ESTRUTURA N1 ENTRE OS PGs R029413 E R029414 INSTALAR BANCADA DO TRAFO E ENERGIZAR OBRA.;nan;JACOBINA;01/10/2025;1223506;Consolidado;N/A
9101725698;B-1008533;RR-CIND-FAZ-SEBASTIAO-RURAL;SAÚDE;EUDÁRIO;ENERGIZADA;EDLECIO;RAFAEL CRUZ;PLANO 7;QLP;SIM;02/10/2025;07/10/2025;09/10/2025;nan;2025-127827;2025-127946;nan;nan;nan;nan;nan;1;2;nan;nan;nan;100%;nan;14/10/25;14/10/25;nan;nan;B093656;nan;-40.3722584;R$ 12.457,78;nan;0%;R$  (0,00);0%;nan;PES LV: TRANSFORMAR N3 EM N4 NO PG B093656 E ENCABEÇAR REDE MT NOVA E ENERGIZAR OBRA. PES BT:ENCABEÇAR REDE BT NOVA NO PG EXISTENTE B093656 E ENERGIZAR OBRA.;nan;JACOBINA;01/10/2025;1008533;Consolidado;N/A
9102334332;B-1223190;UB-CIND-RUA-DO GRAVATA-CENTRO;PIRITIBA;JOAOZITO;ENERGIZADA;ANDERSON;NAILTON SANTANA;PLANO 7;PRIORIDADE PLANO ANEEL;NÃO;25/09/2025;07/10/2025;09/10/2025;nan;nan;2025-127488;nan;nan;nan;nan;E857499 AO E857501;1;3;nan;nan;nan;100%;nan;15/10/25;15/10/25;nan;nan;D541388;-11,7357744;-40,5613292;R$ 18.862,21;R$  4.807,46;160249%;R$  (465,03);25%;nan;ABRIR CHAVE DO TRAFO H91894 PARA INSTALAR POSTE ENTRES OS PGS D251445 E D251444, INSTALAR TRAFO E ENERGIZAR OBRA. PES BT: FECHAR CHAVE DO TRAFO NOVO INSTALADO NO PG NOVO E ENERGIZAR OBRA.;nan;JACOBINA;01/10/2025;1223190;Consolidado;N/A
9102127374;B-1165655;ER-CIND-FAZ-CAI ARA-RURAL;SERROLÂNDIA;JOSÉ MILTON;ENERGIZADA;ANDERSON;RAFAEL CRUZ;PLANO 7;PRIORIDADE PLANO ANEEL;SIM;26/09/2025;07/10/2025;09/10/2025;nan;nan;2025-130422;2025-120766;17/10/25;APROVADO;nan;E863240;1;1;nan;nan;nan;100%;nan;17/10/25;17/10/25;nan;nan;R040538;-11,3703038;-40,2387958;R$ 22.588,32;nan;0%;R$  (561,36);0%;nan;ABRIR CHAVE W87290 PARA INTERCALAR POSTE ENTRE OS PGS R040538 E R040537, INSTALAR TRAFO E ENERGIZAR OBRA. PONTOS DE ATERRAMENTO: R040538 E R040537 134 CI 804 CHI. 13,8KVA;nan;JACOBINA;01/10/2025;1165655;Consolidado;N/A
9102321093;B-1213380;RR-CIND-FAZ-URUCU-VARZEA DO LACO;GAVIÃO;ANTÔNIO;ENERGIZADA;EDUARDO;MANOEL CONCEICAO;PLANO 14;QLP;NÃO;18/09/2025;07/10/2025;09/10/2025;nan;nan;2025-127498;2025-123801;29/10/2025;APROVADO;nan;E857451 AO E857462;1;12;nan;0;nan;100%;nan;20/10/25;29/10/25;nan;nan;D535980;-11,5690766;-39,7640555;R$ 143.686,58;R$  20.428,96;0%;R$  -;14%;nan;ABRIR CHAVE N19554 PARA POSSIBILITAR MUDANCÇA DE ESTUTURA DE N3 PARA N3-3, ENCABEÇAR REDE NOVA, FECHAR TRAFO NOVO E ENERGIZAR OBRA. PONTOS DE ATERRAMENTO: D535969 e D535980 (13,8kva);nan;JACOBINA;01/10/2025;1213380;Consolidado;N/A
9102153325;B-1181928;AC-CIND-FAZ-CATITU-RURAL;OUROLÂNDIA;EUDÁRIO;ENERGIZADA;EDLECIO;ANTONIO MELO;PLANO 7;QLP;NÃO;25/09/2025;21/10/2025;22/10/2025;nan;nan;2025-119626;2025-123175;24/10/2025;APROVADO;1038582;E863290 AO E863306;1;17;nan;0;nan;100%;nan;20/10/25;31/10/25;nan;nan;D258263;-10,8964525;-41,0734264;R$ 182.631,94;R$  32.310,59;0%;R$  -;18%;nan;ABRIR CHAVE H90619 PARA POSSIBILTAR MUDANÇA DE ESTUTURA DE N3-3 PARA N4-3, ENCABEÇAR REDE NOVA E ENERGIZAR OBRA. PONTOS DE ATERRAMENTO: D258264 e D258262.;nan;JACOBINA;01/10/2025;1181928;Consolidado;N/A
9102329214;B-1220697;AC-CIND-ET-JACOBINA ESCONCIO-RURAL;JACOBINA;EUDÁRIO;ENERGIZADA;EDLECIO;ERIC TEIXEIRA;PLANO 7;PRIORIDADE PLANO ANEEL;NÃO;18/09/2025;09/10/2025;16/10/2025;nan;2025-121160;nan;2025-121151;21/10/2025;APROVADO;nan;E857529 AO E857530;0;2;nan;nan;nan;100%;nan;20/10/25;21/10/25;nan;nan;R000319;-11,2286704;-40,3339641;R$ 80.640,15;R$  5.207,65;0%;R$  -;6%;nan;ABRIR CHAVE DO TRAFO J02123 PARA POSSIBILITAR A SUA SUBSTITUIÇÃO, SUBSTITUIR REDE BT DO PG R000315 AO R000319 E ENERGIZAR OBRA. PONTOS DE ATERRAMENTO: R000319 E R000315 PES LV: INTERCALAR DOIS POSTES ENTRE OS PGS R000315 E R000319.;nan;JACOBINA;01/10/2025;1220697;Consolidado;N/A
9102141784;B-1172021;ER-CIND-FAZ-PE DE SERRA-RR-SERROLANDIA;SERROLÂNDIA;ALESSANDRO;ENERGIZADA;ANDERSON;RAFAEL CRUZ;PLANO 7;PRIORIDADE PLANO ANEEL;SIM;26/09/2025;07/10/2025;09/10/2025;nan;nan;2025-130449;2025-121175;21/10/2025;APROVADO;nan;E863241;1;1;nan;nan;nan;100%;nan;21/10/25;21/10/25;nan;nan;D238961;-11,4063739;-40,2960127;R$ 17.510,26;nan;0%;R$  (434,54);0%;nan;ABRIR CHAVE H87190 PARA INTERCALAR POSTE ENTRE OS PGS D238961 E D238962, INSTALAR TRAFO E ENERGIZAR OBRA.(ATERRAR PG'S D238961 E D238962);nan;JACOBINA;01/10/2025;1172021;Consolidado;N/A
9102323761;B-1221797;ER-CIND-POV-PAU FERRO DE BAIXO-JACOBINA;JACOBINA;EUDÁRIO;ENERGIZADA;EDLECIO;ERIC TEIXEIRA;PLANO 7;PRIORIDADE PLANO ANEEL;NÃO;18/09/2025;07/10/2025;09/10/2025;nan;nan;nan;2025-121117;22/10/2025;APROVADO;nan;E857533;1;1;nan;1;nan;100%;nan;22/10/25;22/10/25;nan;nan;E427117;-11.167.399;-40,622857;R$ 21.915,75;R$  2.262,45;226245%;R$  2.262,45;10%;nan;ABRIR CHAVE V45564 PARA INTERCALAR POSTE ENTRE OS PGS E427117 E E427118, INSTALAR TRAFO E ENERGIZAR OBRA. PONTOS DE ATERRAMENTO: E427118 E E427117 CI: 1 CHI: 6;nan;JACOBINA;01/10/2025;1221797;Consolidado;N/A
9102325313;B-1223589;ER-CIND-POV-TAPIRANGA-RURAL;MIGUEL CALMON;JOAOZITO;ENERGIZADA;ANDERSON;ERIC TEIXEIRA;PLANO 7;PRIORIDADE PLANO ANEEL;NÃO;18/09/2025;08/10/2025;10/10/2025;nan;2025-127831;2025-129617;nan;nan;nan;nan;E857565 AO E857568;1;4;4;3;nan;100%;nan;22/10/25;31/10/25;nan;nan;R037724;-11,444898;-40,4806627;R$ 46.259,45;R$  7.285,96;2185788%;R$  5.464,47;16%;nan;PES LV: INTERCALAR POSTE MT ENTRE OS PGs R037724 E R037725 COM ESTRUTURA N1, INSTALAR BANCADA DO TRAFO E INSTALAR TRAFO E ENCABEÇAR REDE NOVA E ENERGIZAR OBRA;UTILIZOU 02 POSTE 9/400 DA OBRA 1112645 CANCELADA;JACOBINA;01/10/2025;1223589;Consolidado;N/A
9102099302;B-1155527;AC-CIND-PR -JOS ESTEVES-NOVO HORIZONTE;CAPIM GROSSO;JOSÉ MIZAEL/ANTONIO;cliente vip 10;EDUARDO;WELLINGTON SOUZA;PLANO 7;GOVERNO;NÃO;22/09/2025;07/10/2025;30/10/2025;nan;CRIAR;2025-130449;2025-129413;30/10/2025;PENDENTE;nan;E857523 AO E857524;1;4;nan;0;nan;100%;nan;22/10/25;31/10/25;nan;nan;R004439;-11,37705;-40,005485;R$ 60.355,61;R$  9.019,01;0%;R$  -;15%;nan;nan;nan;JACOBINA;01/10/2025;1155527;Consolidado;N/A
9102329708;B-1221433;ER-CIND-FAZ-PATOS 11-RURAL-ITAPEIPU;JACOBINA;EUDÁRIO;ENERGIZADA;EDLECIO;RAFAEL CRUZ;PLANO 7;PRIORIDADE PLANO ANEEL;NÃO;18/09/2025;09/10/2025;16/10/2025;nan;nan;2025-130471;nan;nan;nan;nan;E857531 AO E857532;1;2;nan;nan;nan;100%;nan;22/10/25;22/10/25;nan;nan;B186108;-11,262294;-40,341715;R$ 12.182,15;R$  3.052,66;0%;R$  -;25%;nan;nan;nan;JACOBINA;01/10/2025;1221433;Consolidado;N/A
9102337760;B-1225209;IT-GRUA-CJN-BEGE BAHIA- MARMORE;OUROLÂNDIA;OLISVALDO;CONCLUI DIA 31/10;EDLECIO;ANTONIO MELO;PLANO 7;REPUTACIONAL;nan;22/09/2025;PENDENTE;nan;nan;2025-137993;nan;nan;nan;nan;nan;E863310;0;1;nan;0;nan;100%;nan;30/10/25;31/10/25;nan;nan;R071377;t;-41,440857;R$ 76.810,95;nan;0%;R$  (1.853,51);0%;nan;nan;nan;JACOBINA;01/10/2025;1225209;Consolidado;N/A
9102326720;B-1220454;ER-CIND-POV-BARROC O-RURAL CAFELANDIA;JACOBINA;EUDÁRIO;ENERGIZADA;EDLECIO;NATALICIO SILVA;PLANO 7;PRIORIDADE PLANO ANEEL;NÃO;18/09/2025;03/10/2025;06/10/2025;nan;nan;2025-127484;nan;nan;nan;nan;E857526 AO E857528;1;3;nan;nan;nan;100%;nan;11/10/25;11/10/25;nan;nan;B984981;-11,080518;-40,542064;R$ 28.697,35;R$  5.539,75;0%;R$  -;19%;nan;PES BT: ENCABEÇAR REDE BT NOVA NO PG EXISTENTE B984981 E ENERGIZAR OBRA;nan;JACOBINA;01/10/2025;1220454;Consolidado;N/A
9102330722;B-1221927;ER-CIND-POV-PONTILHAO 37-PONTILHAO DE CA;JACOBINA;EUDÁRIO;ENERGIZADA;EDLECIO;ERIC TEIXEIRA;PLANO 7;PRIORIDADE PLANO ANEEL;NÃO;18/09/2025;03/10/2025;06/10/2025;nan;nan;2025-124556;nan;nan;nan;nan;E857534 AO E857535;0;2;nan;nan;nan;100%;nan;25/10/25;25/10/25;concluida;nan;E120401;-11,206672;-40,555112;R$ 12.482,12;R$  3.222,44;0%;R$  -;26%;nan;PES BT: ENCABEÇAR REDE BT NOVA NO PG EXISTENTE E120401 E ENERGIZAR OBRA;nan;JACOBINA;01/10/2025;1221927;Consolidado;N/A
9102330760;B-1223173;UB-CIND-TRV-QUINTINO ALVES-LAGES;JACOBINA;EUDÁRIO;ENERGIZADA;EDLECIO;NATALICIO SILVA;PLANO 7;PRIORIDADE PLANO ANEEL;NÃO;18/09/2025;09/10/2025;16/10/2025;nan;nan;2025-130472;nan;nan;nan;nan;E857534 AO E857535;0;2;nan;0;nan;100%;nan;24/10/25;25/10/25;nan;nan;B890301;-11,054092;-40,779353;R$ 13.121,70;R$  3.385,64;0%;R$  -;26%;nan;nan;nan;JACOBINA;01/10/2025;1223173;Consolidado;N/A
9102130566;B-1165581;ME-COEL-ROD-AL DAS ARVORES-CONTORNOLANDI;SERROLÂNDIA;JOSÉ MIZAEL;ENERGIZADA;EDUARDO;WELLINGTON SOUZA;PLANO 1;AL/MELHORAMENTO;SIM;18/09/2025;nan;nan;nan;2025-133709;nan;nan;nan;nan;nan;E863236 AO E863239;0;4;nan;nan;nan;100%;nan;27/10/25;25/10/25;nan;nan;D304366;-11,3207067;-40,1601236;R$ 837.471,38;nan;0%;R$  (20.853,31);0%;nan;nan;nan;JACOBINA;01/10/2025;1165581;Consolidado;N/A
9102327385;B-1222000;ER-CIND-POV-CURRAL VELHO-RURAL;MIGUEL CALMON;JOAOZITO;ENERGIZADA;ANDERSON;ERIC TEIXEIRA;PLANO 7;PRIORIDADE PLANO ANEEL;NÃO;18/09/2025;09/10/2025;16/10/2025;nan;nan;2025-128195;2025-123754;28/10/2025;APROVADO;nan;E857560 AO E857561;1;2;nan;1;nan;100%;nan;28/10/25;28/10/25;nan;nan;D026654;-11,291222;-40,62602;R$ 15.021,50;R$  3.619,53;361953%;R$  3.619,53;24%;nan;ABRIR TRAFO D08577 PARA POSSIBILITAR ENCABEÇAMWENTO DE REDE NOVA BT NO PG E673926 E ENERGIZAR OBRA. PONTOS DE ATERRAMENTO: E673926;nan;JACOBINA;01/10/2025;1222000;Consolidado;N/A
9102224278;B-1193533;UB-CIND-POV-COMUNIDADE-DE ALAGOINHAS;JACOBINA;José Roberto;ENERGIZADA;ANDERSON;ERIC TEIXEIRA;PLANO 7;PRIORIDADE PLANO ANEEL;NÃO;18/09/2025;09/10/2025;16/10/2025;nan;nan;2025-130477;2025-123788;29/10/2025;APROVADO;nan;E857463;1;2;nan;0;2;100%;nan;29/10/25;29/10/25;nan;nan;nan;-11,1809963;-40,5381566;R$ 26.813,91;R$  3.624,46;0%;R$  -;14%;nan;ABRIR CHAVE J60186 PARA SUBSTITUIR POSTE D026655, LANÇAR REDE BT DO PG B772029 AO D026655 E ENERGIZAR OBRA. PONTOS DE ATERRAMENTOS:  B772029 E D026655.;nan;JACOBINA;01/10/2025;1193533;Consolidado;N/A
9102337685;B-1223489;ER-CIND-FAZ-CURRAL VELHO-RURAL;MIGUEL CALMON;EUDÁRIO;ENERGIZADA;EDLECIO;ERIC TEIXEIRA;PLANO 7;PRIORIDADE PLANO ANEEL;NÃO;18/09/2025;09/10/2025;16/10/2025;nan;nan;2025-128255;nan;nan;nan;nan;E857562 AO E857564;1;3;nan;1;nan;100%;nan;24/10/25;24/10/25;nan;nan;B800661;-11,284316;-40,620029;R$ 20.590,15;R$  4.859,63;485963%;R$  4.859,63;24%;nan;PES BT: ENCABEÇAR REDE BT NOVA NO PG EXISTENTE B800661 E ENERGIZAR OBRA.;nan;JACOBINA;01/10/2025;1223489;Consolidado;N/A
9102327161;B-1219522;UB-CIND-RUA-JOSE M QUEIROZ-J M QUEIROZ;CAPIM GROSSO;nan;ENERGIZADA;GUSTAVO;WELLINGTON SOUZA;PLANO 7;QLP;NÃO;18/09/2025;nan;nan;nan;nan;nan;nan;nan;nan;nan;E857525;1;1;nan;nan;nan;100%;nan;nan;nan;01/10/25;PES 116927 / OC 1029;E408091;-11,388637;-40,007504;R$ 10.555,49;nan;0%;R$  -;0%;nan;R003838;nan;JACOBINA;01/10/2025;1219522;Consolidado;N/A
9102333115;B-1219533;UB-CIND-RUA-JOSE SANTANA 211-CONTORNO SA;CAPIM GROSSO;nan;ENERGIZADA;GUSTAVO;WELLINGTON SOUZA;PLANO 7;QLP;NÃO;18/09/2025;nan;nan;nan;nan;nan;nan;nan;nan;nan;E839054;1;1;nan;nan;nan;100%;nan;nan;nan;01/10/25;PES 116949 / OC 1522;B725967;-11,389959;-40,01713;R$ 9.267,04;nan;0%;R$  -;0%;nan;nan;nan;JACOBINA;01/10/2025;1219533;Consolidado;N/A
9102323164;B-1219845;UB-CIND-RUA-SAO PEDRO-NOVO OESTE;CAPIM GROSSO;nan;ENERGIZADA;EDUARDO;WELLINGTON SOUZA;PLANO 7;QLP;NÃO;18/09/2025;nan;nan;nan;nan;nan;nan;nan;nan;nan;E838969 AO E838971;1;3;nan;nan;nan;100%;nan;nan;nan;nan;nan;B925078;-11,37777;-40,021299;R$ 26.595,30;nan;0%;R$  -;0%;nan;obra falta fazer um trecho;nan;JACOBINA;01/10/2025;1219845;Consolidado;N/A
nan;B-1227403;COEL-ROD-BA130-CAPIM GROSSO-COMPLEMENTO;CAPIM GROSSO;JOSÉ MIZAEL;nan;EDUARDO;WELLINGTON SOUZA;1.2.1.1.3 - DISTR URBA.SDMT NORT;nan;nan;nan;nan;nan;nan;nan;nan;nan;nan;nan;nan;nan;nan;nan;nan;nan;nan;nan;nan;nan;nan;nan;nan;nan;nan;nan;nan;nan;nan;nan;nan;nan;nan;nan;JACOBINA;01/10/2025;1227403;Consolidado;N/A
9102130568;B-1174903;AL-COEL-03-CAPIM GROSSO II -CONSTR-RURAL;CAPIM GROSSO;nan;nan;EDUARDO;nan;nan;nan;nan;nan;nan;nan;nan;nan;nan;nan;nan;nan;nan;nan;nan;nan;nan;nan;nan;nan;nan;nan;31/10/2025;nan;nan;nan;nan;nan;nan;nan;nan;nan;nan;nan;nan;nan;JACOBINA;01/10/2025;1174903;Consolidado;N/A
9102093081;B-1148379;IS-CIND-AV-SETE SETEMBRO-URBANA;OUROLÂNDIA;OLISVALDO;CONCLUSÃO NO DESLIGAMENTO  30/10;EDLECIO;ANTÔNIO MELO;PLANO 8;TRANSGRESSÃO;SIM;02/09/2025;nan;24/09/2025;nan;nan;nan;2025-128835;29/10/2025;nan;nan;E839080 AO E839082;0;5;4;4;nan;0%;nan;22/09/2025;31/10/2025;nan;nan;D929742;-10,851471;-41,376750;R$ 61.641,33;R$ 9.099,24;nan;nan;nan;nan;PES LV. - INTERCALAR DOIS POSTES AT ENTRE OS PG'S R046475 E D929742 COM ESTRUTURA N3-3, E INTERCALAR POSTE AT COM ESTRUTURA N3-3 ENTRE OS PG'S D039296 E O D929742.PES DESL.: ABRIR RELIGADOR  J02517(FAZER CORTE VISIVEL), FECHAR RELIGADOR J04025,  ABRIR TRAFO N80765,  PARA POSSIBILITAR ABERTURA DE PASSAGEM NO PG R046476, INTERCALAR POSTE MT COM ESTRUTURA N3-3 ENTRE OS PG'S R046475 E D929742, ENCABEÇAR REDE MT NOVA E ENERGIZAR OBRA.(ATERRAR OS PG'S D929742 E R046475).;nan;JACOBINA;01/10/2025;1148379;Consolidado;N/A
nan;nan;nan;nan;nan;nan;nan;nan;nan;nan;nan;nan;nan;nan;nan;nan;nan;nan;nan;nan;nan;nan;nan;nan;nan;nan;nan;nan;nan;nan;nan;nan;nan;nan;nan;nan;nan;nan;nan;nan;nan;nan;nan;nan;JACOBINA;01/10/2025;0000000;Descartado;Projeto Vazio/Inválido
nan;nan;nan;nan;nan;nan;nan;nan;nan;nan;nan;nan;nan;nan;nan;nan;nan;nan;nan;nan;nan;nan;nan;nan;nan;nan;nan;nan;nan;nan;nan;nan;nan;nan;nan;nan;nan;nan;nan;nan;nan;nan;nan;nan;JACOBINA;01/10/2025;0000000;Descartado;Projeto Vazio/Inválido
nan;nan;nan;nan;nan;nan;nan;nan;nan;nan;nan;nan;nan;nan;nan;nan;nan;nan;nan;nan;nan;nan;nan;nan;nan;nan;nan;nan;nan;nan;nan;nan;nan;nan;nan;nan;nan;nan;nan;nan;nan;nan;nan;nan;JACOBINA;01/10/2025;0000000;Descartado;Projeto Vazio/Inválido
nan;nan;nan;nan;nan;nan;nan;nan;nan;nan;nan;nan;nan;nan;nan;nan;nan;nan;nan;nan;nan;nan;nan;nan;nan;nan;nan;nan;nan;nan;nan;nan;nan;nan;nan;nan;nan;nan;nan;nan;nan;nan;nan;nan;JACOBINA;01/10/2025;0000000;Descartado;Projeto Vazio/Inválido
nan;nan;nan;nan;nan;nan;nan;nan;nan;nan;nan;nan;nan;nan;nan;nan;nan;nan;nan;nan;nan;nan;nan;nan;nan;nan;nan;nan;nan;nan;nan;nan;nan;nan;nan;nan;nan;nan;nan;nan;nan;nan;nan;nan;JACOBINA;01/10/2025;0000000;Descartado;Projeto Vazio/Inválido
;nan;nan;nan;nan;nan;nan;nan;nan;nan;nan;nan;nan;nan;nan;nan;nan;nan;nan;nan;nan;nan;nan;nan;nan;nan;nan;nan;nan;nan;nan;nan;nan;nan;nan;nan;nan;nan;nan;nan;nan;nan;nan;nan;JACOBINA;01/10/2025;0000000;Descartado;Projeto Vazio/Inválido
